party_id	list_order	candidate_name	official_name_kk	official_summary_kk	official_source_url	photo_source_url	match_score	match_margin	match_status	photo_status	r2_key	public_photo_url	asset_rights_note	collected_at	portrait_crop_status	portrait_r2_key	portrait_public_url	portrait_crop_box
ak_zhol	1	Абильдин Ермек Толеуулы	ӘБІЛДИН Ермек Төлеуұлы	«Ақ жол» Демократиялық партиясы Қарағанды облыстық филиалының төрағасы, Қарағанды облыстық мәслихатының VIII шақырылым депутаты;	https://akzhol.kz/kk/blog/a-zhol-demokratiial-partiias-sajlauald-badarlamas-men-rltaj-deputattna-kandidattar-tzmn-bektt	https://akzhol.kz/uploads/17832474533.jpg	1.000	0.496	MATCHED	CROPPED_AND_UPLOADED	candidates/ak_zhol/1.jpg	https://assets.open-quryltai.org/candidates/ak_zhol/1.jpg	Official Aq Jol party source; no separate image license declaration found.	2026-08-16T23:11:22Z	REPLACED_ORIGINAL			x=636,y=87,width=316,height=350
ak_zhol	2	Арыстанова Айгерим Атыгаевна	АРЫСТАНОВА Айгерім Атығайқызы	«Ақ жол» Демократиялық партиясының жастар кәсіпкерлігін қолдау қызметінің басшысы;	https://akzhol.kz/kk/blog/a-zhol-demokratiial-partiias-sajlauald-badarlamas-men-rltaj-deputattna-kandidattar-tzmn-bektt	https://akzhol.kz/uploads/17832474231.jpg	0.929	0.409	MATCHED	CROPPED_AND_UPLOADED	candidates/ak_zhol/2.jpg	https://assets.open-quryltai.org/candidates/ak_zhol/2.jpg	Official Aq Jol party source; no separate image license declaration found.	2026-08-16T23:11:19Z	REPLACED_ORIGINAL			x=636,y=87,width=316,height=350
ak_zhol	3	Ахметжаев Даурен Хайруллаевич	АХМЕТЖАЕВ Дәурен Хайруллаұлы	«Ақ жол» Демократиялық партиясы Жамбыл облыстық мәслихатының депутаты, «Даниял құрылыс дизайн» ЖШС директоры;	https://akzhol.kz/kk/blog/a-zhol-demokratiial-partiias-sajlauald-badarlamas-men-rltaj-deputattna-kandidattar-tzmn-bektt	https://akzhol.kz/uploads/17832474362.jpg	0.950	0.460	MATCHED	CROPPED_AND_UPLOADED	candidates/ak_zhol/3.jpg	https://assets.open-quryltai.org/candidates/ak_zhol/3.jpg	Official Aq Jol party source; no separate image license declaration found.	2026-08-16T23:11:20Z	REPLACED_ORIGINAL			x=636,y=87,width=316,height=350
ak_zhol	4	Әуес Жоламан Бейсеханұлы	ӘУЕС Жоламан Бейсеханұлы	Шу аудандық мәслихатының VIII шақырылым депутаты, кәсіпкер;	https://akzhol.kz/kk/blog/a-zhol-demokratiial-partiias-sajlauald-badarlamas-men-rltaj-deputattna-kandidattar-tzmn-bektt	https://akzhol.kz/uploads/17832474654.jpg	1.000	0.552	MATCHED	CROPPED_AND_UPLOADED	candidates/ak_zhol/4.jpg	https://assets.open-quryltai.org/candidates/ak_zhol/4.jpg	Official Aq Jol party source; no separate image license declaration found.	2026-08-16T23:11:24Z	REPLACED_ORIGINAL			x=636,y=87,width=316,height=350
ak_zhol	5	Барлыбаев Ерлан Хайланович	БАРЛЫБАЕВ Ерлан Хайланұлы	«Ақ жол» Демократиялық партиясы төрағасының орынбасары, ҚР Парламент Мәжілісінің VIII шақырылым депутаты;	https://akzhol.kz/kk/blog/a-zhol-demokratiial-partiias-sajlauald-badarlamas-men-rltaj-deputattna-kandidattar-tzmn-bektt	https://akzhol.kz/uploads/17832474775.jpg	0.940	0.372	MATCHED	CROPPED_AND_UPLOADED	candidates/ak_zhol/5.jpg	https://assets.open-quryltai.org/candidates/ak_zhol/5.jpg	Official Aq Jol party source; no separate image license declaration found.	2026-08-16T23:11:25Z	REPLACED_ORIGINAL			x=636,y=87,width=316,height=350
ak_zhol	6	Бейсенбаев Ержан Алмабекович	БЕЙСЕНБАЕВ Ержан Алмабекұлы	ҚР Парламент Мәжілісінің VIІI шақырылым депутаты;	https://akzhol.kz/kk/blog/a-zhol-demokratiial-partiias-sajlauald-badarlamas-men-rltaj-deputattna-kandidattar-tzmn-bektt	https://akzhol.kz/uploads/17832474896.jpg	0.945	0.320	MATCHED	CROPPED_AND_UPLOADED	candidates/ak_zhol/6.jpg	https://assets.open-quryltai.org/candidates/ak_zhol/6.jpg	Official Aq Jol party source; no separate image license declaration found.	2026-08-16T23:11:27Z	REPLACED_ORIGINAL			x=636,y=87,width=316,height=350
ak_zhol	7	Белшер Нұрлан Тукмағанбетұлы	БЕЛШЕР Нұрлан Түкмағанбетұлы	«Ақ жол» Демократиялық партиясы Жаңаөзен қалалық мәслихатының VIII шақырылым депутаты, «KazPetroDrilling» АҚ президенті;	https://akzhol.kz/kk/blog/a-zhol-demokratiial-partiias-sajlauald-badarlamas-men-rltaj-deputattna-kandidattar-tzmn-bektt	https://akzhol.kz/uploads/17832475567.jpg	1.000	0.545	MATCHED	CROPPED_AND_UPLOADED	candidates/ak_zhol/7.jpg	https://assets.open-quryltai.org/candidates/ak_zhol/7.jpg	Official Aq Jol party source; no separate image license declaration found.	2026-08-16T23:11:28Z	REPLACED_ORIGINAL			x=636,y=87,width=316,height=350
ak_zhol	8	Бибаев Бактыбек Сальбекович	БИБАЕВ Бақтыбек Сәлбекұлы	Атырау облысындағы Texol компаниялар тобының GR-директоры;	https://akzhol.kz/kk/blog/a-zhol-demokratiial-partiias-sajlauald-badarlamas-men-rltaj-deputattna-kandidattar-tzmn-bektt	https://akzhol.kz/uploads/17832475688.jpg	0.940	0.374	MATCHED	CROPPED_AND_UPLOADED	candidates/ak_zhol/8.jpg	https://assets.open-quryltai.org/candidates/ak_zhol/8.jpg	Official Aq Jol party source; no separate image license declaration found.	2026-08-16T23:11:30Z	REPLACED_ORIGINAL			x=636,y=87,width=316,height=350
ak_zhol	9	Бисенов Бекнур Амантаевич	БИСЕНОВ Бекнұр Амантайұлы	«Ақ жол» Демократиялық партиясы Маңғыстау облыстық мәслихатының VIІI шақырылым депутаты, «KMG EP-Catering» ЖШС Атырау филиалының директоры;	https://akzhol.kz/kk/blog/a-zhol-demokratiial-partiias-sajlauald-badarlamas-men-rltaj-deputattna-kandidattar-tzmn-bektt	https://akzhol.kz/uploads/17832475799.jpg	0.950	0.407	MATCHED	CROPPED_AND_UPLOADED	candidates/ak_zhol/9.jpg	https://assets.open-quryltai.org/candidates/ak_zhol/9.jpg	Official Aq Jol party source; no separate image license declaration found.	2026-08-16T23:11:31Z	REPLACED_ORIGINAL			x=636,y=87,width=316,height=350
ak_zhol	10	Джумагалиев Рустам Айсултанович	ЖҰМАҒАЛИЕВ Рустам Айсұлтанұлы	«Ақ жол» Демократиялық партиясы Саяси кеңесінің құқықтық жұмыс жөніндегі хатшысы	https://akzhol.kz/kk/blog/a-zhol-demokratiial-partiias-sajlauald-badarlamas-men-rltaj-deputattna-kandidattar-tzmn-bektt	https://akzhol.kz/uploads/178324778918.jpg	0.926	0.361	MATCHED	CROPPED_AND_UPLOADED	candidates/ak_zhol/10.jpg	https://assets.open-quryltai.org/candidates/ak_zhol/10.jpg	Official Aq Jol party source; no separate image license declaration found.	2026-08-16T23:11:45Z	REPLACED_ORIGINAL			x=636,y=87,width=316,height=350
ak_zhol	11	Дюсембинов Берик Салимжанович	ДҮЙСЕМБИНОВ Берік Сәлімжанұлы	«Ақ жол» Демократиялық партиясы Саяси кеңесінің мәслихаттармен жұмыс жөніндегі хатшысы;	https://akzhol.kz/kk/blog/a-zhol-demokratiial-partiias-sajlauald-badarlamas-men-rltaj-deputattna-kandidattar-tzmn-bektt	https://akzhol.kz/uploads/178324759010.jpg	0.904	0.321	MATCHED	CROPPED_AND_UPLOADED	candidates/ak_zhol/11.jpg	https://assets.open-quryltai.org/candidates/ak_zhol/11.jpg	Official Aq Jol party source; no separate image license declaration found.	2026-08-16T23:11:33Z	REPLACED_ORIGINAL			x=636,y=87,width=316,height=350
ak_zhol	12	Егинбаев Ермек Молдакулович	ЕГІНБАЕВ Ермек Молдақұлұлы	«Ақ жол» Демократиялық партиясы Жетісу облыстық филиалының төрағасы, Жетісу облыстық мәслихатының VIІI шақырылым депутаты;	https://akzhol.kz/kk/blog/a-zhol-demokratiial-partiias-sajlauald-badarlamas-men-rltaj-deputattna-kandidattar-tzmn-bektt	https://akzhol.kz/uploads/178324760111.jpg	0.950	0.387	MATCHED	CROPPED_AND_UPLOADED	candidates/ak_zhol/12.jpg	https://assets.open-quryltai.org/candidates/ak_zhol/12.jpg	Official Aq Jol party source; no separate image license declaration found.	2026-08-16T23:11:34Z	REPLACED_ORIGINAL			x=636,y=87,width=316,height=350
ak_zhol	13	Елубаева Марал Куандыковна	ЕЛУБАЕВА Марал Қуандыққызы	«П.М. Поспелов атындағы Қарағанды медицина университеті» КеАҚ Педиатрия мектебінің деканы;	https://akzhol.kz/kk/blog/a-zhol-demokratiial-partiias-sajlauald-badarlamas-men-rltaj-deputattna-kandidattar-tzmn-bektt	https://akzhol.kz/uploads/178324761212.jpg	0.945	0.417	MATCHED	CROPPED_AND_UPLOADED	candidates/ak_zhol/13.jpg	https://assets.open-quryltai.org/candidates/ak_zhol/13.jpg	Official Aq Jol party source; no separate image license declaration found.	2026-08-16T23:11:36Z	REPLACED_ORIGINAL			x=636,y=87,width=316,height=350
ak_zhol	14	Ерубаев Серик Сарсенович	ЕРУБАЕВ Серік Сәрсенұлы	«Ақ жол» Демократиялық партиясы төрағасының орынбасары, ҚР Парламент Мәжілісінің VIII шақырылым депутаты;	https://akzhol.kz/kk/blog/a-zhol-demokratiial-partiias-sajlauald-badarlamas-men-rltaj-deputattna-kandidattar-tzmn-bektt	https://akzhol.kz/uploads/178324762513.jpg	0.940	0.352	MATCHED	CROPPED_AND_UPLOADED	candidates/ak_zhol/14.jpg	https://assets.open-quryltai.org/candidates/ak_zhol/14.jpg	Official Aq Jol party source; no separate image license declaration found.	2026-08-16T23:11:38Z	REPLACED_ORIGINAL			x=636,y=87,width=316,height=350
ak_zhol	15	Еспаева Дания Мадиевна	ЕСПАЕВА Дания Мәдиқызы	«Ақ жол» Демократиялық партиясының төрағасы, ҚР Парламент Мәжілісінің VIII шақырылым Вице спикері, ҚР тарихындағы Президенттікке кандидат болған алғашқы әйел (2019 ж.);	https://akzhol.kz/kk/blog/a-zhol-demokratiial-partiias-sajlauald-badarlamas-men-rltaj-deputattna-kandidattar-tzmn-bektt	https://akzhol.kz/uploads/178324763714.jpg	0.925	0.402	MATCHED	CROPPED_AND_UPLOADED	candidates/ak_zhol/15.jpg	https://assets.open-quryltai.org/candidates/ak_zhol/15.jpg	Official Aq Jol party source; no separate image license declaration found.	2026-08-16T23:11:39Z	REPLACED_ORIGINAL			x=636,y=87,width=316,height=350
ak_zhol	16	Жалмуканова Лаззат Жумагуловна	ЖАЛМҰҚАНОВА Ләззат Жұмағұлқызы	Петропавл қалалық мәслихатының VIII шақырылым депутаты;	https://akzhol.kz/kk/blog/a-zhol-demokratiial-partiias-sajlauald-badarlamas-men-rltaj-deputattna-kandidattar-tzmn-bektt	https://akzhol.kz/uploads/178324766715.jpg	0.950	0.403	MATCHED	CROPPED_AND_UPLOADED	candidates/ak_zhol/16.jpg	https://assets.open-quryltai.org/candidates/ak_zhol/16.jpg	Official Aq Jol party source; no separate image license declaration found.	2026-08-16T23:11:41Z	REPLACED_ORIGINAL			x=636,y=87,width=316,height=350
ak_zhol	17	Жампиисов Рамазан Купесбаевич	ЖАМПИИСОВ Рамазан Көпесбайұлы	ЖШС «EcoSolutions Group» Бас директоры;	https://akzhol.kz/kk/blog/a-zhol-demokratiial-partiias-sajlauald-badarlamas-men-rltaj-deputattna-kandidattar-tzmn-bektt	https://akzhol.kz/uploads/178324810816.jpg	0.941	0.396	MATCHED	CROPPED_AND_UPLOADED	candidates/ak_zhol/17.jpg	https://assets.open-quryltai.org/candidates/ak_zhol/17.jpg	Official Aq Jol party source; no separate image license declaration found.	2026-08-16T23:11:42Z	REPLACED_ORIGINAL			x=636,y=87,width=316,height=350
ak_zhol	18	Жаукебаев Бек-Мүхаммед Мейірбекұлы	ЖАУКЕБАЕВ Бек-Мұхамед Мейірбекұлы	«Ақ жол» Демократиялық партиясы Жастар кеңесінің мүшесі, Ұлттық Жастар дебаттық лигасының негізін қалаушы;	https://akzhol.kz/kk/blog/a-zhol-demokratiial-partiias-sajlauald-badarlamas-men-rltaj-deputattna-kandidattar-tzmn-bektt	https://akzhol.kz/uploads/178324769617.jpg	0.990	0.430	MATCHED	CROPPED_AND_UPLOADED	candidates/ak_zhol/18.jpg	https://assets.open-quryltai.org/candidates/ak_zhol/18.jpg	Official Aq Jol party source; no separate image license declaration found.	2026-08-16T23:11:44Z	REPLACED_ORIGINAL			x=636,y=87,width=316,height=350
ak_zhol	19	Жутаев Махаббат Сагынбаевич	ЖҰТАЕВ Махаббат Сағынбайұлы	«Ақ жол» Демократиялық партиясы Қостанай облыстық филиалының төрағасы, Қостанай облыстық мәслихатының VIІI шақырылым депутаты;	https://akzhol.kz/kk/blog/a-zhol-demokratiial-partiias-sajlauald-badarlamas-men-rltaj-deputattna-kandidattar-tzmn-bektt	https://akzhol.kz/uploads/178324814019.jpg	0.954	0.468	MATCHED	CROPPED_AND_UPLOADED	candidates/ak_zhol/19.jpg	https://assets.open-quryltai.org/candidates/ak_zhol/19.jpg	Official Aq Jol party source; no separate image license declaration found.	2026-08-16T23:11:47Z	REPLACED_ORIGINAL			x=636,y=87,width=316,height=350
ak_zhol	20	Ибатуллина Эльмира Павловна	ИБАТУЛЛИНА Эльмира	«First Legal Consulting Group» ЖШС басқарушы серіктесі;	https://akzhol.kz/kk/blog/a-zhol-demokratiial-partiias-sajlauald-badarlamas-men-rltaj-deputattna-kandidattar-tzmn-bektt	https://akzhol.kz/uploads/178324815520.jpg	1.000	0.440	MATCHED	CROPPED_AND_UPLOADED	candidates/ak_zhol/20.jpg	https://assets.open-quryltai.org/candidates/ak_zhol/20.jpg	Official Aq Jol party source; no separate image license declaration found.	2026-08-16T23:11:49Z	REPLACED_ORIGINAL			x=636,y=87,width=316,height=350
ak_zhol	21	Иса Қазыбек Жарылқасынұлы	ИСА Қазыбек Жарылқасынұлы	«Ақ жол» Демократиялық партиясы төрағасының орынбасары, ҚР Парламент Мәжілісінің VIII шақырылым депутаты;	https://akzhol.kz/kk/blog/a-zhol-demokratiial-partiias-sajlauald-badarlamas-men-rltaj-deputattna-kandidattar-tzmn-bektt	https://akzhol.kz/uploads/178324818021.jpg	1.000	0.489	MATCHED	CROPPED_AND_UPLOADED	candidates/ak_zhol/21.jpg	https://assets.open-quryltai.org/candidates/ak_zhol/21.jpg	Official Aq Jol party source; no separate image license declaration found.	2026-08-16T23:11:50Z	REPLACED_ORIGINAL			x=636,y=87,width=316,height=350
ak_zhol	22	Исин Алибек Ерликович	ИСИН Әлібек Ерлікұлы	«Ақ жол» Демократиялық партиясы Ұлытау облыстық филиалының төрағасы, «SAMADI» ЖШС бас директоры;	https://akzhol.kz/kk/blog/a-zhol-demokratiial-partiias-sajlauald-badarlamas-men-rltaj-deputattna-kandidattar-tzmn-bektt	https://akzhol.kz/uploads/178324820022.jpg	0.933	0.353	MATCHED	CROPPED_AND_UPLOADED	candidates/ak_zhol/22.jpg	https://assets.open-quryltai.org/candidates/ak_zhol/22.jpg	Official Aq Jol party source; no separate image license declaration found.	2026-08-16T23:11:52Z	REPLACED_ORIGINAL			x=636,y=87,width=316,height=350
ak_zhol	23	Кабдыгалиева Мейрамгуль Кенжелагиевна	ҚАБДЫҒАЛИЕВА Мейрамгүл Кенжеғалиқызы	Астана қалалық мәслихатының VIІI шақырылым депутаты, «Қазақстан магнезит бұйымдары зауыты» ЖШС-нің басқарушы директоры;	https://akzhol.kz/kk/blog/a-zhol-demokratiial-partiias-sajlauald-badarlamas-men-rltaj-deputattna-kandidattar-tzmn-bektt	https://akzhol.kz/uploads/178324823323.jpg	0.936	0.407	MATCHED	CROPPED_AND_UPLOADED	candidates/ak_zhol/23.jpg	https://assets.open-quryltai.org/candidates/ak_zhol/23.jpg	Official Aq Jol party source; no separate image license declaration found.	2026-08-16T23:11:53Z	REPLACED_ORIGINAL			x=636,y=87,width=316,height=350
ak_zhol	24	Кайркан Азат Серикжанулы	ҚАЙРКАН Азат Серікжанұлы	«Best Product Pavlodar» ЖШС байқау кеңесінің төрағасы;	https://akzhol.kz/kk/blog/a-zhol-demokratiial-partiias-sajlauald-badarlamas-men-rltaj-deputattna-kandidattar-tzmn-bektt	https://akzhol.kz/uploads/178324828224.jpg	1.000	0.444	MATCHED	CROPPED_AND_UPLOADED	candidates/ak_zhol/24.jpg	https://assets.open-quryltai.org/candidates/ak_zhol/24.jpg	Official Aq Jol party source; no separate image license declaration found.	2026-08-16T23:11:55Z	REPLACED_ORIGINAL			x=636,y=87,width=316,height=350
ak_zhol	25	Калинкин Анатолий Дмитриевич	КАЛИНКИН Анатолий Дмитриевич	Депутат VIII созыва городского маслихата г. Семей, Директор, соучредитель ТОО «Discovery Coffee Semey»;	https://akzhol.kz/kk/blog/a-zhol-demokratiial-partiias-sajlauald-badarlamas-men-rltaj-deputattna-kandidattar-tzmn-bektt	https://akzhol.kz/uploads/178324832025.jpg	1.000	0.462	MATCHED	CROPPED_AND_UPLOADED	candidates/ak_zhol/25.jpg	https://assets.open-quryltai.org/candidates/ak_zhol/25.jpg	Official Aq Jol party source; no separate image license declaration found.	2026-08-16T23:11:56Z	REPLACED_ORIGINAL			x=636,y=87,width=316,height=350
ak_zhol	26	Кинсфатер Артур Сергеевич	КИНСФАТЕР Артур Сергеевич	Заместитель председателя Карагандинского областного филиала партии «Ак жол»;	https://akzhol.kz/kk/blog/a-zhol-demokratiial-partiias-sajlauald-badarlamas-men-rltaj-deputattna-kandidattar-tzmn-bektt	https://akzhol.kz/uploads/178324861526.jpg	1.000	0.533	MATCHED	CROPPED_AND_UPLOADED	candidates/ak_zhol/26.jpg	https://assets.open-quryltai.org/candidates/ak_zhol/26.jpg	Official Aq Jol party source; no separate image license declaration found.	2026-08-16T23:11:58Z	REPLACED_ORIGINAL			x=636,y=87,width=316,height=350
ak_zhol	27	Кинцель Евгений Юрьевич	КИНЦЕЛЬ Евгений Юрьевич	Председатель Партийной комиссии Демократической партии «Ак жол», Депутат Северо-Казахстанского областного маслихата VIII созыва;	https://akzhol.kz/kk/blog/a-zhol-demokratiial-partiias-sajlauald-badarlamas-men-rltaj-deputattna-kandidattar-tzmn-bektt	https://akzhol.kz/uploads/178324863327.jpg	1.000	0.461	MATCHED	CROPPED_AND_UPLOADED	candidates/ak_zhol/27.jpg	https://assets.open-quryltai.org/candidates/ak_zhol/27.jpg	Official Aq Jol party source; no separate image license declaration found.	2026-08-16T23:11:59Z	REPLACED_ORIGINAL			x=636,y=87,width=316,height=350
ak_zhol	28	Кожахметов Асылхан Тулеббергенович	ҚОЖАХМЕТОВ Асылхан Төлепбергенұлы	«Ақ жол» Демократиялық партиясы Саяси кеңесінің хатшысы, «Ақ жол» Демократиялық партиясы Орталық аппаратының жетекшісі;	https://akzhol.kz/kk/blog/a-zhol-demokratiial-partiias-sajlauald-badarlamas-men-rltaj-deputattna-kandidattar-tzmn-bektt	https://akzhol.kz/uploads/178324870728.jpg	0.940	0.341	MATCHED	CROPPED_AND_UPLOADED	candidates/ak_zhol/28.jpg	https://assets.open-quryltai.org/candidates/ak_zhol/28.jpg	Official Aq Jol party source; no separate image license declaration found.	2026-08-16T23:12:01Z	REPLACED_ORIGINAL			x=636,y=87,width=316,height=350
ak_zhol	29	Козыбаков Улан Ермекович	ҚОЗЫБАҚОВ Ұлан Ермекұлы	«Ақ жол» Демократиялық партиясы Ақтөбе облыстық филиалының төрағасы, «Astana Energo Hub» ЖШС директорының орынбасары;	https://akzhol.kz/kk/blog/a-zhol-demokratiial-partiias-sajlauald-badarlamas-men-rltaj-deputattna-kandidattar-tzmn-bektt	https://akzhol.kz/uploads/178324872930.jpg	0.933	0.402	MATCHED	CROPPED_AND_UPLOADED	candidates/ak_zhol/29.jpg	https://assets.open-quryltai.org/candidates/ak_zhol/29.jpg	Official Aq Jol party source; no separate image license declaration found.	2026-08-16T23:12:04Z	REPLACED_ORIGINAL			x=636,y=87,width=316,height=350
ak_zhol	30	Корганбаев Батыржан	ҚОРҒАНБАЕВ Батыржан	Маңғыстау облыстық мәслихатының VIII шақырылым депутаты, «KMG – SECURITY» ЖШС Жаңаөзен қаласындағы филиалының директоры;	https://akzhol.kz/kk/blog/a-zhol-demokratiial-partiias-sajlauald-badarlamas-men-rltaj-deputattna-kandidattar-tzmn-bektt	https://akzhol.kz/uploads/178324871829.jpg	1.000	0.375	MATCHED	CROPPED_AND_UPLOADED	candidates/ak_zhol/30.jpg	https://assets.open-quryltai.org/candidates/ak_zhol/30.jpg	Official Aq Jol party source; no separate image license declaration found.	2026-08-16T23:12:03Z	REPLACED_ORIGINAL			x=636,y=87,width=316,height=350
ak_zhol	31	Ли Юрий Виссарионович	ЛИ Юрий Виссарионович	Член Астанинского городского совета Демократической партии «Ак жол», Председатель фонда «Финансовая культура»;	https://akzhol.kz/kk/blog/a-zhol-demokratiial-partiias-sajlauald-badarlamas-men-rltaj-deputattna-kandidattar-tzmn-bektt	https://akzhol.kz/uploads/178324874031.jpg	1.000	0.532	MATCHED	CROPPED_AND_UPLOADED	candidates/ak_zhol/31.jpg	https://assets.open-quryltai.org/candidates/ak_zhol/31.jpg	Official Aq Jol party source; no separate image license declaration found.	2026-08-16T23:12:06Z	REPLACED_ORIGINAL			x=636,y=87,width=316,height=350
ak_zhol	32	Линник Андрей Григорьевич	ЛИННИК Андрей Григорьевич	Директор ТОО «Aspara Munay», Президент Федерации велоспорта г. Алматы;	https://akzhol.kz/kk/blog/a-zhol-demokratiial-partiias-sajlauald-badarlamas-men-rltaj-deputattna-kandidattar-tzmn-bektt	https://akzhol.kz/uploads/178324875132.jpg	1.000	0.462	MATCHED	CROPPED_AND_UPLOADED	candidates/ak_zhol/32.jpg	https://assets.open-quryltai.org/candidates/ak_zhol/32.jpg	Official Aq Jol party source; no separate image license declaration found.	2026-08-16T23:12:08Z	REPLACED_ORIGINAL			x=636,y=87,width=316,height=350
ak_zhol	33	Логутов Константин Николаевич	ЛОГУТОВ Константин Николаевич	Учредитель ТОО «Terra Invest Group», Генеральный Директор ТОО «Bilboards Empire»;	https://akzhol.kz/kk/blog/a-zhol-demokratiial-partiias-sajlauald-badarlamas-men-rltaj-deputattna-kandidattar-tzmn-bektt	https://akzhol.kz/uploads/178324876433.jpg	1.000	0.561	MATCHED	CROPPED_AND_UPLOADED	candidates/ak_zhol/33.jpg	https://assets.open-quryltai.org/candidates/ak_zhol/33.jpg	Official Aq Jol party source; no separate image license declaration found.	2026-08-16T23:12:09Z	REPLACED_ORIGINAL			x=636,y=87,width=316,height=350
ak_zhol	34	Малимов Бакдаулет Алиакбарович	МӘЛІМОВ Бақдәулет Әлиақбарұлы	«Ақ жол» Демократиялық партиясы Шымкент қалалық кеңесінің мүшесі, «SMART-Energy» ЖШС директоры;	https://akzhol.kz/kk/blog/a-zhol-demokratiial-partiias-sajlauald-badarlamas-men-rltaj-deputattna-kandidattar-tzmn-bektt	https://akzhol.kz/uploads/178324877734.jpg	0.950	0.419	MATCHED	CROPPED_AND_UPLOADED	candidates/ak_zhol/34.jpg	https://assets.open-quryltai.org/candidates/ak_zhol/34.jpg	Official Aq Jol party source; no separate image license declaration found.	2026-08-16T23:12:11Z	REPLACED_ORIGINAL			x=636,y=87,width=316,height=350
ak_zhol	35	Мендыханов Алим Болатулы	МЕНДЫХАНОВ Әлім Болатұлы	«Encos Group» ЖШС бас директоры;	https://akzhol.kz/kk/blog/a-zhol-demokratiial-partiias-sajlauald-badarlamas-men-rltaj-deputattna-kandidattar-tzmn-bektt	https://akzhol.kz/uploads/178324879035.jpg	1.000	0.508	MATCHED	CROPPED_AND_UPLOADED	candidates/ak_zhol/35.jpg	https://assets.open-quryltai.org/candidates/ak_zhol/35.jpg	Official Aq Jol party source; no separate image license declaration found.	2026-08-16T23:12:12Z	REPLACED_ORIGINAL			x=636,y=87,width=316,height=350
ak_zhol	36	Мергалиев Аскар Серикович	МЕРҒАЛИЕВ Асқар Серікұлы	«Ақ жол» Демократиялық партиясы Батыс Қазақстан облыстық кеңесінің мүшесі, «УРАЛПРОМЭНЕРГО» ЖШС директоры;	https://akzhol.kz/kk/blog/a-zhol-demokratiial-partiias-sajlauald-badarlamas-men-rltaj-deputattna-kandidattar-tzmn-bektt	https://akzhol.kz/uploads/178324881536.jpg	0.933	0.334	MATCHED	CROPPED_AND_UPLOADED	candidates/ak_zhol/36.jpg	https://assets.open-quryltai.org/candidates/ak_zhol/36.jpg	Official Aq Jol party source; no separate image license declaration found.	2026-08-16T23:12:14Z	REPLACED_ORIGINAL			x=636,y=87,width=316,height=350
ak_zhol	37	Микрюков Виктор Николаевич	МИКРЮКОВ Виктор Николаевич	Член Астанинского городского совета Демократической партии «Ак жол», Президент ОЮЛ «Ассоциация Застройщиков Казахстана»;	https://akzhol.kz/kk/blog/a-zhol-demokratiial-partiias-sajlauald-badarlamas-men-rltaj-deputattna-kandidattar-tzmn-bektt	https://akzhol.kz/uploads/178324886237.jpg	1.000	0.491	MATCHED	CROPPED_AND_UPLOADED	candidates/ak_zhol/37.jpg	https://assets.open-quryltai.org/candidates/ak_zhol/37.jpg	Official Aq Jol party source; no separate image license declaration found.	2026-08-16T23:12:15Z	REPLACED_ORIGINAL			x=636,y=87,width=316,height=350
ak_zhol	38	Мусапарбеков Канат Жантуякович	МҰСАПАРБЕКОВ Қанат Жантұяқұлы	Экологиялық реттеу және бақылау комитетінің Павлодар облыстық Экология департаментінің басшысы;	https://akzhol.kz/kk/blog/a-zhol-demokratiial-partiias-sajlauald-badarlamas-men-rltaj-deputattna-kandidattar-tzmn-bektt	https://akzhol.kz/uploads/178324887338.jpg	0.954	0.453	MATCHED	CROPPED_AND_UPLOADED	candidates/ak_zhol/38.jpg	https://assets.open-quryltai.org/candidates/ak_zhol/38.jpg	Official Aq Jol party source; no separate image license declaration found.	2026-08-16T23:12:17Z	REPLACED_ORIGINAL			x=636,y=87,width=316,height=350
ak_zhol	39	Найзакулов Бауыржан Онланбекулы	НАЙЗАҚҰЛОВ Бауыржан Онланбекұлы	Тараз қалалық мәслихатының VIII шақырылым депутаты, «Тараз былғары зауыты» ЖШС директоры;	https://akzhol.kz/kk/blog/a-zhol-demokratiial-partiias-sajlauald-badarlamas-men-rltaj-deputattna-kandidattar-tzmn-bektt	https://akzhol.kz/uploads/178324888539.jpg	1.000	0.418	MATCHED	CROPPED_AND_UPLOADED	candidates/ak_zhol/39.jpg	https://assets.open-quryltai.org/candidates/ak_zhol/39.jpg	Official Aq Jol party source; no separate image license declaration found.	2026-08-16T23:12:18Z	REPLACED_ORIGINAL			x=636,y=87,width=316,height=350
ak_zhol	40	Нуралдинов Олжас Ельтайулы	НҰРАЛДИНОВ Олжас Елтайұлы	ҚР Парламент Мәжілісінің VIII шақырылым депутаты;	https://akzhol.kz/kk/blog/a-zhol-demokratiial-partiias-sajlauald-badarlamas-men-rltaj-deputattna-kandidattar-tzmn-bektt	https://akzhol.kz/uploads/178324890140.jpg	1.000	0.496	MATCHED	CROPPED_AND_UPLOADED	candidates/ak_zhol/40.jpg	https://assets.open-quryltai.org/candidates/ak_zhol/40.jpg	Official Aq Jol party source; no separate image license declaration found.	2026-08-16T23:12:20Z	REPLACED_ORIGINAL			x=636,y=87,width=316,height=350
ak_zhol	41	Өмірғали Ерлік Қайдарұлы	ӨМІРҒАЛИ Ерлік Қайдарұлы	ҚР Парламент Мәжілісінің VII шақырылым депутаты;	https://akzhol.kz/kk/blog/a-zhol-demokratiial-partiias-sajlauald-badarlamas-men-rltaj-deputattna-kandidattar-tzmn-bektt	https://akzhol.kz/uploads/178324916341.jpg	1.000	0.520	MATCHED	CROPPED_AND_UPLOADED	candidates/ak_zhol/41.jpg	https://assets.open-quryltai.org/candidates/ak_zhol/41.jpg	Official Aq Jol party source; no separate image license declaration found.	2026-08-16T23:12:21Z	REPLACED_ORIGINAL			x=636,y=87,width=316,height=350
ak_zhol	42	Перуашев Азат Турлыбекулы	ПЕРУАШЕВ Азат Тұрлыбекұлы	ҚР Парламент Мәжілісінің VIІI шақырылым депутаты;	https://akzhol.kz/kk/blog/a-zhol-demokratiial-partiias-sajlauald-badarlamas-men-rltaj-deputattna-kandidattar-tzmn-bektt	https://akzhol.kz/uploads/178324915042.jpg	1.000	0.455	MATCHED	CROPPED_AND_UPLOADED	candidates/ak_zhol/42.jpg	https://assets.open-quryltai.org/candidates/ak_zhol/42.jpg	Official Aq Jol party source; no separate image license declaration found.	2026-08-16T23:12:23Z	REPLACED_ORIGINAL			x=636,y=87,width=316,height=350
ak_zhol	43	Ракишева Алия Булатовна	РАКИШЕВА Әлия Болатқызы	«Отбасы банкі» АҚ Есеп жөніндегі Басқарма бастығы;	https://akzhol.kz/kk/blog/a-zhol-demokratiial-partiias-sajlauald-badarlamas-men-rltaj-deputattna-kandidattar-tzmn-bektt	https://akzhol.kz/uploads/178324913743.jpg	0.917	0.372	MATCHED	CROPPED_AND_UPLOADED	candidates/ak_zhol/43.jpg	https://assets.open-quryltai.org/candidates/ak_zhol/43.jpg	Official Aq Jol party source; no separate image license declaration found.	2026-08-16T23:12:25Z	REPLACED_ORIGINAL			x=636,y=87,width=316,height=350
ak_zhol	44	Раманкулов Максат Базаралыевич	РАМАНҚҰЛОВ Мақсат Базаралыұлы	«Түркістан» корпоративтік қорының директоры, Түркістан облысы әкімінің инвестициялар жөніндегі кеңесшісі;	https://akzhol.kz/kk/blog/a-zhol-demokratiial-partiias-sajlauald-badarlamas-men-rltaj-deputattna-kandidattar-tzmn-bektt	https://akzhol.kz/uploads/178324912444.jpg	0.950	0.408	MATCHED	CROPPED_AND_UPLOADED	candidates/ak_zhol/44.jpg	https://assets.open-quryltai.org/candidates/ak_zhol/44.jpg	Official Aq Jol party source; no separate image license declaration found.	2026-08-16T23:12:26Z	REPLACED_ORIGINAL			x=636,y=87,width=316,height=350
ak_zhol	45	Сағымбекұлы Абзалбек	САҒЫМБЕКҰЛЫ Абзалбек	«Ақ жол» Демократиялық партиясы Алматы облыстық филиалы төрағасының орынбасары, «Гаухар-Тас 07» ЖШС директоры;	https://akzhol.kz/kk/blog/a-zhol-demokratiial-partiias-sajlauald-badarlamas-men-rltaj-deputattna-kandidattar-tzmn-bektt	https://akzhol.kz/uploads/178324911345.jpg	1.000	0.399	MATCHED	CROPPED_AND_UPLOADED	candidates/ak_zhol/45.jpg	https://assets.open-quryltai.org/candidates/ak_zhol/45.jpg	Official Aq Jol party source; no separate image license declaration found.	2026-08-16T23:12:28Z	REPLACED_ORIGINAL			x=636,y=87,width=316,height=350
ak_zhol	46	Салыкбаев Абзал Мырзаханович	САЛЫҚБАЕВ Абзал Мырзаханұлы	«Ақ жол» Демократиялық партиясы Түркістан облыстық филиалының төрағасы;	https://akzhol.kz/kk/blog/a-zhol-demokratiial-partiias-sajlauald-badarlamas-men-rltaj-deputattna-kandidattar-tzmn-bektt	https://akzhol.kz/uploads/178324909846.jpg	0.950	0.349	MATCHED	CROPPED_AND_UPLOADED	candidates/ak_zhol/46.jpg	https://assets.open-quryltai.org/candidates/ak_zhol/46.jpg	Official Aq Jol party source; no separate image license declaration found.	2026-08-16T23:12:29Z	REPLACED_ORIGINAL			x=636,y=87,width=316,height=350
ak_zhol	47	Сартбаев Сакен Сатвалдиевич	САРТБАЕВ Сәкен Сатвалдыұлы	«Ақ жол» Демократиялық партиясы Алматы қалалық филиалы кеңесінің мүшесі, «ГазТерминал» ЖШС бас директорының орынбасары;	https://akzhol.kz/kk/blog/a-zhol-demokratiial-partiias-sajlauald-badarlamas-men-rltaj-deputattna-kandidattar-tzmn-bektt	https://akzhol.kz/uploads/178324908547.jpg	0.938	0.396	MATCHED	CROPPED_AND_UPLOADED	candidates/ak_zhol/47.jpg	https://assets.open-quryltai.org/candidates/ak_zhol/47.jpg	Official Aq Jol party source; no separate image license declaration found.	2026-08-16T23:12:31Z	REPLACED_ORIGINAL			x=636,y=87,width=316,height=350
ak_zhol	48	Сергазинова Александра Кабдуллаевна	СЕРҒАЗИНОВА Александра Қабдоллақызы	Қостанай облыстық мәслихатының VIII шақырылым депутаты, «Наш Костанай» газеті» ЖШС директорының орынбасары;	https://akzhol.kz/kk/blog/a-zhol-demokratiial-partiias-sajlauald-badarlamas-men-rltaj-deputattna-kandidattar-tzmn-bektt	https://akzhol.kz/uploads/178324907548.jpg	0.938	0.382	MATCHED	CROPPED_AND_UPLOADED	candidates/ak_zhol/48.jpg	https://assets.open-quryltai.org/candidates/ak_zhol/48.jpg	Official Aq Jol party source; no separate image license declaration found.	2026-08-16T23:12:33Z	REPLACED_ORIGINAL			x=636,y=87,width=316,height=350
ak_zhol	49	Смагулов Аскар Сайлаубекович	СМАҒҰЛОВ Асқар Сайлаубекұлы	«Ақ жол» Демократиялық партиясы Астана қалалық филиалының төрағасы, Астана қаласы мәслихатының VIII шақырылым депутаты және тұрақты комиссияның төрағасы;	https://akzhol.kz/kk/blog/a-zhol-demokratiial-partiias-sajlauald-badarlamas-men-rltaj-deputattna-kandidattar-tzmn-bektt	https://akzhol.kz/uploads/178324906149.jpg	0.954	0.312	MATCHED	CROPPED_AND_UPLOADED	candidates/ak_zhol/49.jpg	https://assets.open-quryltai.org/candidates/ak_zhol/49.jpg	Official Aq Jol party source; no separate image license declaration found.	2026-08-16T23:12:34Z	REPLACED_ORIGINAL			x=636,y=87,width=316,height=350
ak_zhol	50	Смагулов Рустем Сагадатович	СМАҒҰЛОВ Рүстем Сағадатұлы	«Ақ жол» Демократиялық партиясы Павлодар облыстық филиалының төрағасы, «StroygroupPVL» ЖШС директоры;	https://akzhol.kz/kk/blog/a-zhol-demokratiial-partiias-sajlauald-badarlamas-men-rltaj-deputattna-kandidattar-tzmn-bektt	https://akzhol.kz/uploads/178324904550.jpg	0.945	0.291	MATCHED	CROPPED_AND_UPLOADED	candidates/ak_zhol/50.jpg	https://assets.open-quryltai.org/candidates/ak_zhol/50.jpg	Official Aq Jol party source; no separate image license declaration found.	2026-08-16T23:12:36Z	REPLACED_ORIGINAL			x=636,y=87,width=316,height=350
ak_zhol	51	Сыздыков Саят Толегенулы	СЫЗДЫҚОВ Саят Төлегенұлы	«Ақ жол» Демократиялық партиясы Ақмола облыстық филиалының төрағасы, Ақмола облыстық мәслихатының VIІI шақырылым депутаты;	https://akzhol.kz/kk/blog/a-zhol-demokratiial-partiias-sajlauald-badarlamas-men-rltaj-deputattna-kandidattar-tzmn-bektt	https://akzhol.kz/uploads/178324895951.jpg	1.000	0.541	MATCHED	CROPPED_AND_UPLOADED	candidates/ak_zhol/51.jpg	https://assets.open-quryltai.org/candidates/ak_zhol/51.jpg	Official Aq Jol party source; no separate image license declaration found.	2026-08-16T23:12:37Z	REPLACED_ORIGINAL			x=636,y=87,width=316,height=350
ak_zhol	52	Тастекей Дулат Тұрсынұлы	ТАСТЕКЕЙ Дулат Тұрсынұлы	Алматы қаласы мәслихатының VIII шақырылым депутаты, «TAS GROUP» компаниясының негізін қалаушысы;	https://akzhol.kz/kk/blog/a-zhol-demokratiial-partiias-sajlauald-badarlamas-men-rltaj-deputattna-kandidattar-tzmn-bektt	https://akzhol.kz/uploads/1785924598WhatsApp%20Image%202026-08-05%20at%2015.08.44.jpeg	1.000	0.568	MATCHED	CROPPED_AND_UPLOADED	candidates/ak_zhol/52.jpg	https://assets.open-quryltai.org/candidates/ak_zhol/52.jpg	Official Aq Jol party source; no separate image license declaration found.	2026-08-16T23:12:39Z	REPLACED_ORIGINAL			x=636,y=87,width=316,height=350
ak_zhol	53	Тлеужанов Ержан Хамитович	ТІЛЕУЖАНОВ Ержан Хамитұлы	Абай облысы табиғи ресурстар және табиғат пайдалануды реттеу басқармасы басшысының орынбасары;	https://akzhol.kz/kk/blog/a-zhol-demokratiial-partiias-sajlauald-badarlamas-men-rltaj-deputattna-kandidattar-tzmn-bektt	https://akzhol.kz/uploads/178324838453.jpg	0.907	0.259	MATCHED	CROPPED_AND_UPLOADED	candidates/ak_zhol/53.jpg	https://assets.open-quryltai.org/candidates/ak_zhol/53.jpg	Official Aq Jol party source; no separate image license declaration found.	2026-08-16T23:12:40Z	REPLACED_ORIGINAL			x=636,y=87,width=316,height=350
ak_zhol	54	Тулебаев Исламбек Насруллаевич	ТҮЛЕБАЕВ Исламбек Насруллаұлы	«Ақ жол» Демократиялық партиясы Шымкент қалалық кеңесінің мүшесі, Шымкент қалалық мәслихатының тұрақты комиссия төрағасы;	https://akzhol.kz/kk/blog/a-zhol-demokratiial-partiias-sajlauald-badarlamas-men-rltaj-deputattna-kandidattar-tzmn-bektt	https://akzhol.kz/uploads/178324841555.jpg	0.950	0.404	MATCHED	CROPPED_AND_UPLOADED	candidates/ak_zhol/54.jpg	https://assets.open-quryltai.org/candidates/ak_zhol/54.jpg	Official Aq Jol party source; no separate image license declaration found.	2026-08-16T23:12:44Z	REPLACED_ORIGINAL			x=636,y=87,width=316,height=350
ak_zhol	55	Тулегенова Акманат Муратовна	ТӨЛЕГЕНОВА Ақманат Мұратқызы	«Арал Газ» ЖШС директорының орынбасары, Қызылорда қалалық мәслихатының депутаты;	https://akzhol.kz/kk/blog/a-zhol-demokratiial-partiias-sajlauald-badarlamas-men-rltaj-deputattna-kandidattar-tzmn-bektt	https://akzhol.kz/uploads/1783932882WhatsApp%20Image%202026-07-13%20at%2013.53.31.jpeg	0.878	0.359	MATCHED	CROPPED_AND_UPLOADED	candidates/ak_zhol/55.jpg	https://assets.open-quryltai.org/candidates/ak_zhol/55.jpg	Official Aq Jol party source; no separate image license declaration found.	2026-08-16T23:12:42Z	REPLACED_ORIGINAL			x=636,y=87,width=316,height=350
ak_zhol	56	Уткин Сергей Геннадьевич	УТКИН Сергей Геннадьевич	Член Алматинского городского совета Демократической партии «Ак жол», адвокат;	https://akzhol.kz/kk/blog/a-zhol-demokratiial-partiias-sajlauald-badarlamas-men-rltaj-deputattna-kandidattar-tzmn-bektt	https://akzhol.kz/uploads/178324842856.jpg	1.000	0.461	MATCHED	CROPPED_AND_UPLOADED	candidates/ak_zhol/56.jpg	https://assets.open-quryltai.org/candidates/ak_zhol/56.jpg	Official Aq Jol party source; no separate image license declaration found.	2026-08-16T23:12:45Z	REPLACED_ORIGINAL			x=636,y=87,width=316,height=350
ak_zhol	57	Хамзин Ғани Булатұлы	ХАМЗИН Ғани Болатұлы	«Қазақмыс» Корпорациясы» ЖШС стратегия департаменті директорының орынбасары;	https://akzhol.kz/kk/blog/a-zhol-demokratiial-partiias-sajlauald-badarlamas-men-rltaj-deputattna-kandidattar-tzmn-bektt	https://akzhol.kz/uploads/178324844257.jpg	0.981	0.475	MATCHED	CROPPED_AND_UPLOADED	candidates/ak_zhol/57.jpg	https://assets.open-quryltai.org/candidates/ak_zhol/57.jpg	Official Aq Jol party source; no separate image license declaration found.	2026-08-16T23:12:47Z	REPLACED_ORIGINAL			x=636,y=87,width=316,height=350
ak_zhol	58	Хасанов Ержан Кайржанович	ХАСАНОВ Ержан Қайржанұлы	Батыс Қазақстан облыстық мәслихатының VIII шақырылым депутаты, «Мағжан» ЖК директоры;	https://akzhol.kz/kk/blog/a-zhol-demokratiial-partiias-sajlauald-badarlamas-men-rltaj-deputattna-kandidattar-tzmn-bektt	https://akzhol.kz/uploads/178324852758.jpg	0.950	0.298	MATCHED	CROPPED_AND_UPLOADED	candidates/ak_zhol/58.jpg	https://assets.open-quryltai.org/candidates/ak_zhol/58.jpg	Official Aq Jol party source; no separate image license declaration found.	2026-08-16T23:12:49Z	REPLACED_ORIGINAL			x=636,y=87,width=316,height=350
ak_zhol	59	Шагимолдин Ержан Омирканович	ШАҒИМОЛДИН Ержан Өмірханұлы	Астана қаласындағы физика-математика бағытындағы Назарбаев Зияткерлік мектебінің тарих пәнінің мұғалімі;	https://akzhol.kz/kk/blog/a-zhol-demokratiial-partiias-sajlauald-badarlamas-men-rltaj-deputattna-kandidattar-tzmn-bektt	https://akzhol.kz/uploads/178324854959.jpg	0.932	0.383	MATCHED	CROPPED_AND_UPLOADED	candidates/ak_zhol/59.jpg	https://assets.open-quryltai.org/candidates/ak_zhol/59.jpg	Official Aq Jol party source; no separate image license declaration found.	2026-08-16T23:12:50Z	REPLACED_ORIGINAL			x=636,y=87,width=316,height=350
ak_zhol	60	Шардинов Бахтияр Ахметжанович	ШАРДИНОВ Бахтияр Ахметжанович	«Жаркент» ЖШС бас директоры;	https://akzhol.kz/kk/blog/a-zhol-demokratiial-partiias-sajlauald-badarlamas-men-rltaj-deputattna-kandidattar-tzmn-bektt	https://akzhol.kz/uploads/178324856360.jpg	1.000	0.418	MATCHED	CROPPED_AND_UPLOADED	candidates/ak_zhol/60.jpg	https://assets.open-quryltai.org/candidates/ak_zhol/60.jpg	Official Aq Jol party source; no separate image license declaration found.	2026-08-16T23:12:52Z	REPLACED_ORIGINAL			x=636,y=87,width=316,height=350
ak_zhol	61	Шимиров Мухтар Аскарович	ШИМИРОВ Мұхтар Асқарұлы	«Ақ жол» Демократиялық партиясы Шымкент қалалық филиал төрағасы, «BIOMAK» кооперативінің директоры;	https://akzhol.kz/kk/blog/a-zhol-demokratiial-partiias-sajlauald-badarlamas-men-rltaj-deputattna-kandidattar-tzmn-bektt	https://akzhol.kz/uploads/178324848061.jpg	0.933	0.402	MATCHED	CROPPED_AND_UPLOADED	candidates/ak_zhol/61.jpg	https://assets.open-quryltai.org/candidates/ak_zhol/61.jpg	Official Aq Jol party source; no separate image license declaration found.	2026-08-16T23:12:54Z	REPLACED_ORIGINAL			x=636,y=87,width=316,height=350
ak_zhol	62	Шынасилова Мейраш	ШЫНАСИЛОВА Мейраш Қалиқызы	«Ақ жол» Демократиялық партиясы Алматы облыстық филиалының төрағасы, «Мамандандырылған тас өңдеу кәсіпорны» ЖШС директорының орынбасары;	https://akzhol.kz/kk/blog/a-zhol-demokratiial-partiias-sajlauald-badarlamas-men-rltaj-deputattna-kandidattar-tzmn-bektt	https://akzhol.kz/uploads/178324846862.jpg	1.000	0.499	MATCHED	CROPPED_AND_UPLOADED	candidates/ak_zhol/62.jpg	https://assets.open-quryltai.org/candidates/ak_zhol/62.jpg	Official Aq Jol party source; no separate image license declaration found.	2026-08-16T23:12:55Z	REPLACED_ORIGINAL			x=636,y=87,width=316,height=350
ak_zhol	63	Юсупов Ермеккалий Тулепкалиевич	ЮСУПОВ Ермекқалий Төлепқалиұлы	«Ақ жол» Демократиялық партиясы Атырау облыстық филиал төрағасы, Атырау облыстық мәслихатының VIII шақырылым депутаты.	https://akzhol.kz/kk/blog/a-zhol-demokratiial-partiias-sajlauald-badarlamas-men-rltaj-deputattna-kandidattar-tzmn-bektt	https://akzhol.kz/uploads/178324845663.jpg	0.942	0.442	MATCHED	CROPPED_AND_UPLOADED	candidates/ak_zhol/63.jpg	https://assets.open-quryltai.org/candidates/ak_zhol/63.jpg	Official Aq Jol party source; no separate image license declaration found.	2026-08-16T23:12:57Z	REPLACED_ORIGINAL			x=636,y=87,width=316,height=350
