party_id	list_order	candidate_name	official_name	profile_url	biography_kk	photo_source_url	match_score	match_margin	match_status	photo_status	r2_key	public_photo_url	asset_rights_note	collected_at	profile_url_ru	biography_ru
baitaq	3	Амиртаев Азаматхан Сайлауович	Әміртаев Азаматхан Сайлауұлы	https://baytaq.kz/kk/candidates/amirtaev-azamathan-saylouovich	Әміртаев Азаматхан Сайлауұлы 1978 жылы 21 наурызда Жамбыл облысында туған. Жоғары білімді. О. А. Жәутіков атындағы республикалық физика-математика мектеп-интернатын, Алматы энергетика және байланыс институтын «Есептеу техникасы және бағдарламалық қамтамасыз ету» мамандығы бойынша, Қазақ ұлттық аграрлық университетін «Мемлекеттік жергілікті басқару» мамандығы бойынша тәмамдаған. Мәскеу қаласындағы «Сколково» басқару мектебінде Executive MBA бағдарламасы бойынша білім алған. Еңбек жолын ақпараттық технологиялар саласында бастап, «Kaznewtech» ЖШС директоры, «Қазақстан темір жолы» ҰК» АҚ информаттандыру бағытындағы кеңесшісі қызметтерін атқарды. Сондай-ақ Қазақстандық бағдарламалық қамтамасыз ету компаниялары қауымдастығының вице-президенті және президенті болды. 2014-2016 жылдары «Инвесторлар альянсы» қоғамдық бірлестігінің президенті қызметін атқарды. 2016 жылдан бері «Байтақ-Болашақ» экологиялық қозғалысы» республикалық қоғамдық бірлестігінің президенті. Қазақстан Республикасы Президенті жанындағы Ұлттық қоғамдық сенім кеңесінің мүшесі (2019-2020), «ҚазАгро» ұлттық басқарушы холдингі» АҚ директорлар кеңесінің мүшесі (2020-2021), Қазақстан Республикасы Президенті жанындағы Ұлттық Құрылтай мүшесі. Қазақстанның «Байтақ» жасылдар партиясының негізін қалаушылардың бірі. Экологиялық саясатты дамыту, қоршаған ортаны қорғау, тұрақты даму және азаматтардың экологиялық мәдениетін арттыру бағытында жұмыс жүргізіп келеді. «Шапағат» медалімен (2020), «Құрмет» орденімен (2026) марапатталған. «Жыл меценаты» номинациясы бойынша «Халық сүйіктісі-2014» ұлттық сыйлығының иегері. Үйленген, төрт бала тәрбиелеп отыр. Қазақ, орыс және ағылшын тілдерін меңгерген.	https://baytaq.kz/_next/image?url=https%3A%2F%2Fbaytaq.kz%2Fapi%2Fmedia%2Ffile%2FWhatsApp%2520Image%25202026-07-23%2520at%252012.39.07%2520PM.jpeg&w=3840&q=75	0.940	0.277	MATCHED	UPLOADED	candidates/baitaq/3.jpg	https://assets.open-quryltai.org/candidates/baitaq/3.jpg	Official Baitaq party source; no separate license declaration found.	2026-08-16T22:54:11Z	https://baytaq.kz/ru/candidates/amirtaev-azamathan-saylouovich	Азаматхан Амиртаев Сайлауович родился 21 марта 1978 года в Жамбылской области. Имеет высшее образование. Окончил Республиканскую специализированную физико-математическую школу-интернат имени Жаутыкова, Алматинский институт энергетики и связи по специальности «Вычислительная техника и программное обеспечение», Казахский национальный аграрный университет по специальности «Государственное местное управление». Получил степень Executive MBA в Московской школе управления «Сколково». Профессиональную деятельность начал в сфере информационных технологий. Работал директором Алматинского филиала пейджинговой компании, директором ТОО «Kaznewtech», советником руководства АО «НК «Қазақстан Темір Жолы» по вопросам информатизации. Также занимал должности вице-президента и президента Казахстанской ассоциации софтверных компаний. В 2014-2016 годах — президент ОО «Альянс инвесторов». С 2016 года — президент Республиканского общественного объединения «Экологическое движение «Байтақ-Болашақ». Являлся членом Национального совета общественного доверия при Президенте Республики Казахстан, членом совета директоров АО «Национальный управляющий холдинг «КазАгро», член Национального курултая при Президенте Республики Казахстан. Один из инициаторов развития экологического движения «Байтақ». Занимается вопросами защиты окружающей среды, развития экологической политики, устойчивого развития и повышения экологической культуры общества. Награжден медалью «Шапағат» (2020) и орденом «Құрмет» (2026). Лауреат национальной премии «Народный любимец-2014» в номинации «Меценат года». Женат, воспитывает четверых детей. Владеет казахским, русским и английским языками.
baitaq	6	Әмірова Шолпан Кеңесқызы	Әмірова Шолпан Кенесқызы	https://baytaq.kz/kk/candidates/amirova-sholpan-keneskyzy		https://baytaq.kz/_next/image?url=https%3A%2F%2Fbaytaq.kz%2Fapi%2Fmedia%2Ffile%2F%25D0%2590%25D0%25BC%25D0%25B8%25D1%2580%25D0%25BE%25D0%25B2%25D0%25B0%2520%25D0%25A8%25D0%25BE%25D0%25BB%25D0%25BF%25D0%25B0%25D0%25BD.PNG&w=3840&q=75	1.000	0.458	MATCHED	UPLOADED	candidates/baitaq/6.jpg	https://assets.open-quryltai.org/candidates/baitaq/6.jpg	Official Baitaq party source; no separate license declaration found.	2026-08-16T22:54:13Z	https://baytaq.kz/ru/candidates/amirova-sholpan-keneskyzy	Амирова Шолпан Кенескызы — эксперт в сфере недропользования, землепользования, природных ресурсов и инвестиционных проектов с более чем 20-летним профессиональным опытом. Прошла путь от главного специалиста государственного органа до руководителя компаний, работающих в сфере освоения природных ресурсов и реализации инвестиционных проектов. В профессиональной деятельности специализируется на сопровождении проектов недропользования, взаимодействии с государственными органами, подготовке контрактов, лицензий, технико-экономических обоснований и инвестиционных программ. При её участии подготовлено и согласовано более 50 контрактов и лицензий на право недропользования, реализован ряд инвестиционных проектов. Трудовую деятельность начала в Департаменте природных ресурсов и регулирования природопользования Атырауской области. В дальнейшем работала в Управлении природных ресурсов Атырауской области, АО «СПК «Атырау», а также занимала руководящие должности в ТОО «Атырау Тау Кен» и «Tau Ken Geology», где отвечала за развитие бизнеса, стратегическое управление и взаимодействие с инвесторами. Имеет два высших образования — инженерно-техническое и юридическое, является сертифицированным медиатором. В 2023 году участвовала в выборах депутатов Атырауского областного маслихата от Казахстанской партии зелёных «Байтақ», подтверждая активную гражданскую позицию и стремление к развитию региона.
baitaq	2	Айбеков Елдос Айбекұлы	Айбеков Елдос Айбекұлы	https://baytaq.kz/kk/candidates/aybekov-aydos-aybekuly		https://baytaq.kz/_next/image?url=https%3A%2F%2Fbaytaq.kz%2Fapi%2Fmedia%2Ffile%2F%25D0%2590%25D0%25B9%25D0%25B1%25D0%25B5%25D0%25BA%25D0%25BE%25D0%25B2%2520%25D0%2590%25D0%25B9%25D0%25B4%25D0%25BE%25D1%2581%2520%25D0%2590%25D0%25B9%25D0%25B1%25D0%25B5%25D0%25BA%25D2%25B1%25D0%25BB%25D1%258B.PNG&w=3840&q=75	1.000	0.347	MATCHED	UPLOADED	candidates/baitaq/2.jpg	https://assets.open-quryltai.org/candidates/baitaq/2.jpg	Official Baitaq party source; no separate license declaration found.	2026-08-16T22:54:17Z	https://baytaq.kz/ru/candidates/aybekov-aydos-aybekuly	Айбеков Елдос Айбекулы — общественный деятель, управленец и эксперт в области образования, цифровых технологий и устойчивого развития. Имеет высшее образование в сфере финансов. Является основателем научно-исследовательского института и автором образовательных проектов, направленных на развитие предпринимательства и экологического мышления. В разные годы работал на государственной службе, в бизнесе и научной сфере. В настоящее время занимает должность заместителя председателя Алматинского областного филиала Казахстанской партии зелёных «Байтақ» и является членом Политического бюро партии. Координирует работу регионального филиала, активно участвует в реализации экологических и общественных инициатив. В своей профессиональной и общественной деятельности уделяет особое внимание развитию экологического образования, внедрению цифровых технологий, продвижению зелёной экономики и принципов устойчивого развития. Награждён государственной медалью Республики Казахстан «Шапағат» за вклад в общественную деятельность и развитие социальных инициатив.
baitaq	4	Амиртаев Сапар Абдраманович	Әміртаев Сапар Әбдіраманұлы	https://baytaq.kz/kk/candidates/amirtaev-sapar-abdramanovich		https://baytaq.kz/_next/image?url=https%3A%2F%2Fbaytaq.kz%2Fapi%2Fmedia%2Ffile%2F%25D0%25A1%25D0%25B0%25D0%25BF%25D0%25B0%25D1%2580.jpeg&w=3840&q=75	0.946	0.258	MATCHED	UPLOADED	candidates/baitaq/4.jpg	https://assets.open-quryltai.org/candidates/baitaq/4.jpg	Official Baitaq party source; no separate license declaration found.	2026-08-16T22:54:20Z	https://baytaq.kz/ru/candidates/amirtaev-sapar-abdramanovich	Амиртаев Сапар Абдраманович родился 19 июля 1962 года в городе Шымкент. Имеет высшее юридическое образование, в 1984 году окончил юридический факультет Казахского государственного университета имени С.М. Кирова. Трудовую деятельность начал в органах внутренних дел Республики Казахстан, где более 19 лет работал на различных следственных и руководящих должностях. Прошел путь от следователя районного отдела внутренних дел до заместителя начальника ГУВД Южно-Казахстанской области по следствию, а также занимал руководящие должности в системе МВД и Департамента финансовой полиции. С 2003 года осуществляет адвокатскую деятельность, являясь членом Южно-Казахстанской, а затем Туркестанской областной коллегии адвокатов. В 2024–2025 годах входил в состав Высшего Судебного Совета Республики Казахстан. В настоящее время продолжает профессиональную деятельность в качестве адвоката Туркестанской областной коллегии адвокатов. Обладает многолетним опытом работы в сфере уголовного права, следствия, защиты прав и законных интересов граждан, а также совершенствования судебно-правовой системы. Женат, воспитал троих детей.
baitaq	1	Абдуалиева Айгуль Кадесовна	Әбдуалиева Айгүл Қадесқызы	https://baytaq.kz/kk/candidates/abdualieva-aygul-kadesovna		https://baytaq.kz/_next/image?url=https%3A%2F%2Fbaytaq.kz%2Fapi%2Fmedia%2Ffile%2F%25D0%2590%25D0%25B9%25D0%25B3%25D1%2583%25D0%25BB%25D1%258C%2520%25D0%259A%25D0%25B0%25D0%25B4%25D0%25B5%25D1%2581%25D0%25BE%25D0%25B2%25D0%25BD%25D0%25B0.jpeg&w=3840&q=75	0.933	0.358	MATCHED	UPLOADED	candidates/baitaq/1.jpg	https://assets.open-quryltai.org/candidates/baitaq/1.jpg	Official Baitaq party source; no separate license declaration found.	2026-08-16T22:54:22Z	https://baytaq.kz/ru/candidates/abdualieva-aygul-kadesovna	Абдуалиева Айгуль Кадесовна — кандидат медицинских наук, эксперт в области экологии, общественного здравоохранения и устойчивого развития, общественный деятель. Имеет более 25 лет профессионального опыта в сфере здравоохранения, экологии, науки и государственного управления. В разные годы работала врачом и руководителем медицинских организаций. В настоящее время является президентом Международной академии экологии, председателем технического комитета по стандартизации ТК 60 «Экология» и председателем Международной ассоциации производителей экологически чистой продукции. Активно участвует в развитии экологической стандартизации, сертификации и внедрении международных практик устойчивого развития в Казахстане. В своей профессиональной и общественной деятельности уделяет особое внимание вопросам экологической культуры, охраны окружающей среды, устойчивого развития и экологического образования. Руководит крупными республиканскими и международными экологическими проектами, является автором более 20 научных и учебно-методических трудов. За вклад в развитие здравоохранения, экологической политики и общественную деятельность награждена государственными и ведомственными наградами.
baitaq	5	Аскаров Бекзат Ерикович	Асқаров Бекзат Ерікұлы	https://baytaq.kz/kk/candidates/askarov-bekzat-erikovich		https://baytaq.kz/_next/image?url=https%3A%2F%2Fbaytaq.kz%2Fapi%2Fmedia%2Ffile%2FWhatsApp%2520Image%25202026-07-22%2520at%25209.03.54%2520PM.jpeg&w=3840&q=75	0.925	0.342	MATCHED	UPLOADED	candidates/baitaq/5.jpg	https://assets.open-quryltai.org/candidates/baitaq/5.jpg	Official Baitaq party source; no separate license declaration found.	2026-08-16T22:54:24Z	https://baytaq.kz/ru/candidates/askarov-bekzat-erikovich	Аскаров Бекзат Ерикович родился 26 апреля 1988 года в городе Алматы. Имеет высшее образование. Окончил Казахский агротехнический университет имени С. Сейфуллина, Казахский национальный университет искусств, а также Академию «Кокше» по специальности «Юриспруденция». Трудовую деятельность начал в 2008 году в сфере средств массовой информации. Работал журналистом на телеканалах «Астана», «Седьмой канал» и КТК. Позже занимал должности эксперта и главного эксперта в Комитете внутреннего государственного аудита и финансового контроля Министерства финансов Республики Казахстан, где получил опыт в сфере государственного аудита, финансового контроля и государственных закупок. Является сертифицированным государственным аудитором Республики Казахстан. В разные годы работал заместителем председателя Объединения юридических лиц «Международный союз поэтов», методистом АО «Центр электронных финансов», помощником депутата Мажилиса Парламента Республики Казахстан, а также директором департамента Альянса предпринимателей «Parasat». В настоящее время занимается юридической практикой. Специализируется на вопросах государственных закупок, государственного аудита, финансового контроля, представительстве в судах по гражданским и административным делам, а также защите прав и законных интересов граждан и организаций. Сын известного казахского писателя и общественного деятеля Еріка Аскарова. Женат, воспитывает троих детей. Считает своими главными принципами служение стране, верховенство закона и защиту принципов справедливости и ответственности.
baitaq	7	Байзаханов Аслан Адильханович	Байзаханов Аслан Әділханұлы	https://baytaq.kz/kk/candidates/bayzahanov-aslan-adil-hanovich		https://baytaq.kz/_next/image?url=https%3A%2F%2Fbaytaq.kz%2Fapi%2Fmedia%2Ffile%2F%25D0%2591%25D0%25B0%25D0%25B9%25D0%25B7%25D0%25B0%25D1%2585%25D0%25B0%25D0%25BD%25D0%25BE%25D0%25B2%2520%25D0%2590%25D1%2581%25D0%25BB%25D0%25B0%25D0%25BD.JPG&w=3840&q=75	0.945	0.389	MATCHED	UPLOADED	candidates/baitaq/7.jpg	https://assets.open-quryltai.org/candidates/baitaq/7.jpg	Official Baitaq party source; no separate license declaration found.	2026-08-16T22:54:26Z	https://baytaq.kz/ru/candidates/bayzahanov-aslan-adil-hanovich	Байзаханов Аслан Адильханович — врач, эксперт в области общественного здравоохранения и общественный деятель. Более 15 лет работает в сфере здравоохранения, обладает большим опытом в области медицинского менеджмента, стратегического развития медицинских организаций и реализации государственных проектов. В разные годы работал преподавателем, руководителем медицинских организаций и структурных подразделений квазигосударственного сектора. В настоящее время является активным членом Алматинского городского филиала Казахстанской партии зелёных «Байтақ». В своей профессиональной и общественной деятельности уделяет особое внимание вопросам общественного здравоохранения, экологической безопасности, эффективного государственного управления и развития гражданского общества. За вклад в развитие отечественного здравоохранения награждён нагрудным знаком «Алтын Дәрігер» и отмечен благодарственными письмами государственных органов и Президента Республики Казахстан.
baitaq	8	Байтемиров Турсынбек Шерниязович	Байтеміров Тұрсынбек Шерниязұлы	https://baytaq.kz/kk/candidates/baytemirov-tursynbek-sherniyazovich		https://baytaq.kz/_next/image?url=https%3A%2F%2Fbaytaq.kz%2Fapi%2Fmedia%2Ffile%2F%25D0%2591%25D0%25B0%25D0%25B9%25D1%2582%25D0%25B5%25D0%25BC%25D0%25B8%25D1%2580%25D0%25BE%25D0%25B2%2520%25D0%25A2%25D1%2583%25D1%2580%25D1%2581%25D1%258B%25D0%25BD%25D0%25B1%25D0%25B5%25D0%25BA%2520%25D0%25A8%25D0%25B5%25D1%2580%25D0%25BD%25D0%25B8%25D1%258F%25D0%25B7%25D0%25BE%25D0%25B2%25D0%25B8%25D1%2587.JPG&w=3840&q=75	0.954	0.433	MATCHED	UPLOADED	candidates/baitaq/8.jpg	https://assets.open-quryltai.org/candidates/baitaq/8.jpg	Official Baitaq party source; no separate license declaration found.	2026-08-16T22:54:30Z	https://baytaq.kz/ru/candidates/baytemirov-tursynbek-sherniyazovich	Байтемиров Турсынбек Шерниязович – инженер-механик, руководитель в сфере промышленности и водоснабжения. Родился в 1967 году в Западно-Казахстанской области. Окончил Западно-Казахстанский сельскохозяйственный институт по специальности «Инженер-механик». Проходил службу в Воздушно-десантных войсках СССР, является ветераном боевых действий в Нагорном Карабахе. Трудовую деятельность начал на Уральском механическом заводе, затем работал на государственной службе и в промышленной сфере. Возглавлял отдел промышленности Департамента промышленности и топливно-энергетического комплекса Западно-Казахстанской области, занимался предпринимательской деятельностью. В 2019–2025 годах работал на АО «Уральский завод „Зенит“», где занимал руководящие должности в сфере маркетинга и сбыта, а также возглавлял профсоюзную организацию предприятия. Награждён медалью «Почётный машиностроитель Казахстана». С 2025 года является генеральным директором ТОО «БатысСуШар». В своей профессиональной и общественной деятельности уделяет особое внимание развитию инфраструктуры водоснабжения, обеспечению населения качественной питьевой водой, вопросам экологической безопасности и устойчивого развития регионов.
baitaq	9	Баубек Нариман Асқарұлы	Баубек Нариман Асқарұлы	https://baytaq.kz/kk/candidates/baubek-nariman-askaruly		https://baytaq.kz/_next/image?url=https%3A%2F%2Fbaytaq.kz%2Fapi%2Fmedia%2Ffile%2F%25D1%2584%25D0%25BE%25D1%2582%25D0%25BE2.png&w=3840&q=75	1.000	0.399	MATCHED	UPLOADED	candidates/baitaq/9.jpg	https://assets.open-quryltai.org/candidates/baitaq/9.jpg	Official Baitaq party source; no separate license declaration found.	2026-08-16T22:54:33Z	https://baytaq.kz/ru/candidates/baubek-nariman-askaruly	Баубек Нариман Аскарович — инженер, эксперт в области науки, экологии и экологических технологий. Имеет образование в сфере менеджмента, химической технологии и радиационной безопасности. Трудовую деятельность начал в Министерстве труда и социальной защиты Республики Казахстан. В дальнейшем занимал руководящие должности в сфере инжиниринга, промышленности и научно-исследовательской деятельности. С 2018 года является директором ТОО «Baiterek Engineering», где руководит научно-исследовательскими проектами в области экологии, рационального природопользования, энергосбережения, управления отходами, очистки загрязнённых вод, снижения выбросов парниковых газов и внедрения наилучших доступных технологий. Автор и соавтор научных публикаций, монографии, а также ряда изобретений и патентов, зарегистрированных в Казахстане, России и Европе. С 2025 года является членом Научно-технического совета Министерства промышленности и строительства Республики Казахстан, с 2026 года — внештатным советником председателя правления Внешнеторговой палаты Республики Казахстан по вопросам развития биофармацевтической отрасли и научно-технического сотрудничества. С 2025 года возглавляет Астанинский городской филиал Казахстанской партии зелёных «Байтақ». В своей общественной деятельности уделяет особое внимание развитию науки и отечественного производства, внедрению современных технологий, экологической безопасности и повышению качества жизни граждан.
baitaq	11	Бекахметов Габит Кайратович	Бекахметов Ғабит Қайратұлы	https://baytaq.kz/kk/candidates/bekahmetov-gabit-kayratovich		https://baytaq.kz/_next/image?url=https%3A%2F%2Fbaytaq.kz%2Fapi%2Fmedia%2Ffile%2FWhatsApp%2520Image%25202026-07-22%2520at%25205.34.00%2520PM%2520(1).jpeg&w=3840&q=75	0.940	0.315	MATCHED	UPLOADED	candidates/baitaq/11.jpg	https://assets.open-quryltai.org/candidates/baitaq/11.jpg	Official Baitaq party source; no separate license declaration found.	2026-08-16T22:54:37Z	https://baytaq.kz/ru/candidates/bekahmetov-gabit-kayratovich	Габит Бекахметов — казахстанский эксперт и предприниматель в сфере образования, выпускник Duke University (США) и University of Oxford (Великобритания). Более 15 лет занимается развитием образовательных инициатив, направленных на внедрение международных стандартов обучения и подготовку конкурентоспособного поколения молодых лидеров. В разные годы возглавлял Республиканскую физико-математическую школу (РФМШ), курируя развитие филиалов в Астане и Алматы, а также подготовку учащихся к международным предметным олимпиадам. Сегодня является основателем образовательного акселератора Maruf Fellows, консалтинговой компании Paradigm Shift и инициатором инновационных проектов Urban School, EdVille International School и Perspective School. Занимается стратегическим развитием образовательных организаций, подготовкой будущих лидеров, сопровождением поступления студентов в ведущие мировые университеты и внедрением современных образовательных решений. Автор нескольких книг по вопросам образования, развития мышления и будущего общества. Продолжает активно участвовать в развитии и модернизации образовательной системы Казахстана.
baitaq	10	Баяжума Асылбек	Баяжұма Асылбек	https://baytaq.kz/kk/candidates/bayazhuma-asylbek		https://baytaq.kz/_next/image?url=https%3A%2F%2Fbaytaq.kz%2Fapi%2Fmedia%2Ffile%2F%25D0%2591%25D0%25B0%25D1%258F%25D0%25B6%25D1%2583%25D0%25BC%25D0%25B0%2520%25D0%2590%25D1%2581%25D1%258B%25D0%25BB%25D0%25B1%25D0%25B5%25D0%25BA.jpeg&w=3840&q=75	1.000	0.411	MATCHED	UPLOADED	candidates/baitaq/10.jpg	https://assets.open-quryltai.org/candidates/baitaq/10.jpg	Official Baitaq party source; no separate license declaration found.	2026-08-16T22:54:40Z	https://baytaq.kz/ru/candidates/bayazhuma-asylbek	Баяжума Асылбек — политолог, журналист, публицист и общественный деятель, эксперт в области государственной идеологии, международной политики, экологии и устойчивого развития. Имеет более 20 лет опыта государственной службы, пройдя профессиональный путь от районного специалиста до руководящих должностей в областных государственных органах и центральном аппарате министерства. В дальнейшем работал в средствах массовой информации и институтах гражданского общества, занимаясь формированием общественного мнения, анализом государственной политики и продвижением национальных интересов. Является автором многочисленных аналитических публикаций и исследований по вопросам государственного управления, экологии, национальной безопасности, регионального развития и международной политики. В настоящее время возглавляет Акмолинский областной филиал Казахстанской партии зелёных «Байтақ». Под его руководством реализуются общественные проекты по развитию экологической культуры, повышению гражданской активности молодёжи и реализации общенациональной инициативы «Таза Қазақстан». Также занимается научно-исследовательской деятельностью, является автором книг по общественно-политическому развитию Казахстана и известен как поэт.
baitaq	12	Деркач Марина Владимировна	Деркач Марина Владимировна	https://baytaq.kz/kk/candidates/derkach-marina-vladimirovna		https://baytaq.kz/_next/image?url=https%3A%2F%2Fbaytaq.kz%2Fapi%2Fmedia%2Ffile%2FWhatsApp%2520Image%25202026-07-21%2520at%252011.45.02%2520AM.jpeg&w=3840&q=75	1.000	0.476	MATCHED	UPLOADED	candidates/baitaq/12.jpg	https://assets.open-quryltai.org/candidates/baitaq/12.jpg	Official Baitaq party source; no separate license declaration found.	2026-08-16T22:54:42Z	https://baytaq.kz/ru/candidates/derkach-marina-vladimirovna	Деркач Марина Владимировна — эксперт в сфере креативного образования, общественный деятель, председатель Ассоциации дополнительного образования при НПП «Атамекен». Родилась в 1979 году в Актобе. Мать четверых сыновей. Основатель авторской Школы развития творческого мышления ArtLab, ставшей первой в Казахстане организацией дополнительного образования, прошедшей международную институциональную аккредитацию. По итогам реализации авторских образовательных программ зафиксировано значительное улучшение показателей здоровья учащихся. Принимала участие в работе экспертной группы при Сенате Парламента Республики Казахстан по вопросам развития креативного образования и формирования законодательной базы креативных индустрий. Является членом правления Евразийской ассоциации креативных индустрий. За вклад в развитие образования и реализацию социальных проектов награждена государственной медалью «Ерен еңбегі үшін», а также была номинирована на первую президентскую премию «АруАна» в категории «Наука и инновации». Свою общественную деятельность связывает с развитием креативного образования, поддержкой детей и молодежи, формированием безопасной образовательной среды и повышением качества человеческого капитала Казахстана.
baitaq	15	Досанов Абай Сабитович	Досанов Абай Сәбитұлы	https://baytaq.kz/kk/candidates/dosanov-abay-sabitovich		https://baytaq.kz/_next/image?url=https%3A%2F%2Fbaytaq.kz%2Fapi%2Fmedia%2Ffile%2FJ46A1504.JPG&w=3840&q=75	0.933	0.362	MATCHED	UPLOADED	candidates/baitaq/15.jpg	https://assets.open-quryltai.org/candidates/baitaq/15.jpg	Official Baitaq party source; no separate license declaration found.	2026-08-16T22:54:44Z	https://baytaq.kz/ru/candidates/dosanov-abay-sabitovich	Досанов Абай Сабитович — управленец с многолетним опытом работы в сфере транспорта, экологии и государственного управления. Имеет три высших образования по специальностям «География и туризм», «Правоведение» и «Организация перевозок, движения и эксплуатация транспорта». Общий трудовой стаж превышает 30 лет. Работал в государственных органах, системе «Кедентранссервис», АО «Вокзал-Сервис» и АО «НК «Қазақстан темір жолы». В настоящее время занимает должность заместителя директора филиала АО «НК «ҚТЖ» – «Дирекция магистральной сети» по вокзальному хозяйству, содержанию зданий и инженерных систем. В своей профессиональной и общественной деятельности уделяет особое внимание развитию транспортной инфраструктуры, обеспечению экологической безопасности, охране окружающей среды, поддержке человека труда и устойчивому развитию регионов Казахстана.
baitaq	14	Джаппарова Ардак Сарсенбековна	Жаппарова Ардак Сарсенбекқызы	https://baytaq.kz/kk/candidates/dzhapparova-ardak-sarsenbekovna		https://baytaq.kz/_next/image?url=https%3A%2F%2Fbaytaq.kz%2Fapi%2Fmedia%2Ffile%2F%25D0%25B4%25D0%25B6%25D0%25B0%25D0%25BF%25D0%25BF%25D0%25B0%25D1%2580%25D0%25BE%25D0%25B2%25D0%25B0-1.jpeg&w=3840&q=75	0.928	0.438	MATCHED	UPLOADED	candidates/baitaq/14.jpg	https://assets.open-quryltai.org/candidates/baitaq/14.jpg	Official Baitaq party source; no separate license declaration found.	2026-08-16T22:54:47Z	https://baytaq.kz/ru/candidates/dzhapparova-ardak-sarsenbekovna	Джаппарова Ардак Сарсенбековна — юрист, магистр права. Высшее юридическое образование получила в Таразском государственном университете имени М.Х. Дулати, затем с отличием окончила магистратуру Астанинского университета по специальности «Право». В настоящее время обучается по программе MBA в университете AlmaU. Трудовую деятельность начала в 2000 году помощником председателя Нотариальной палаты города Астаны. Работала юрисконсультом, частным нотариусом, а с 2007 года является членом Нотариальной палаты города Астаны. С 2025 года занимает должность директора ТОО «СПМК-5». Имеет более 25 лет профессионального опыта в сфере нотариата, защиты прав граждан и юридических лиц, обеспечения законности и правовой безопасности гражданского оборота. Активно поддерживает общественные инициативы, направленные на развитие правовой культуры и укрепление принципов верховенства закона. В своей профессиональной деятельности руководствуется принципами профессионализма, честности, справедливости и ответственности, считая своими главными приоритетами укрепление правового государства, защиту прав и законных интересов граждан и содействие устойчивому развитию Республики Казахстан.
baitaq	13	Джакишев Алмаз Ажибекович	Жакишев Алмаз Әжібекұлы	https://baytaq.kz/kk/candidates/dzhakishev-almaz-azhibekovich		https://baytaq.kz/_next/image?url=https%3A%2F%2Fbaytaq.kz%2Fapi%2Fmedia%2Ffile%2F%25D0%2594%25D0%25B8%25D0%25B7%25D0%25B0%25D0%25B9%25D0%25BD%2520%25D0%25B1%25D0%25B5%25D0%25B7%2520%25D0%25BD%25D0%25B0%25D0%25B7%25D0%25B2%25D0%25B0%25D0%25BD%25D0%25B8%25D1%258F%2520(1).png&w=3840&q=75	0.917	0.280	MATCHED	UPLOADED	candidates/baitaq/13.jpg	https://assets.open-quryltai.org/candidates/baitaq/13.jpg	Official Baitaq party source; no separate license declaration found.	2026-08-16T22:54:48Z	https://baytaq.kz/ru/candidates/dzhakishev-almaz-azhibekovich	Джакишев Алмаз Ажибекович — магистр технической физики и экономики, общественный деятель. С 2023 года занимает должность исполнительного секретаря Восточно-Казахстанского областного филиала Казахстанской партии зелёных «Байтақ». Окончил Восточно-Казахстанский технический университет имени Д. Серикбаева, где получил степени бакалавра и магистра по специальности «Техническая физика», а также Восточно-Казахстанский университет имени С. Аманжолова, получив степень магистра экономики. Трудовую деятельность начал инженером в Восточно-Казахстанском государственном техническом университете. В разные годы возглавлял молодежное крыло «Jas Otan» в Усть-Каменогорске, преподавал робототехнику, работал старшим преподавателем по информационно-коммуникационным технологиям, а также руководителем сектора по работе с учебными заведениями и молодежными организациями Молодежного ресурсного центра города Усть-Каменогорска. Активно занимается общественной и экологической деятельностью. За волонтерскую работу в период пандемии COVID-19 награжден медалью Президента Республики Казахстан «Халық алғысы». Также отмечен благодарственными письмами Президента Республики Казахстан, Министерства экологии и природных ресурсов, партии «Байтақ» и других государственных органов.
baitaq	17	Иманбаев Айдос Бейбитович	Иманбаев Айдос Бейбітұлы	https://baytaq.kz/kk/candidates/imanbaev-aydos-beybitovich	Иманбаев Айдос Бейбітұлы – заңгер, атқарушылық іс жүргізу саласының сарапшысы. Бұл салада 20 жылдан астам еңбек өтілі бар. Е.А. Бөкетов атындағы Қарағанды мемлекеттік университетін «Құқықтану» мамандығы бойынша тәмамдаған. Еңбек жолын сот орындаушысы қызметінен бастап, кейін ҚР Жоғарғы Соты жанындағы Соттар әкімшілігі комитетінде жетекші маманнан басқарма басшысына дейін көтерілді. Сондай-ақ Қазақстан Республикасы Әділет министрлігінде қызмет атқарды. 2022–2026 жылдары Жеке сот орындаушыларының республикалық палатасының төрағасы болды. Қызмет барысында атқарушылық іс жүргізу жүйесін цифрландыруға, оның ашықтығы мен тиімділігін арттыруға, сондай-ақ жеке сот орындаушылары институтын дамытуға елеулі үлес қосты. Әділет министрлігі жанындағы Қоғамдық кеңестің және Парламенттің заң жобалары жөніндегі жұмыс топтарының мүшесі болды. Халықаралық сот орындаушылар одағы Президентінің ТМД және Азия елдері бойынша арнайы кеңесшісі. Қазақстандық және шетелдік басылымдардың авторы, халықаралық кәсіби конференциялардың тұрақты қатысушысы.	https://baytaq.kz/_next/image?url=https%3A%2F%2Fbaytaq.kz%2Fapi%2Fmedia%2Ffile%2F%25D0%25A0%25D0%25B8%25D1%2581%25D1%2583%25D0%25BD%25D0%25BE%25D0%25BA3.jpg&w=3840&q=75	0.940	0.310	MATCHED	UPLOADED	candidates/baitaq/17.jpg	https://assets.open-quryltai.org/candidates/baitaq/17.jpg	Official Baitaq party source; no separate license declaration found.	2026-08-16T22:54:51Z	https://baytaq.kz/ru/candidates/imanbaev-aydos-beybitovich	Иманбаев Айдос Бейбитулы — юрист, эксперт в сфере исполнительного производства с более чем 20-летним профессиональным опытом. Окончил Карагандинский государственный университет имени Е.А. Букетова по специальности «Юриспруденция». Трудовую деятельность начал судебным исполнителем. В дальнейшем работал в центральном аппарате Комитета по судебному администрированию при Верховном Суде Республики Казахстан, пройдя путь от ведущего специалиста до начальника управления, а также занимал должность в Министерстве юстиции Республики Казахстан. В 2022–2026 годах возглавлял Республиканскую палату частных судебных исполнителей. За время работы внес значительный вклад в развитие системы исполнительного производства, инициировал внедрение цифровых решений, направленных на повышение прозрачности и эффективности исполнения судебных актов, а также совершенствование деятельности института частных судебных исполнителей. Являлся членом Общественного совета при Министерстве юстиции и рабочих групп Парламента по разработке профильных законопроектов. Является специальным советником Президента Международного союза судебных исполнителей по странам СНГ и Азии, автором публикаций в казахстанских и зарубежных изданиях, участником международных профессиональных конференций.
baitaq	16	Иманалиев Аскар Муратович	Иманалиев Аскар Маратович	https://baytaq.kz/kk/candidates/imanaliev-askar-maratovich		https://baytaq.kz/_next/image?url=https%3A%2F%2Fbaytaq.kz%2Fapi%2Fmedia%2Ffile%2FWhatsApp%2520Image%25202026-07-22%2520at%25209.41.29%2520PM.jpeg&w=3840&q=75	0.985	0.326	MATCHED	UPLOADED	candidates/baitaq/16.jpg	https://assets.open-quryltai.org/candidates/baitaq/16.jpg	Official Baitaq party source; no separate license declaration found.	2026-08-16T22:54:53Z	https://baytaq.kz/ru/candidates/imanaliev-askar-maratovich	
baitaq	18	Кажиев Сериккан Ергалиевич	Қажиев Серікқан Ерғалиұлы	https://baytaq.kz/kk/candidates/kazhiev-serikkan-ergalievich		https://baytaq.kz/_next/image?url=https%3A%2F%2Fbaytaq.kz%2Fapi%2Fmedia%2Ffile%2FJ46A1379.JPG&w=3840&q=75	0.940	0.407	MATCHED	UPLOADED	candidates/baitaq/18.jpg	https://assets.open-quryltai.org/candidates/baitaq/18.jpg	Official Baitaq party source; no separate license declaration found.	2026-08-16T22:54:55Z	https://baytaq.kz/ru/candidates/kazhiev-serikkan-ergalievich	Кажиев Сериккан Ергалиевич родился 19 марта 1967 года в селе Саржал Абайского района области Абай. Окончил Семипалатинский строительный техникум, а затем Центрально-Азиатский университет по специальности «Юриспруденция». Трудовую деятельность начал в строительной сфере. В 1989–2011 годах проходил службу в органах внутренних дел Республики Казахстан, где занимал различные руководящие должности в системе дорожной полиции, завершив службу в должности командира отдельного батальона дорожной полиции №2 ДВД Восточно-Казахстанской области. После выхода на пенсию работал в сфере безопасности и строительства. В 2015–2023 годах возглавлял ТОО «ПОСЖБ». В настоящее время является директором ТОО «СемСтрой-Лидер». Имеет многолетний опыт работы в сфере правоохранительной деятельности, безопасности и строительства. Женат, воспитывает пятерых детей.
baitaq	19	Каметов Бакыт Хабидуллаевич	Каметов Бақыт Хабидоллаұлы	https://baytaq.kz/kk/candidates/kametov-bakyt-habidullaevich		https://baytaq.kz/_next/image?url=https%3A%2F%2Fbaytaq.kz%2Fapi%2Fmedia%2Ffile%2FWhatsApp%2520Image%25202026-07-22%2520at%252010.22.09%2520PM.jpeg&w=3840&q=75	0.942	0.356	MATCHED	UPLOADED	candidates/baitaq/19.jpg	https://assets.open-quryltai.org/candidates/baitaq/19.jpg	Official Baitaq party source; no separate license declaration found.	2026-08-16T22:54:58Z	https://baytaq.kz/ru/candidates/kametov-bakyt-habidullaevich	Каметов Бакыт Хабидуллаевич родился 7 февраля 1967 года в городе Гурьеве (ныне Атырау). Имеет высшее образование. Окончил Атырауский педагогический университет по специальности «Учитель физики и математики», Карагандинскую высшую школу полиции по специальности «Юриспруденция», а также Университет имени Ш. Есенова по специальности «Экономика». Трудовую деятельность начал в органах внутренних дел. В 1990–2006 годах работал участковым инспектором, сотрудником уголовного розыска, заместителем начальника подразделений органов внутренних дел, начальником следственного изолятора и исправительного учреждения, заместителем начальника районного отдела полиции. В последующие годы возглавлял Жайык-Каспийскую межобластную рыбохозяйственную инспекцию, учреждение «Еңбек-Атырау», занимался предпринимательской деятельностью, руководил службой безопасности Атырауского нефтеперерабатывающего завода и крестьянским хозяйством «Тама-Кен». В настоящее время является депутатом Атырауского областного маслихата, членом Казахстанской партии зелёных «Байтақ». Женат, воспитывает четверых детей.
baitaq	22	Кенжебекова Роза Темуркуловна	Кенжебекова Роза Темірқұлқызы	https://baytaq.kz/kk/candidates/kenzhebekova-roza-temirkulkyzy		https://baytaq.kz/_next/image?url=https%3A%2F%2Fbaytaq.kz%2Fapi%2Fmedia%2Ffile%2F87B97A59-A7B3-4C2D-A334-EDAB61ED253A.png&w=3840&q=75	0.938	0.498	MATCHED	UPLOADED	candidates/baitaq/22.jpg	https://assets.open-quryltai.org/candidates/baitaq/22.jpg	Official Baitaq party source; no separate license declaration found.	2026-08-16T22:55:00Z	https://baytaq.kz/ru/candidates/kenzhebekova-roza-temirkulkyzy	Кенжебекова Роза Темиркуловна — общественный деятель, опытный специалист железнодорожной отрасли, председатель Женского совета Казахстанской партии зелёных «БАЙТАҚ». Имеет высшее экономическое образование. Более 22 лет работала в железнодорожной отрасли Казахстана, пройдя путь от специалиста до руководителя. Внесла значительный вклад в развитие отрасли, совершенствование производственных процессов и укрепление трудовых коллективов. В настоящее время возглавляет Женский совет партии «БАЙТАҚ», реализует проекты по развитию женского лидерства, экологического просвещения, поддержке семьи и молодёжи, а также продвижению общенациональной инициативы «Таза Қазақстан». В своей общественной деятельности последовательно выступает за защиту окружающей среды, социальную справедливость, укрепление института семьи и расширение участия женщин в общественной и политической жизни. Семейное положение: воспитывает сына.
baitaq	23	Керей Бекберген Дүйсенбайұлы	Керей Бекберген Дүйсенбайұлы	https://baytaq.kz/kk/candidates/kerey-bekbergen-duysenbayuly		https://baytaq.kz/_next/image?url=https%3A%2F%2Fbaytaq.kz%2Fapi%2Fmedia%2Ffile%2FJ46A1389.JPG&w=3840&q=75	1.000	0.595	MATCHED	UPLOADED	candidates/baitaq/23.jpg	https://assets.open-quryltai.org/candidates/baitaq/23.jpg	Official Baitaq party source; no separate license declaration found.	2026-08-16T22:55:04Z	https://baytaq.kz/ru/candidates/kerey-bekbergen-duysenbayuly	Керей Бекберген Дуйсенбаевич родился 1 ноября 1971 года в селе Чалдай Щербактинского района Павлодарской области. Окончил Акмолинский сельскохозяйственный институт по специальности «Инженер-землеустроитель». Общий трудовой стаж — 34 года, стаж государственной службы — 31 год. Женат, имеет двоих детей. Профессиональную деятельность начал в сфере земельных отношений. Работал в земельной инспекции и природоохранных органах Павлодарской области. В дальнейшем занимал руководящие должности в Министерстве охраны окружающей среды, Министерстве энергетики, Министерстве экологии, геологии и природных ресурсов Республики Казахстан, курируя вопросы экологической политики, стратегического планирования, зеленой экономики, международного сотрудничества и привлечения инвестиций. В 2022 году работал главным менеджером Департамента инвестиций АО «НГК «Казгеология». С 2023 года занимает руководящие должности в Казахстанской партии зеленых «Байтақ», возглавлял Центральный аппарат и исполнял обязанности исполнительного секретаря партии. В настоящее время — секретарь Казахстанской партии зеленых «Байтақ» по вопросам зеленой экономики. Занимается развитием экологической политики, продвижением принципов зеленой экономики и устойчивого развития. Награжден нагрудным знаком «Экология саласының үздігі», юбилейной медалью «20 лет независимости Республики Казахстан», медалью «Ерен еңбегі үшін» и Почетной грамотой Министерства экологии Республики Казахстан.
baitaq	21	Кенжалиев Эльнар Багдаулетович	Кенжалиев Эльнар Бақдәулетұлы	https://baytaq.kz/kk/candidates/kenzhaliev-el-nar-bagdauletovich		https://baytaq.kz/_next/image?url=https%3A%2F%2Fbaytaq.kz%2Fapi%2Fmedia%2Ffile%2FWhatsApp%2520Image%25202026-07-22%2520at%252010.26.56%2520AM.jpeg&w=3840&q=75	0.942	0.423	MATCHED	UPLOADED	candidates/baitaq/21.jpg	https://assets.open-quryltai.org/candidates/baitaq/21.jpg	Official Baitaq party source; no separate license declaration found.	2026-08-16T22:55:07Z	https://baytaq.kz/ru/candidates/kenzhaliev-el-nar-bagdauletovich	Кенжалиев Эльнар — инженер-металлург, кандидат технических наук, специалист с более чем 20-летним опытом работы в горно-металлургической и промышленной отраслях, свыше 10 лет занимал руководящие должности. С отличием окончил Казахский национальный технический университет имени К. Сатпаева, затем защитил кандидатскую диссертацию в Институте металлургии и обогащения. Проходил научную стажировку в Израильском технологическом институте (Технион). Автор 32 научных публикаций и ряда патентов Республики Казахстан. В разные годы работал в Институте металлургии и обогащения, корпорации «Казахмыс», Национальной горнорудной компании «Тау-Кен Самрук» и научно-технологическом холдинге «Парасат». Руководил реализацией крупных производственных и инвестиционных проектов в сфере металлургии, горнодобывающей промышленности и инновационных технологий. В настоящее время отвечает за стратегическое развитие и привлечение инвестиций в компании KazNewTech. Последовательно выступает за внедрение экологически безопасных технологий, развитие глубокой переработки сырья, сокращение промышленных отходов, восстановление нарушенных земель и рациональное использование природных ресурсов, считая, что промышленное развитие должно сочетаться с ответственным отношением к окружающей среде.
baitaq	26	Кунгожин Алмаз Мухамбетович	Күнғожин Алмаз Мұхамбетұлы	https://baytaq.kz/kk/candidates/kungozhin-almaz-muhambetovich		https://baytaq.kz/_next/image?url=https%3A%2F%2Fbaytaq.kz%2Fapi%2Fmedia%2Ffile%2FWhatsApp%2520Image%25202026-07-21%2520at%252011.33.37%2520AM.jpeg&w=3840&q=75	0.950	0.387	MATCHED	UPLOADED	candidates/baitaq/26.jpg	https://assets.open-quryltai.org/candidates/baitaq/26.jpg	Official Baitaq party source; no separate license declaration found.	2026-08-16T22:55:09Z	https://baytaq.kz/ru/candidates/kungozhin-almaz-muhambetovich	Кунгожин Алмаз Мухамбетович — педагог, математик, доктор философии (PhD), руководитель в сфере образования и эксперт в области STEM-образования и олимпиадного движения. Окончил бакалавриат, магистратуру и докторантуру КазНУ имени аль-Фараби, выпускник международной программы «Болашак». Профессиональный путь прошёл от учителя математики и тренера олимпиадного резерва до руководителя ведущих образовательных учреждений. Возглавлял Республиканскую физико-математическую школу в Алматы, в настоящее время занимает должность первого заместителя председателя правления Республиканской физико-математической школы, курируя академическое направление. Неоднократно руководил национальной сборной Казахстана на Международной математической олимпиаде (IMO), Балканской математической олимпиаде (BMO) и Европейской математической олимпиаде для девушек (EGMO). Автор научных публикаций, авторского свидетельства и соавтор сборников олимпиадных задач. В настоящее время является кандидатом в депутаты Национального курултая от Казахстанской партии зелёных «Байтақ». В своей общественной деятельности выступает за развитие качественного образования, экологической культуры и принципов устойчивого развития, рассматривая интеллектуальный потенциал и сохранение природы как основу будущего Казахстана.
baitaq	24	Краснокуцкий Андрей Анатольевич	Краснокуцкий Андрей Анатольевич	https://baytaq.kz/kk/candidates/krasnokutskiy-andrey-anatol-evich	Краснокуцкий Андрей Анатольевич 1986 жылғы 26 желтоқсанда Алматы қаласында дүниеге келген. Менің балалық шағым осы қалада өтті, осы жерде білім алдым, еңбек жолымды бастадым және кәсіпкерліктегі алғашқы қадамдарымды жасадым. Еңбек жолымды мектеп жасында, 12 жасымнан бастап «Серебряный диск» дүкенінде сатуға көмектесуден бастадым. Дәл сол кезде еңбек етудің, берген сөзіңде тұрудың және адамдарды құрметтеудің қаншалықты маңызды екенін алғаш рет түсіндім. Біз шағын бизнестен бастадық. 21 жасымда достарыммен бірге қарыз қаражатқа компьютерлік ойындар мен аксессуарлар сататын алғашқы дүкенімізді аштық. Өрлеу де, құлдырау да болды. Бір кезеңде сәтсіз серіктестіктің салдарынан бәрін қайтадан дерлік басынан бастауға тура келді. Алайда дәл осы тәжірибе маған ең басты нәрсені үйретті: сәтсіздік – бұл соңы емес. Егер мойымай, өз қателіктеріңді талдап, алға қарай жылжуды жалғастырсаң, кез келген қиындықты жаңа мүмкіндікке айналдыруға болады. Бір ғана дүкен қалғаннан кейін жаңа кезең басталды. Біз мемлекеттік сатып алуларға қатысып, ірі әлеуметтік жобаларды жүзеге асыра бастадық, жабдықтар жеткізіп, біртіндеп тапсырыс берушілердің сеніміне ие болдық. Осылайша ATON+ компаниясы құрылды. Бүгінде ATON+ – қазақстандық өндіріс. Біз компьютер корпустарын, балалар ойын алаңдарын және абаттандырудың түрлі элементтерін шығарамыз. Мен үшін өз еңбегімнің нақты нәтижесін көру маңызды. Біздің командамыз шығарған өнімдер Қазақстанның түкпір-түкпіріндегі мектептерде, аулаларда және қоғамдық кеңістіктерде орнатылған кезде, еңбегіміздің еліміздің халқына шын мәнінде пайда әкеліп жатқанын түсінемін. Мен әрдайым технологияларға және олардың адамға беретін мүмкіндіктеріне сендім. Егер бір нәрсені білмесең, оны үйренуге болады. Бүгінде әлем өте жылдам өзгеріп жатыр. Жасанды интеллект, цифрлық технологиялар және заманауи өндірістер Қазақстан үшін орасан зор мүмкіндіктер ашып отыр. Жастарға мүмкіндік жасау. Өндіріс құру. Технологиялар жасау. Жұмыс орындарын құру.	https://baytaq.kz/_next/image?url=https%3A%2F%2Fbaytaq.kz%2Fapi%2Fmedia%2Ffile%2FIMG_7216.PNG&w=3840&q=75	1.000	0.558	MATCHED	UPLOADED	candidates/baitaq/24.jpg	https://assets.open-quryltai.org/candidates/baitaq/24.jpg	Official Baitaq party source; no separate license declaration found.	2026-08-16T22:55:12Z	https://baytaq.kz/ru/candidates/krasnokutskiy-andrey-anatol-evich	Краснокуцкий Андрей Анатольевич – дата рождения 26 декабря 1986 года в городе Алматы. Здесь прошло моё детство, здесь я учился, начал работать и сделал первые шаги в предпринимательстве. Работать начал ещё школьном возрасте с 12 лет, помогая продавать в магазине “Серебряный диск” и именно тогда впервые понял, насколько важно уметь работать, держать своё слово и уважать людей. Начинали с небольшого бизнеса и заёмных денег в 21 год, мы с друзьями открыли первый магазин по продаже компьютерных игр и аксессуаров были взлеты и падения. В какой-то момент из-за неудачного партнёрства нам пришлось практически начать всё сначала. Но именно этот опыт научил меня главному: неудача - это не конец. Если не опускать руки, анализировать свои ошибки и продолжать двигаться вперёд, любую трудность можно превратить в новую возможность. После того как остался один единственный магазин, начался новый этап. Мы стали участвовать в государственных закупках, реализовывать крупные социальные проекты, поставлять оборудование и постепенно заслужили доверие заказчиков. Так появилась компания ATON+. Сегодня ATON+ - это Казахстанское производство. Мы выпускаем компьютерные корпуса, детские игровые площадки и различные элементы благоустройства Для меня важно видеть конкретный результат своей работы. Когда продукция, созданная нашей командой, появляется в школах, дворах и общественных пространствах по всему Казахстану, я понимаю, что наша работа действительно приносит пользу народу нашей страны. Я всегда верил в технологии и возможности, которые они дают человеку. Если что-то, не знаешь - этому можно научиться. Сегодня мир меняется очень быстро. Искусственный интеллект, цифровые технологии и современные производства открывают перед Казахстаном огромные возможности. Создавать возможность для молодых людей. Создать производство. Создать технологии. Создать рабочие места.
baitaq	25	Кудеринов Мурат Тасбулатович	Құдеринов Мұрат Тасболатұлы	https://baytaq.kz/kk/candidates/kuderinov-murat-tasbulatovich		https://baytaq.kz/_next/image?url=https%3A%2F%2Fbaytaq.kz%2Fapi%2Fmedia%2Ffile%2F%25D0%259A%25D1%2583%25D0%25B4%25D0%25B5%25D1%2580%25D0%25B8%25D0%25BD%25D0%25BE%25D0%25B22.jpeg&w=3840&q=75	0.938	0.362	MATCHED	UPLOADED	candidates/baitaq/25.jpg	https://assets.open-quryltai.org/candidates/baitaq/25.jpg	Official Baitaq party source; no separate license declaration found.	2026-08-16T22:55:14Z	https://baytaq.kz/ru/candidates/kuderinov-murat-tasbulatovich	Мурат Кудеринов родился 21 сентября 1977 года в Карагандинской области. Имеет высшее юридическое образование. В 1999 году окончил Карагандинский государственный университет имени Е.А. Букетова по специальности «Правоведение». Трудовую деятельность начал в органах прокуратуры, где с 2000 по 2010 годы проходил службу в прокуратуре Карагандинской области. В последующие годы работал юристом в сфере недропользования, руководил филиалом товарной биржи по Карагандинской области, возглавлял юридический отдел АО «Станция Экибастузская ГРЭС-2». С 2015 года является директором ТОО «Наше право.kz», а с 2019 года — председателем Правления Палаты казахстанских юридических консультантов. В 2015 году основал общественное объединение «Туған жер», занимающееся вопросами охраны окружающей среды. Является инициатором десятков судебных процессов по прекращению деятельности предприятий, нарушавших экологическое законодательство Республики Казахстан. С 2022 года состоит в Казахстанской партии зеленых «Байтақ», является исполнительным секретарем Карагандинского областного филиала, членом Политбюро и Политического совета партии. В 2023–2025 годах был депутатом Карагандинского городского маслихата VIII созыва. Женат, воспитывает двоих детей.
baitaq	27	Кыдырбаев Ерлан Жайлаубаевич	Қыдырбаев Ерлан Жайлаубайұлы	https://baytaq.kz/kk/candidates/kydyrbaev-erlan-zhaylaubaevich		https://baytaq.kz/_next/image?url=https%3A%2F%2Fbaytaq.kz%2Fapi%2Fmedia%2Ffile%2FWhatsApp%2520Image%25202026-07-23%2520at%25207.17.23%2520AM.jpeg&w=3840&q=75	0.961	0.343	MATCHED	UPLOADED	candidates/baitaq/27.jpg	https://assets.open-quryltai.org/candidates/baitaq/27.jpg	Official Baitaq party source; no separate license declaration found.	2026-08-16T22:55:17Z	https://baytaq.kz/ru/candidates/kydyrbaev-erlan-zhaylaubaevich	Кыдырбаев Ерлан Жайлаубаевич родился 4 августа 1976 года в городе Алматы. В 1998 году окончил Казахский государственный аграрный университет по специальности «Ветеринарная медицина». Позже получил образование в университете «Туран» по специальностям «Экономика и менеджмент» (2004) и «Юриспруденция» (2013). В настоящее время является аспирантом кафедры экологии Института биологии Национальной академии наук Кыргызской Республики, где занимается научным исследованием в области биологических методов борьбы с опасными вредителями лесных насаждений. Трудовую деятельность начал в 1998 году. Работал менеджером по продажам, коммерческим директором и руководителем ряда коммерческих организаций, в том числе ТОО «Компания КЕНТ», ТОО «РПА Астана Медиа Сервис», ТОО «TAYER» и ЖСК «ДАР». В настоящее время является специалистом по коммерциализации в ТОО «Олтек Трейд» и ТОО «Азия-Auto Казахстан». С 2026 года — собственник сетевого издания ALEM. В 2021–2023 годах входил в состав Национального научного совета МОН РК по приоритету «Устойчивое развитие агропромышленного комплекса и безопасность сельскохозяйственной продукции». С 2021 года является членом Совета по региональному развитию города Астаны. С 2022 года — член Казахстанской партии зелёных «Байтақ», секретарь Центрального аппарата партии. Женат, воспитывает троих детей. Является инвалидом I группы.
baitaq	28	Қадырбаева Нұргүл Жұмахметқызы	Қадырбаева Нұргүл Жұмахметқызы	https://baytaq.kz/kk/candidates/kadyrbaeva-nurgul-zhumahmetkyzy		https://baytaq.kz/_next/image?url=https%3A%2F%2Fbaytaq.kz%2Fapi%2Fmedia%2Ffile%2FIMG_8012.JPG.jpeg&w=3840&q=75	1.000	0.427	MATCHED	UPLOADED	candidates/baitaq/28.jpg	https://assets.open-quryltai.org/candidates/baitaq/28.jpg	Official Baitaq party source; no separate license declaration found.	2026-08-16T22:55:20Z	https://baytaq.kz/ru/candidates/kadyrbaeva-nurgul-zhumahmetkyzy	Кадырбаева Нургуль Жумахметовна — педагог, учитель начальных классов, многодетная мать и общественный деятель. Окончила университет «Отырар» по специальности «Учитель начальных классов». С 2004 по 2014 год работала учителем начальных классов в средней школе имени Турара Рыскулова. Наряду с педагогической деятельностью активно занимается вопросами воспитания детей, укрепления семейных ценностей и участвует в общественных инициативах. В 2026 году прошла курс повышения квалификации в Казахском агротехническом исследовательском университете имени Сакена Сейфуллина по вопросам экологии, охраны окружающей среды и экологической безопасности. В настоящее время поддерживает общественные инициативы Казахстанской партии зелёных «Байтақ», уделяя особое внимание развитию экологической культуры, укреплению института семьи и воспитанию подрастающего поколения. Лауреат номинаций «Мейірімді ана», «Мерейлі отбасы» и «Өнегелі отбасы».
baitaq	29	Қараш Алма	Алма Қараш	https://baytaq.kz/kk/candidates/karash-alma	Алма Қараш – экономист, өндіріс және жеңіл өнеркәсіп саласының кәсіпкері, қоғам қайраткері. Алматы облысында дүниеге келген. Экономика, өндіріс технологиясы, техникалық ғылымдар және құқық салалары бойынша білім алған. Еңбек жолын Алматы қаласы Алмалы ауданы әкімдігінің экономика бөлімінде бастап, кейін Қазақстанның екінші деңгейлі банктерінде басшылық қызметтер атқарды. 2013 жылдан бері өндіріс және медицина саласындағы жеке кәсіпкерлікпен айналысады. Қазіргі таңда ALMATEXTILE өндірістік компаниясы мен ADAL MEDPHARM медициналық орталығының құрылтайшысы. 2022 жылдан бастап Qaz Textile Industry жеңіл өнеркәсіп кәсіпорындарының ұлттық бірлестігінің Алматы қаласы және Алматы облысы бойынша филиалын басқарады. 2025 жылдан Алматы қаласы Кәсіпкерлер палатасының өңірлік кеңесі мен Таза өндірістер кеңесінің мүшесі. 2025 жылдан Қазақстанның «Байтақ» жасылдар партиясының мүшесі, Алматы қалалық филиалының төрайымы. Экологияны қорғау, жасыл экономиканы дамыту, отандық өндірісті қолдау және тұрғындардың өмір сүру сапасын арттыру бағытында белсенді жұмыс жүргізеді. 2026 жылы «Байтақ» партиясынан Құрылтай депутаттығына кандидат ретінде ұсынылды.	https://baytaq.kz/_next/image?url=https%3A%2F%2Fbaytaq.kz%2Fapi%2Fmedia%2Ffile%2FIMG_3654%2520(3).PNG&w=3840&q=75	1.000	0.261	MATCHED	UPLOADED	candidates/baitaq/29.jpg	https://assets.open-quryltai.org/candidates/baitaq/29.jpg	Official Baitaq party source; no separate license declaration found.	2026-08-16T22:55:23Z	https://baytaq.kz/ru/candidates/karash-alma	Алма Караш — экономист, предприниматель в сфере производства и лёгкой промышленности, общественный деятель. Родилась в Алматинской области. Имеет образование в области экономики, технологии производства, технических наук и права. Трудовую деятельность начала в аппарате акима Алмалинского района Алматы, затем занимала руководящие должности в банках второго уровня Казахстана. С 2013 года развивает собственный бизнес, является учредителем производственной компании ALMATEXTILE и медицинского центра ADAL MEDPHARM. С 2022 года возглавляет филиал Национального объединения предприятий лёгкой промышленности Qaz Textile Industry по городу Алматы и Алматинской области. С 2025 года входит в Региональный совет Палаты предпринимателей «Атамекен» города Алматы и Совет по чистым производствам. С 2025 года является членом Казахстанской партии зелёных «Байтақ» и председателем Алматинского городского филиала партии. Активно занимается вопросами развития зелёной экономики, поддержки отечественного производства, охраны окружающей среды и повышения качества жизни населения. В 2026 году выдвинута кандидатом в депутаты Курултая от партии «Байтақ».
baitaq	20	Камытбекова Сауле Жайлауовна	Қамытбекова Сәуле Жайлауқызы	https://baytaq.kz/kk/candidates/kamytbekova-saule-zhaylaukyzy		https://baytaq.kz/_next/image?url=https%3A%2F%2Fbaytaq.kz%2Fapi%2Fmedia%2Ffile%2Fchrome_MBMPgAYoJO.png&w=3840&q=75	0.945	0.382	MATCHED	UPLOADED	candidates/baitaq/20.jpg	https://assets.open-quryltai.org/candidates/baitaq/20.jpg	Official Baitaq party source; no separate license declaration found.	2026-08-16T22:55:27Z	https://baytaq.kz/ru/candidates/kamytbekova-saule-zhaylaukyzy	Камытбекова Сауле Жайлауовна — юрист, магистр права, опытный специалист с многолетним стажем работы в судебной системе и государственных органах. Окончила Шымкентский педагогический институт имени М. Ауэзова, Международный казахско-турецкий университет имени Х.А. Ясави и магистратуру KAZGUU имени М. Нарикбаева по специальности «Правоведение». Профессиональную деятельность начала в сфере образования, затем работала в судебной системе и государственных органах. В разные годы занимала должности в Южно-Казахстанском областном суде, Администраторе судов города Астаны, Министерстве туризма и спорта Республики Казахстан, системе фонда «Самрук-Қазына». В 2008–2017 годах работала судьёй Актюбинского городского суда и Алматинского районного суда города Астаны. С 2017 года работает в Аппарате Парламента Республики Казахстан. В настоящее время занимает руководящую должность в Аппарате Мажилиса, курируя вопросы законодательства и взаимодействия с парламентскими комитетами. Награждена нагрудным знаком «Үш би», а также юбилейными медалями «Қазақстан Республикасының Тәуелсіздігіне 30 жыл» и «Қазақстан Республикасының Парламентіне 30 жыл».
baitaq	34	Мұратұлы Руслан	Руслан Мұратұлы	https://baytaq.kz/kk/candidates/muratuly-ruslan		https://baytaq.kz/_next/image?url=https%3A%2F%2Fbaytaq.kz%2Fapi%2Fmedia%2Ffile%2FWhatsApp%2520Image%25202026-07-22%2520at%252011.32.26%2520PM.jpeg&w=3840&q=75	1.000	0.150	MATCHED	UPLOADED	candidates/baitaq/34.jpg	https://assets.open-quryltai.org/candidates/baitaq/34.jpg	Official Baitaq party source; no separate license declaration found.	2026-08-16T22:55:30Z	https://baytaq.kz/ru/candidates/muratuly-ruslan	Руслан Муратулы родился 10 февраля 1989 года в Байдибекском районе Туркестанской области. Имеет высшее образование, инженер-эколог. Окончил Шымкентский колледж по специальности «Строительство» и высшее учебное заведение по специальности «Химические вещества». В настоящее время обучается в магистратуре Южно-Казахстанского университета имени М. Ауэзова по образовательной программе «Технологии охраны окружающей среды». В 2008–2009 годах проходил срочную военную службу в Вооруженных силах Республики Казахстан. Трудовую деятельность начал инженером-строителем, затем работал диспетчером и мастером в сфере газового хозяйства. С 2019 года является директором ТОО «КазОйлЭнерджи». Под его руководством компания участвует в развитии инфраструктуры региона, создании новых рабочих мест и внедрении принципов экологической ответственности в производстве. С 2025 года является внештатным советником акима города Кентау по вопросам инвестиций, а также президентом Федерации джиу-джитсу Туркестанской области. Имеет практический опыт в сфере экологических технологий, производственной инженерии и регионального развития. Женат, воспитывает троих детей.
baitaq	30	Мамытов Нургалый Киябаевич	Мамытов Нұрғали Киябайұлы	https://baytaq.kz/kk/candidates/mamytov-nurgalyy-kiyabaevich	Мамытов Нұрғали Қиябайұлы – заң ғылымдарының PhD докторы, құқық саласының сарапшысы, эколог және қоғам қайраткері. Томск мемлекеттік университетінің заң факультетін тәмамдаған. Еңбек жолын 1982 жылы тергеуші болып бастап, прокуратура органдарында ұзақ жыл қызмет атқарды. КСРО Бас прокуратурасында, Алматы қаласы Алатау ауданының прокуроры, Солтүстік Қазақстан және Оңтүстік Қазақстан облыстары прокурорының міндетін атқарушы болды. Кейін Қазақстан Республикасы Премьер-Министрі Кеңсесінде және Президент Әкімшілігінде жауапты қызметтер атқарды. Прокуратура органдарының құрметті қызметкері, «Құрмет» орденінің иегері, «Қазақстан Республикасының ғылымына қосқан үлесі үшін» алтын медалімен марапатталған. Құқықтық актілерді әзірлеу жөніндегі сертификатталған сарапшы. Экология мамандығы бойынша білім алған. Бірқатар заң жобаларының, соның ішінде «Саяси қуғын-сүргін құрбандарын ақтау туралы» заң жобасының авторларының бірі. Қазақ, орыс, ағылшын және неміс тілдерін меңгерген. Қоғамдық қызметте шахмат спортын дамытуға елеулі үлес қосты: Оңтүстік Қазақстан облыстық шахмат федерациясын басқарды, Шымкент қаласында шахмат клубын ашуға бастамашы болды. Үйленген, үш баласы бар.	https://baytaq.kz/_next/image?url=https%3A%2F%2Fbaytaq.kz%2Fapi%2Fmedia%2Ffile%2FJ46A1437.JPG&w=3840&q=75	0.930	0.420	MATCHED	UPLOADED	candidates/baitaq/30.jpg	https://assets.open-quryltai.org/candidates/baitaq/30.jpg	Official Baitaq party source; no separate license declaration found.	2026-08-16T22:55:32Z	https://baytaq.kz/ru/candidates/mamytov-nurgalyy-kiyabaevich	Мамытов Нургали Киябаевич — доктор PhD, эксперт в области права, эколог и общественный деятель. Окончил юридический факультет Томского государственного университета. Трудовую деятельность начал в 1982 году следователем прокуратуры. Более 30 лет работал в органах прокуратуры, занимая ответственные должности, в том числе в Генеральной прокуратуре СССР, прокуратуре города Алматы, исполнял обязанности прокурора Северо-Казахстанской и Южно-Казахстанской областей. Позднее работал в Канцелярии Премьер-Министра Республики Казахстан и Администрации Президента Республики Казахстан. Почётный работник органов прокуратуры, кавалер ордена «Құрмет», награждён золотой медалью «За вклад в науку Республики Казахстан». Сертифицированный эксперт по разработке нормативных правовых актов, имеет образование в области экологии. Является автором ряда законопроектов, включая Закон «О реабилитации жертв политических репрессий». Свободно владеет казахским, русским, английским и немецким языками. Активно занимается общественной деятельностью и развитием шахматного спорта: возглавлял Федерацию шахмат Южно-Казахстанской области, инициировал открытие шахматного клуба в Шымкенте. Женат, воспитал троих детей.
baitaq	31	Мартель Владимир Александрович	Мартель Владимир Александрович	https://baytaq.kz/kk/candidates/martel-vladimir-aleksandrovich		https://baytaq.kz/_next/image?url=https%3A%2F%2Fbaytaq.kz%2Fapi%2Fmedia%2Ffile%2FJ46A1455.JPG&w=3840&q=75	1.000	0.442	MATCHED	UPLOADED	candidates/baitaq/31.jpg	https://assets.open-quryltai.org/candidates/baitaq/31.jpg	Official Baitaq party source; no separate license declaration found.	2026-08-16T22:55:36Z	https://baytaq.kz/ru/candidates/martel-vladimir-aleksandrovich	Мартель Владимир Александрович — юрист, общественный деятель и секретарь Казахстанской партии зелёных «Байтақ». Окончил юридический факультет Казахского государственного университета. Профессиональную деятельность начал в Министерстве юстиции Республики Казахстан, затем работал в Верховном Суде Республики Казахстан, аппарате акима Акмолинской области и Администрации Президента Республики Казахстан. В 1998–2004 годах занимал должность судьи Алматинского района города Астаны. Руководил юридической компанией, оказывавшей правовые услуги в сфере гражданско-правовых отношений. С 2022 года является активным членом Казахстанской партии зелёных «Байтақ», входит в состав Политического совета и Политического бюро, занимает должность секретаря партии. Является инициатором развития циркулярной экономики в Казахстане, продвижения эффективного управления вторичными ресурсами и сокращения использования одноразового пластика. По его инициативе в Астане был реализован проект по переработке изношенных автомобильных шин. Женат, воспитывает четверых детей. Ведёт здоровый образ жизни.
baitaq	33	Мусаев Улан Жолдошбекович	Мұсаев Ұлан Жолдошбекович	https://baytaq.kz/kk/candidates/musaev-ulan-zholdoshbekovich		https://baytaq.kz/_next/image?url=https%3A%2F%2Fbaytaq.kz%2Fapi%2Fmedia%2Ffile%2FJ46A1268.JPG&w=3840&q=75	1.000	0.374	MATCHED	UPLOADED	candidates/baitaq/33.jpg	https://assets.open-quryltai.org/candidates/baitaq/33.jpg	Official Baitaq party source; no separate license declaration found.	2026-08-16T22:55:39Z	https://baytaq.kz/ru/candidates/musaev-ulan-zholdoshbekovich	Мусаев Улан — общественный деятель, педагог и активный защитник прав людей с инвалидностью. Магистр религиоведения, переводчик арабского языка. С детства живёт с диагнозом детский церебральный паралич (ДЦП), однако сумел реализовать себя в общественной, образовательной и благотворительной деятельности. Окончил Казахский национальный университет имени аль-Фараби, где получил степени бакалавра и магистра по специальности «Религиоведение». С 2009 года работает учителем истории в школе-лицее №131 имени Бауыржана Момышулы города Алматы. В том же году основал общественное объединение «Біз сіздермен біргеміз» («Мы с вами вместе»), президентом которого является по настоящее время. Организация объединяет преимущественно людей с инвалидностью и реализует благотворительные, культурные и социальные проекты, направленные на поддержку людей с особыми потребностями. Является автором общественных проектов «Жүректен жүрекке», «Біз сіздермен біргеміз», «Көңілді думан», «Голос молодежи — Золотой микрофон», «Мы — за здоровый образ жизни!», способствующих развитию инклюзивной среды, культуры благотворительности и общественной активности. С 2020 года является советником акима Жетысуского района города Алматы по вопросам людей с инвалидностью. Занимается вопросами доступной среды, взаимодействием с государственными органами и реализацией социальных инициатив. За общественную, педагогическую и благотворительную деятельность неоднократно награждался благодарственными письмами, дипломами и общественными наградами, а также удостоен юбилейной медали «Қазақстан Тәуелсіздігіне 30 жыл».
baitaq	32	Махамбетова Назген Мансұрханқызы	Махамбетова Назген Мансұрханқызы	https://baytaq.kz/kk/candidates/mahambetova-nazgen-mansurhankyzy	Махамбетова Назген Мансұрханқызы – эколог, қоршаған ортаны қорғау саласының басшысы, экологиялық қауіпсіздік, өнеркәсіптік экология және орнықты даму бағыттарының сарапшысы. Л.Н. Гумилев атындағы Еуразия ұлттық университетін «Экология» мамандығы бойынша бакалавр және магистр дәрежелерімен тәмамдаған. Еңбек жолын жеке экологиялық ұйымдарда инженер-жобалаушы және верификатор ретінде бастап, экологиялық жобалау, табиғат қорғау құжаттарын әзірлеу, эмиссиялар нормативтерін дайындау және өндірістік кәсіпорындарды экологиялық сүйемелдеу салаларында жұмыс істеді. Кейін Қазақстан Республикасы Экология, геология және табиғи ресурстар министрлігінің Экологиялық бақылау басқармасында сарапшы болып қызмет атқарып, мемлекеттік экологиялық саясатты іске асыруға және экологиялық заңнаманың сақталуын қамтамасыз етуге үлес қосты. Қазіргі уақытта «ПетроҚазақстан Ойл Продактс» ЖШС Қоршаған ортаны қорғау бөлімінің бастығы қызметін атқарады. Оның жетекшілігімен өндірістің экологиялық қауіпсіздігін қамтамасыз ету, өндірістік экологиялық бақылауды ұйымдастыру, заманауи мониторинг жүйелерін енгізу және кәсіпорынның қоршаған ортаға әсерін төмендетуге бағытталған жобалар жүзеге асырылуда. Қоғамдық қызметте экологиялық мәдениетті дамыту, азаматтардың экологиялық жауапкершілігін арттыру және орнықты даму қағидаттарын ілгерілету бағытындағы бастамаларды қолдайды. Қазақстанның «БАЙТАҚ» жасылдар партиясынан депутаттыққа кандидат ретінде экологияны мемлекеттік саясаттың негізгі басымдықтарының бірі деп санайды.	https://baytaq.kz/_next/image?url=https%3A%2F%2Fbaytaq.kz%2Fapi%2Fmedia%2Ffile%2FWhatsApp%2520Image%25202026-07-21%2520at%252010.50.58%2520AM.jpeg&w=3840&q=75	1.000	0.503	MATCHED	UPLOADED	candidates/baitaq/32.jpg	https://assets.open-quryltai.org/candidates/baitaq/32.jpg	Official Baitaq party source; no separate license declaration found.	2026-08-16T22:55:42Z	https://baytaq.kz/ru/candidates/mahambetova-nazgen-mansurhankyzy	Махамбетова Назген Мансурхановна — эколог, руководитель в сфере охраны окружающей среды, эксперт в области экологической безопасности, промышленной экологии и устойчивого развития. Окончила Евразийский национальный университет имени Л.Н. Гумилева, получив степени бакалавра и магистра по специальности «Экология». Профессиональную деятельность начала в частных экологических организациях в качестве инженера-проектировщика и верификатора, занимаясь экологическим проектированием, разработкой природоохранной документации, подготовкой нормативов эмиссий и экологическим сопровождением промышленных предприятий. Позднее работала экспертом Управления экологического контроля Министерства экологии, геологии и природных ресурсов Республики Казахстан, где участвовала в реализации государственной экологической политики, совершенствовании системы экологического контроля и обеспечении соблюдения экологического законодательства. В настоящее время возглавляет отдел охраны окружающей среды ТОО «ПетроҚазақстан Ойл Продактс». Под её руководством реализуются проекты по обеспечению экологической безопасности производства, внедрению современных систем экологического мониторинга, организации производственного экологического контроля и снижению воздействия предприятия на окружающую среду. Активно участвует в общественной деятельности, поддерживая инициативы по развитию экологической культуры, повышению гражданской ответственности и продвижению принципов устойчивого развития. Является кандидатом от Казахстанской партии зелёных «БАЙТАҚ» и выступает за то, чтобы вопросы экологии занимали одно из ключевых мест в государственной политике.
baitaq	36	Ордабеков Алтай Еркебекович	Ордабеков Алтай Еркебекұлы	https://baytaq.kz/kk/candidates/ordabekov-altay-erkebekovich		https://baytaq.kz/_next/image?url=https%3A%2F%2Fbaytaq.kz%2Fapi%2Fmedia%2Ffile%2F%25D0%25A8%25D1%258B%25D0%25BC%25D0%25BA%25D0%25B5%25D0%25BD%25D1%2582.jpeg&w=3840&q=75	0.945	0.221	MATCHED	UPLOADED	candidates/baitaq/36.jpg	https://assets.open-quryltai.org/candidates/baitaq/36.jpg	Official Baitaq party source; no separate license declaration found.	2026-08-16T22:55:45Z	https://baytaq.kz/ru/candidates/ordabekov-altay-erkebekovich	Ордабеков Алтай Еркебекович — юрист, финансист, руководитель и общественный деятель. Имеет два высших образования по специальностям «Юриспруденция» и «Финансы». Более двадцати лет работает в сфере государственного управления, привлечения инвестиций и развития бизнеса. Профессиональную деятельность начал в юридической сфере, затем работал в банковском секторе, инвестиционных организациях и крупных компаниях. В разные годы занимал руководящие должности в Социально-предпринимательской корпорации «Шымкент», управляющей компании специальной экономической зоны «TURKISTAN», а также в компаниях, реализующих инвестиционные, энергетические и инфраструктурные проекты. Принимал непосредственное участие в привлечении инвестиций, сопровождении проектов государственно-частного партнёрства и реализации крупных социальных и производственных проектов, включая проекты в сфере возобновляемых источников энергии. С 2025 года возглавляет Шымкентский городской филиал Казахстанской партии зелёных «БАЙТАҚ». В своей работе уделяет особое внимание вопросам экологии, озеленения города, улучшения качества воздуха, рационального использования водных ресурсов, формирования экологической культуры и вовлечения молодёжи в общественную деятельность. С февраля 2026 года является директором ТОО «BBi Project». Основными принципами своей деятельности считает открытость, ответственность и достижение конкретных результатов, полагая, что доверие людей формируется не обещаниями, а честным ежедневным трудом и реальными делами.
baitaq	35	Ордабеков Айдос Бахытжанулы	Ордабеков Айдос Бахытжанұлы	https://baytaq.kz/kk/candidates/ordabekov-aydos-bahytzhanuly	Ордабеков Айдос Бахытжанұлы – заңгер, экономист және құрылыс саласының басқарушысы. Құқықтану және экономика мамандықтары бойынша жоғары білім алған. Еңбек жолын 2009 жылы бастаған. Әр жылдары денсаулық сақтау мекемесінде, Шымкент қаласының Құрылыс бөлімінде және қала әкімінің аппаратында қызмет атқарған. 2019–2022 жылдары Әл-Фараби ауданы әкімдігі аппаратының инфрақұрылым және абаттандыру бөлімін басқарып, жол құрылысы, инженерлік желілерді жаңарту және аумақтарды көркейту жобаларын үйлестірді. Кейін құрылыс саласындағы жеке секторда басшылық қызметтер атқарып, қазіргі таңда «Достар Құрылыс» ЖШС-нің директоры. Қазақстанның «Байтақ» жасылдар партиясының мүшесі. Табиғатты қорғау, биологиялық әртүрлілікті сақтау, табиғи ресурстарды ұтымды пайдалану және тұрақты даму қағидаттарын қолдайды. Қоғамдық қызметінде экологиялық жауапкершілік пен өңірлік инфрақұрылымды дамыту мәселелеріне басымдық береді.	https://baytaq.kz/_next/image?url=https%3A%2F%2Fbaytaq.kz%2Fapi%2Fmedia%2Ffile%2FWhatsApp%2520Image%25202026-07-21%2520at%252012.02.15%2520PM.jpeg&w=3840&q=75	1.000	0.305	MATCHED	UPLOADED	candidates/baitaq/35.jpg	https://assets.open-quryltai.org/candidates/baitaq/35.jpg	Official Baitaq party source; no separate license declaration found.	2026-08-16T22:55:47Z	https://baytaq.kz/ru/candidates/ordabekov-aydos-bahytzhanuly	Ордабеков Айдос Бахытжанулы — юрист, экономист и руководитель в сфере строительства. Имеет два высших образования по специальностям «Правоведение» и «Экономика». Трудовую деятельность начал в 2009 году. Работал в системе здравоохранения, в Управлении строительства города Шымкента и аппарате акима города. В 2019–2022 годах возглавлял отдел инфраструктуры и благоустройства аппарата акима Аль-Фарабийского района, где курировал проекты по развитию городской инфраструктуры, строительству дорог, модернизации инженерных сетей и благоустройству территорий. В дальнейшем занимал руководящие должности в частном строительном секторе. В настоящее время является директором ТОО «Достар Құрылыс». Является членом Казахстанской партии зелёных «Байтақ». Поддерживает принципы охраны окружающей среды, сохранения биологического разнообразия, рационального использования природных ресурсов и устойчивого развития. В своей общественной деятельности уделяет внимание вопросам экологической ответственности и развития региональной инфраструктуры.
baitaq	38	Сабурова Нургул Едигеевна	Сабырова Нұргүл Едігеқызы	https://baytaq.kz/kk/candidates/saburova-nurgul-edigeevna	Сабырова Нұргүл Едігеқызы – гидрогеология, инженерлік геология, геоэкология және жер қойнауын пайдалану салаларының маманы, техника және технология магистрі, эколог. Атырау мұнай және газ институтын және Қ.И. Сәтбаев атындағы Қазақ ұлттық техникалық университетін тәмамдап, геолог, гидрогеолог және эколог мамандықтарын игерді. Техника және технология магистрі дәрежесіне ие, қазіргі уақытта Satbayev University докторантурасында докторлық диссертациясын қорғауға дайындалуда. Еңбек жолын «Атыраугидрогеология» ЖШС-де бастап, жетекші гидрогеологтан бас директорға дейінгі кәсіби жолдан өтті. Оның жетекшілігімен Атырау және Маңғыстау облыстарындағы жерасты су қорларын зерттеу және бағалау бойынша 40-тан астам жоба жүзеге асырылып, халық пен өндіріс орындарын сапалы ауыз сумен қамтамасыз етуге үлес қосты. Гидрогеология, сумен жабдықтау және мұнай өндіру салаларында 14 өнертабыстың авторы әрі патент иеленушісі. Ғылыми зерттеулерінің нәтижелері халықаралық конференциялар мен конгрестерде таныстырылған. Кәсіби қызметінде жерасты су ресурстарын ұтымды пайдалану, қоршаған ортаны қорғау және табиғи ресурстарды тиімді игеру мәселелеріне басымдық береді.	https://baytaq.kz/_next/image?url=https%3A%2F%2Fbaytaq.kz%2Fapi%2Fmedia%2Ffile%2FWhatsApp%2520Image%25202026-07-21%2520at%252011.49.55%2520AM.jpeg&w=3840&q=75	0.865	0.191	MATCHED	UPLOADED	candidates/baitaq/38.jpg	https://assets.open-quryltai.org/candidates/baitaq/38.jpg	Official Baitaq party source; no separate license declaration found.	2026-08-16T22:55:49Z	https://baytaq.kz/ru/candidates/saburova-nurgul-edigeevna	Сабурова Нургуль Едигеевна — специалист в области гидрогеологии, инженерной геологии, геоэкологии и недропользования, магистр техники и технологий, эколог. Окончила Атырауский институт нефти и газа и Казахский национальный технический университет имени К.И. Сатпаева, получив квалификации инженера-геолога, гидрогеолога и эколога. Имеет степень магистра техники и технологий, в настоящее время завершает подготовку докторской диссертации в Satbayev University. Трудовую деятельность начала в ТОО «Атыраугидрогеология», пройдя путь от ведущего гидрогеолога до генерального директора. Под её руководством реализовано более 40 проектов по изучению и оценке запасов подземных вод Атырауской и Мангистауской областей, имеющих важное значение для обеспечения населения и промышленности качественными водными ресурсами. Является автором 14 изобретений и патентов в области гидрогеологии, водоснабжения и нефтедобычи. Результаты её научных исследований представлены на международных конференциях и конгрессах. Профессиональную деятельность посвящает вопросам рационального использования подземных вод, охраны окружающей среды и эффективного освоения природных ресурсов.
baitaq	40	Садинов Самат Камысбаевич	Садинов Самат Қамысбайұлы	https://baytaq.kz/kk/candidates/sadinov-samat-kamysbaevich		https://baytaq.kz/_next/image?url=https%3A%2F%2Fbaytaq.kz%2Fapi%2Fmedia%2Ffile%2F%25D0%25A1%25D0%25B0%25D0%25B4%25D0%25B8%25D0%25BD%25D0%25BE%25D0%25B2.PNG&w=3840&q=75	0.954	0.368	MATCHED	UPLOADED	candidates/baitaq/40.jpg	https://assets.open-quryltai.org/candidates/baitaq/40.jpg	Official Baitaq party source; no separate license declaration found.	2026-08-16T22:55:51Z	https://baytaq.kz/ru/candidates/sadinov-samat-kamysbaevich	Садинов Самат Камысбаевич родился в 1990 году. Имеет высшее образование по специальности «Электроэнергетика». Общий трудовой стаж — 15 лет. Женат, воспитывает троих детей. Профессиональную деятельность начал в сфере образования. Работая педагогом, уделял внимание не только качественному обучению молодежи, но и формированию патриотизма, ответственности и трудолюбия. Также занимал должность начальника производственного участка, где получил опыт организации производственных процессов, управления коллективом и обеспечения безопасности труда. С марта 2023 года является депутатом Кентауского городского маслихата. В депутатской деятельности занимается решением социальных, коммунальных, экологических и инфраструктурных вопросов жителей города. В настоящее время — заместитель председателя партии зеленых Казахстана «Байтақ» по южным регионам. Занимается вопросами развития экологической политики, зеленой экономики, защиты окружающей среды и повышения экологической культуры населения.
baitaq	39	Сагимбаев Таир Амантаевич	Сағымбаев Таир Амантайұлы	https://baytaq.kz/kk/candidates/sagimbaev-tair-amantaevich		https://baytaq.kz/_next/image?url=https%3A%2F%2Fbaytaq.kz%2Fapi%2Fmedia%2Ffile%2F4-1.jpg%2520(4).jpeg&w=3840&q=75	0.889	0.365	MATCHED	UPLOADED	candidates/baitaq/39.jpg	https://assets.open-quryltai.org/candidates/baitaq/39.jpg	Official Baitaq party source; no separate license declaration found.	2026-08-16T22:55:53Z	https://baytaq.kz/ru/candidates/sagimbaev-tair-amantaevich	Сагимбаев Таир Амантаевич — специалист в сфере здравоохранения, врач-стоматолог, руководитель в области медицинского менеджмента. Родился 20 июня 1983 года в городе Актау Мангистауской области. В 2005 году окончил Актюбинскую государственную медицинскую академию имени М. Оспанова по специальности «Стоматология», получив квалификацию врача-стоматолога. В 2024 году окончил AlmaU, где получил степень магистра делового администрирования (MBA). Профессиональную деятельность начал в 2006 году врачом-стоматологом. За двадцать лет работы прошёл путь от практикующего врача до руководителя регионального филиала государственной структуры и директора сети медицинских клиник. Обладает значительным опытом в сфере организации здравоохранения, стратегического и антикризисного управления, а также операционного менеджмента. Награждён нагрудным знаком «Отличник стоматологии». Состоит на воинском учёте в звании лейтенанта медицинской службы. Семейное положение: женат, воспитывает сына.
baitaq	42	Серикбаев Айбол Усенович	Серікбаев Айбол Үсенұлы	https://baytaq.kz/kk/candidates/serikbaev-aybol-usenovich	Серікбаев Айбол Үсенұлы 1990 жылы 3 сәуірде Қызылорда қаласында туған. Жоғары білімді. «Техник-жерге орналастырушы» және «Кадастр» мамандықтары бойынша білім алған. Жалпы еңбек өтілі – 16 жыл 3 ай. Үйленген, төрт бала тәрбиелеп отыр. Еңбек жолын жерге орналастыру саласында бастап, «Ақпан-2003» ЖШС, «Жер кадастры ғылыми-өндірістік орталығы» РМК Қызылорда облыстық филиалы және «КазНефтеГазКонсалтинг» ЖШС мекемелерінде инженер-жерге орналастырушы және маман қызметтерін атқарған. 2023-2024 жылдары жеке кәсіпкерлікпен айналысты. 2024 жылдан бастап «RS-ЖОЛ СЕРВИС» ЖШС директорының орынбасары қызметін атқарды. 2025 жылдан бастап Қазақстанның «Байтақ» жасылдар партиясы Қызылорда облыстық филиалының Атқарушы хатшысы. Партиялық қызмет аясында өңірдегі экологиялық бастамаларды дамытуға, қоршаған ортаны қорғау және жасыл даму бағытындағы жұмыстарды ілгерілетуге үлес қосып келеді.	https://baytaq.kz/_next/image?url=https%3A%2F%2Fbaytaq.kz%2Fapi%2Fmedia%2Ffile%2FJ46A1409.JPG&w=3840&q=75	0.925	0.395	MATCHED	UPLOADED	candidates/baitaq/42.jpg	https://assets.open-quryltai.org/candidates/baitaq/42.jpg	Official Baitaq party source; no separate license declaration found.	2026-08-16T22:55:55Z	https://baytaq.kz/ru/candidates/serikbaev-aybol-usenovich	Серикбаев Айбол Усенович родился 3 апреля 1990 года в городе Кызылорда. Имеет высшее образование по специальностям «Техник-землеустроитель» и «Кадастр». Общий трудовой стаж — 16 лет 3 месяца. Женат, воспитывает четверых детей. Профессиональную деятельность начал в сфере землеустройства. Работал инженером-землеустроителем и специалистом в ТОО «Акпан-2003», Кызылординском областном филиале РГП «Научно-производственный центр земельного кадастра», а также в ТОО «КазНефтеГазКонсалтинг». В 2023-2024 годах занимался предпринимательской деятельностью. С 2024 года занимал должность заместителя директора ТОО «RS-ЖОЛ СЕРВИС». С 2025 года — исполнительный секретарь Кызылординского областного филиала партии зеленых «Байтақ» Казахстана. В рамках партийной деятельности участвует в развитии экологических инициатив, продвижении принципов устойчивого развития и защиты окружающей среды.
baitaq	41	Сексенова Айман Казиевна	Сексенова Айман Казиевна	https://baytaq.kz/kk/candidates/seksenova-ayman-kazievna		https://baytaq.kz/_next/image?url=https%3A%2F%2Fbaytaq.kz%2Fapi%2Fmedia%2Ffile%2FIMG_7185%2520(1).PNG&w=3840&q=75	1.000	0.485	MATCHED	UPLOADED	candidates/baitaq/41.jpg	https://assets.open-quryltai.org/candidates/baitaq/41.jpg	Official Baitaq party source; no separate license declaration found.	2026-08-16T22:55:58Z	https://baytaq.kz/ru/candidates/seksenova-ayman-kazievna	Сексенова Айман Казиевна — эколог, управленец и общественный деятель. Имеет более 20 лет профессионального опыта в сфере экологии, корпоративного управления и управления персоналом. Обладает международной квалификацией CHRP в области управления человеческими ресурсами, в настоящее время обучается по программе MBA. С 2020 года является директором ТОО Eco Madeniet, где реализует проекты в области охраны окружающей среды, экологического просвещения, устойчивого развития и корпоративной социальной ответственности. С 2023 года — депутат Актюбинского городского маслихата VIII созыва. В настоящее время возглавляет Актюбинский областной филиал Казахстанской партии зелёных «Байтақ». В своей профессиональной и общественной деятельности уделяет особое внимание вопросам экологической безопасности, сохранения природных ресурсов, совершенствования системы обращения с отходами и развития экологической культуры. Награждена государственными и ведомственными наградами за вклад в развитие экологии и общественную деятельность.
baitaq	43	Скаков Ануарбек Адылбекович	Сқақов Ануарбек Ақылбекұлы	https://baytaq.kz/kk/candidates/skakov-anuarbek-adylbekovich		https://baytaq.kz/_next/image?url=https%3A%2F%2Fbaytaq.kz%2Fapi%2Fmedia%2Ffile%2F%25D0%25A4%25D0%25BE%25D1%2582%25D0%25BE%2520%25D0%25A1%25D0%25BA%25D0%25B0%25D0%25BA%25D0%25BE%25D0%25B2.jpg.jpeg&w=3840&q=75	0.932	0.364	MATCHED	UPLOADED	candidates/baitaq/43.jpg	https://assets.open-quryltai.org/candidates/baitaq/43.jpg	Official Baitaq party source; no separate license declaration found.	2026-08-16T22:56:03Z	https://baytaq.kz/ru/candidates/skakov-anuarbek-adylbekovich	Скаков Ануарбек родился 13 октября 1980 года. Имеет высшее юридическое образование, окончил Восточно-Казахстанский государственный университет имени С. Аманжолова по специальности «Юриспруденция». В 2008-2018 годах занимал различные должности в сфере электроэнергетики и энергоснабжения в Восточно-Казахстанской области и городе Астане. С 2018 года — председатель Палаты юридических консультантов города Астаны. В рамках общественной деятельности занимается защитой прав граждан, пострадавших вследствие ядерных испытаний на Семипалатинском испытательном ядерном полигоне. С 2012 года взаимодействует с государственными органами и общественными организациями по вопросам восстановления прав пострадавших граждан. В 2016 году инициировал судебные процессы по восстановлению права на меры социальной поддержки, предусмотренные законодательством РК. В 2023 году выступил инициатором обращения в Конституционный суд Республики Казахстан. Является членом Совета по барьерам Агентства по защите и развитию конкуренции РК (с 2020 года), членом Совета по защите прав предпринимателей и противодействию коррупции Палаты предпринимателей города Астаны (с 2023 года), членом Судебного жюри при Высшем судебном совете РК (с 2025 года). Награжден медалями «Әділет органдары жүйесін дамытуға қосқан үлесі үшін» и «Шапағат».
baitaq	44	Туртаев Алмат Керимбаевич	Тұртаев Алмат Керімбайұлы	https://baytaq.kz/kk/candidates/turtaev-almat-kerimbaevich		https://baytaq.kz/_next/image?url=https%3A%2F%2Fbaytaq.kz%2Fapi%2Fmedia%2Ffile%2Fdllhost_U4XOp4tadK.png&w=3840&q=75	0.954	0.164	MATCHED	UPLOADED	candidates/baitaq/44.jpg	https://assets.open-quryltai.org/candidates/baitaq/44.jpg	Official Baitaq party source; no separate license declaration found.	2026-08-16T22:56:05Z	https://baytaq.kz/ru/candidates/turtaev-almat-kerimbaevich	Туртаев Алмат родился 20 апреля 1969 года в семье офицера. Детство и юность провел в Алматы. Окончил Санкт-Петербургский государственный торгово-экономический институт. В 1987–1989 годах проходил службу в рядах Советской армии. Трудовую деятельность начал экономистом в коммерческой компании в Алматы. В 1996 году перешел на работу в Государственный банк развития Республики Казахстан (Государственный экспортно-импортный банк Казахстана), где прошел путь от специалиста до первого заместителя председателя правления. В 1997–1999 годах участвовал в работе Государственной комиссии по переносу столицы Казахстана в Астану. С 2001 года работал в АО «Казкоммерцбанк» в должностях управляющего директора, члена Правления, члена Коммерческой дирекции и руководителя Кредитного комитета. С 2005 года являлся партнером инвестиционных компаний, реализующих проекты в нефтяной, промышленной, продовольственной отраслях и сфере недвижимости. В 2005–2015 годах возглавлял компанию «Москоммерцинвест» в Москве. Имеет большой опыт в сфере инвестиций, финансов, нефтегазовой отрасли, строительства, гостиничного бизнеса и управления недвижимостью. Получил степень MBA в Российской академии народного хозяйства и государственной службы при Президенте Российской Федерации (РАНХиГС). В настоящее время является миноритарным акционером и руководителем компании в сфере консалтинга и управления недвижимостью. Женат, воспитывает троих детей.
baitaq	45	Туртаев Болат Талгасулы	Тұртаев Болат Талғасұлы	https://baytaq.kz/kk/candidates/turtaev-bolat-talgasuly	Тұртаев Болат – мұнай-газ саласының инженері, кен орындарын игеру жөніндегі маман, өндірістік бөлім басшысы. Қазақстанның мұнай-газ саласында 12 жылдық тәжірибесі бар. Алматы қаласында туған. О. А. Жәутіков атындағы республикалық физика-математика мектебінде білім алған. Кейін Ұлыбританияда білімін жалғастырып, Ackworth School колледжін және Портсмут университетін «Мұнай инженериясы» (Petroleum Engineering) мамандығы бойынша тәмамдаған. Шетелде алған білімі мен тәжірибесі табиғи ресурстарға жауапкершілікпен қарау және экологиялық мәдениетті дамыту бағытындағы көзқарасының қалыптасуына ықпал етті. Қазақстанға оралғаннан кейін еңбек жолын «ҚазМұнайГаз» Барлау Өндіру» АҚ Инженерлік орталығында инженер қызметінен бастады. «ҚазНИПИмұнайгаз» АҚ және «ҚМГ Инжиниринг» ЖШС жобалау ұйымдарында кен орындарын игеру жобалары, гидродинамикалық модельдеу және геологиялық-техникалық іс-шараларды негіздеу бағытында жұмыс істеді. Мамандандырылған инженерден жетекші және аға инженер лауазымдарына дейін өсті. Қазіргі таңда Қызылорда облысындағы жеке мұнай компаниясында ұңғымаларды бұрғылау және күрделі жөндеу бөлімін басқарады. Өндірістік бағдарламалар, бюджеттер, мердігер ұйымдармен жұмыс және өнеркәсіптік қауіпсіздік мәселелеріне жауап береді. Сонымен қатар Швейцариядағы SBS Swiss Business School оқу орнында MBA бағдарламасы бойынша білім алуда. Инженерлік тәжірибе мен басқарушылық білімді ұштастыра отырып, өндірістік және экологиялық мәселелерге кешенді көзқарас қалыптастырған. Қазақстанның «Байтақ» жасылдар партиясының мүшесі, Құрылтай депутаттығына кандидат. Жасыл энергетиканы дамыту, табиғи ресурстарды жауапты пайдалану, су тапшылығы мәселелерін шешу және өңірлердің экологиялық тепе-теңдігін қалпына келтіру бағыттарын қолдайды. Жастайынан футбол және бокс спорт түрлерімен айналысады. Кәсіби қызметінде талдау жасау, нақты деректерге сүйеніп шешім қабылдау және күрделі жағдайларда тиімді жұмыс істеу қабілетімен ерекшеленеді.	https://baytaq.kz/_next/image?url=https%3A%2F%2Fbaytaq.kz%2Fapi%2Fmedia%2Ffile%2F%25D0%25A4%25D0%25BE%25D1%2582%25D0%25BE%2520%25D0%25A2%25D1%2583%25D1%2580%25D1%2582%25D0%25B0%25D0%25B5%25D0%25B2%2520%25D0%2591%25D0%25BE%25D0%25BB%25D0%25B0%25D1%2582.jpg&w=3840&q=75	1.000	0.256	MATCHED	UPLOADED	candidates/baitaq/45.jpg	https://assets.open-quryltai.org/candidates/baitaq/45.jpg	Official Baitaq party source; no separate license declaration found.	2026-08-16T22:56:07Z	https://baytaq.kz/ru/candidates/turtaev-bolat-talgasuly	Туртаев Болат — инженер-нефтяник, специалист по разработке месторождений и руководитель производственного подразделения. Имеет 12-летний опыт работы в нефтегазовой отрасли Казахстана. Родился в Алматы. Окончил Республиканскую физико-математическую школу имени О. А. Жаутыкова. Продолжил образование в Великобритании, где окончил Ackworth School и Университет Портсмута по специальности «Нефтяная инженерия» (Petroleum Engineering). Опыт обучения и жизни за рубежом сформировал профессиональный подход к вопросам устойчивого развития и ответственного отношения к окружающей среде. После возвращения в Казахстан начал карьеру инженером в Инженерном центре АО «Разведка Добыча КазМунайГаз» в Актау. Работал в АО «КазНИПИмунайгаз» и ТОО «КМГ Инжиниринг», занимаясь проектированием разработки месторождений, гидродинамическим моделированием и подготовкой геолого-технических мероприятий. Прошел путь от специалиста до ведущего и старшего инженера. В настоящее время возглавляет отдел бурения и капитального ремонта скважин в частной нефтяной компании в Кызылординской области. Отвечает за производственные программы, бюджеты, взаимодействие с подрядными организациями и вопросы промышленной безопасности. Параллельно получает степень MBA в SBS Swiss Business School (Швейцария), сочетая инженерный опыт с управленческими знаниями. Член Казахстанской партии зелёных «Байтақ», кандидат в депутаты Курултая. Выступает за развитие зелёной энергетики, ответственное недропользование, решение вопросов водного дефицита и восстановление экологического баланса регионов. С юности занимается футболом и боксом. В профессиональной деятельности отличается аналитическим мышлением, вниманием к фактам и умением принимать решения в сложных производственных условиях.
baitaq	46	Файзулин Тамирлан Банияминович	Файзулин Тамирлан Банияминұлы	https://baytaq.kz/kk/candidates/fayzulin-tamirlan-baniyaminovich		https://baytaq.kz/_next/image?url=https%3A%2F%2Fbaytaq.kz%2Fapi%2Fmedia%2Ffile%2FJ46A1277.JPG&w=3840&q=75	0.954	0.426	MATCHED	UPLOADED	candidates/baitaq/46.jpg	https://assets.open-quryltai.org/candidates/baitaq/46.jpg	Official Baitaq party source; no separate license declaration found.	2026-08-16T22:56:11Z	https://baytaq.kz/ru/candidates/fayzulin-tamirlan-baniyaminovich	Файзулин Тамирлан Банияминович родился 20 августа 1990 года в Жетысуской области. Всю жизнь связан с Талдыкорганом, где живёт и работает. Имеет образование в сфере экономики и финансов. В 2010 году окончил Талдыкорганский гуманитарно-экономический колледж по специальности «Финансы», в 2014 году — Казахский экономический университет имени Т. Рыскулова, получив квалификацию экономиста. Профессиональную деятельность начал на государственной службе в акимате города Талдыкоргана, где занимался вопросами поддержки местного предпринимательства. Позже работал в производственной сфере, отвечая за организацию работы участка и управление производственными процессами. С 2019 года занимается предпринимательской деятельностью. Развивает проекты в Жетысуской области в сфере строительства социального жилья, рыбоводства и природного туризма, направленные на развитие региона и создание рабочих мест. Член партии зеленых Казахстана «Байтақ». Возглавляет предвыборный штаб партии по Жетысуской области, кандидат в депутаты Құрылтая. Выступает за устойчивое развитие региона, ответственное использование природных ресурсов и повышение качества жизни населения. Женат, воспитывает двоих детей. Владеет казахским, русским, татарским и английским языками.
baitaq	47	Ысматуллаев Руслан Серікұлы	Ысматуллаев Руслан Серікұлы	https://baytaq.kz/kk/candidates/ysmatullaev-ruslan-serikuly		https://baytaq.kz/_next/image?url=https%3A%2F%2Fbaytaq.kz%2Fapi%2Fmedia%2Ffile%2FJ46A1357-1.JPG&w=3840&q=75	1.000	0.261	MATCHED	UPLOADED	candidates/baitaq/47.jpg	https://assets.open-quryltai.org/candidates/baitaq/47.jpg	Official Baitaq party source; no separate license declaration found.	2026-08-16T22:56:14Z	https://baytaq.kz/ru/candidates/ysmatullaev-ruslan-serikuly	Ысматуллаев Руслан Серикович родился 1 января 1990 года в Жанакорганском районе Кызылординской области. Имеет высшее образование по специальностям «Техник-землеустроитель», «Кадастр» и «Юриспруденция». Общий трудовой стаж — 14 лет. Женат, воспитывает четверых детей. Профессиональную деятельность начал в сфере землеустройства. Работал инженером-землеустроителем в ТОО «АИС Қызылорда» и ТОО «КазНефтеГазКонсалтинг». В 2015-2019 годах занимал должность главного специалиста отдела земельных отношений города Кызылорды. С 2021 года — директор ТОО «RS-ЖОЛ СЕРВИС». С 2025 года — председатель Кызылординского областного филиала партии зеленых Казахстана «Байтақ». В рамках партийной деятельности занимается развитием экологических инициатив, вопросами защиты окружающей среды и продвижением принципов устойчивого развития региона.
baitaq	37	Өміртай Амалбек Даркенұлы	Өміртай Амалбек Дәркенұлы	https://baytaq.kz/kk/candidates/omirtay-amalbek-darkenuly		https://baytaq.kz/_next/image?url=https%3A%2F%2Fbaytaq.kz%2Fapi%2Fmedia%2Ffile%2FJ46A1327.JPG&w=3840&q=75	1.000	0.491	MATCHED	UPLOADED	candidates/baitaq/37.jpg	https://assets.open-quryltai.org/candidates/baitaq/37.jpg	Official Baitaq party source; no separate license declaration found.	2026-08-16T22:56:18Z	https://baytaq.kz/ru/candidates/omirtay-amalbek-darkenuly	Амалбек Даркенулы — экономист, государственный управленец и общественный деятель. Доктор философии (PhD), имеет значительный опыт работы в сфере государственного управления, привлечения инвестиций, молодежной политики и культуры. В 2015 году окончил Казахский национальный университет имени аль-Фараби по специальности «Мировая экономика», получив степень бакалавра. В 2017 году завершил обучение в магистратуре, а в 2021 году — в докторантуре. Трудовую деятельность начал в АО «ПетроКазахстан» в должности инспектора по кадрам и документообороту. В дальнейшем работал в Министерстве национальной экономики Республики Казахстан, занимал должность заместителя директора Алматинского государственного колледжа сервиса и технологий, а также преподавал в Казахском национальном университете имени аль-Фараби. В 2018–2022 годах занимал должности директора АО «Turkistan Invest», руководителя Молодежного ресурсного центра Туркестанской области и руководителя аппарата акима города Кентау. В этот период участвовал в реализации проектов по привлечению инвестиций, развитию молодежной политики и совершенствованию государственного управления. В 2023–2025 годах работал заместителем директора РГКП «Национальный музей Республики Казахстан» Комитета культуры Министерства культуры и информации Республики Казахстан. В настоящее время является руководителем аппарата акима Толебийского района Туркестанской области.
