profile_name	profile_url_ru	biography_ru	collected_at
Әміртаев Азаматхан Сайлауұлы	https://baytaq.kz/ru/candidates/amirtaev-azamathan-saylouovich	Азаматхан Амиртаев Сайлауович родился 21 марта 1978 года в Жамбылской области. Имеет высшее образование. Окончил Республиканскую специализированную физико-математическую школу-интернат имени Жаутыкова, Алматинский институт энергетики и связи по специальности «Вычислительная техника и программное обеспечение», Казахский национальный аграрный университет по специальности «Государственное местное управление». Получил степень Executive MBA в Московской школе управления «Сколково». Профессиональную деятельность начал в сфере информационных технологий. Работал директором Алматинского филиала пейджинговой компании, директором ТОО «Kaznewtech», советником руководства АО «НК «Қазақстан Темір Жолы» по вопросам информатизации. Также занимал должности вице-президента и президента Казахстанской ассоциации софтверных компаний. В 2014-2016 годах — президент ОО «Альянс инвесторов». С 2016 года — президент Республиканского общественного объединения «Экологическое движение «Байтақ-Болашақ». Являлся членом Национального совета общественного доверия при Президенте Республики Казахстан, членом совета директоров АО «Национальный управляющий холдинг «КазАгро», член Национального курултая при Президенте Республики Казахстан. Один из инициаторов развития экологического движения «Байтақ». Занимается вопросами защиты окружающей среды, развития экологической политики, устойчивого развития и повышения экологической культуры общества. Награжден медалью «Шапағат» (2020) и орденом «Құрмет» (2026). Лауреат национальной премии «Народный любимец-2014» в номинации «Меценат года». Женат, воспитывает четверых детей. Владеет казахским, русским и английским языками.	2026-08-16T22:57:37Z
Әмірова Шолпан Кенесқызы	https://baytaq.kz/ru/candidates/amirova-sholpan-keneskyzy	Амирова Шолпан Кенескызы — эксперт в сфере недропользования, землепользования, природных ресурсов и инвестиционных проектов с более чем 20-летним профессиональным опытом. Прошла путь от главного специалиста государственного органа до руководителя компаний, работающих в сфере освоения природных ресурсов и реализации инвестиционных проектов. В профессиональной деятельности специализируется на сопровождении проектов недропользования, взаимодействии с государственными органами, подготовке контрактов, лицензий, технико-экономических обоснований и инвестиционных программ. При её участии подготовлено и согласовано более 50 контрактов и лицензий на право недропользования, реализован ряд инвестиционных проектов. Трудовую деятельность начала в Департаменте природных ресурсов и регулирования природопользования Атырауской области. В дальнейшем работала в Управлении природных ресурсов Атырауской области, АО «СПК «Атырау», а также занимала руководящие должности в ТОО «Атырау Тау Кен» и «Tau Ken Geology», где отвечала за развитие бизнеса, стратегическое управление и взаимодействие с инвесторами. Имеет два высших образования — инженерно-техническое и юридическое, является сертифицированным медиатором. В 2023 году участвовала в выборах депутатов Атырауского областного маслихата от Казахстанской партии зелёных «Байтақ», подтверждая активную гражданскую позицию и стремление к развитию региона.	2026-08-16T22:57:39Z
Айбеков Елдос Айбекұлы	https://baytaq.kz/ru/candidates/aybekov-aydos-aybekuly	Айбеков Елдос Айбекулы — общественный деятель, управленец и эксперт в области образования, цифровых технологий и устойчивого развития. Имеет высшее образование в сфере финансов. Является основателем научно-исследовательского института и автором образовательных проектов, направленных на развитие предпринимательства и экологического мышления. В разные годы работал на государственной службе, в бизнесе и научной сфере. В настоящее время занимает должность заместителя председателя Алматинского областного филиала Казахстанской партии зелёных «Байтақ» и является членом Политического бюро партии. Координирует работу регионального филиала, активно участвует в реализации экологических и общественных инициатив. В своей профессиональной и общественной деятельности уделяет особое внимание развитию экологического образования, внедрению цифровых технологий, продвижению зелёной экономики и принципов устойчивого развития. Награждён государственной медалью Республики Казахстан «Шапағат» за вклад в общественную деятельность и развитие социальных инициатив.	2026-08-16T22:57:40Z
Әміртаев Сапар Әбдіраманұлы	https://baytaq.kz/ru/candidates/amirtaev-sapar-abdramanovich	Амиртаев Сапар Абдраманович родился 19 июля 1962 года в городе Шымкент. Имеет высшее юридическое образование, в 1984 году окончил юридический факультет Казахского государственного университета имени С.М. Кирова. Трудовую деятельность начал в органах внутренних дел Республики Казахстан, где более 19 лет работал на различных следственных и руководящих должностях. Прошел путь от следователя районного отдела внутренних дел до заместителя начальника ГУВД Южно-Казахстанской области по следствию, а также занимал руководящие должности в системе МВД и Департамента финансовой полиции. С 2003 года осуществляет адвокатскую деятельность, являясь членом Южно-Казахстанской, а затем Туркестанской областной коллегии адвокатов. В 2024–2025 годах входил в состав Высшего Судебного Совета Республики Казахстан. В настоящее время продолжает профессиональную деятельность в качестве адвоката Туркестанской областной коллегии адвокатов. Обладает многолетним опытом работы в сфере уголовного права, следствия, защиты прав и законных интересов граждан, а также совершенствования судебно-правовой системы. Женат, воспитал троих детей.	2026-08-16T22:57:41Z
Әбдуалиева Айгүл Қадесқызы	https://baytaq.kz/ru/candidates/abdualieva-aygul-kadesovna	Абдуалиева Айгуль Кадесовна — кандидат медицинских наук, эксперт в области экологии, общественного здравоохранения и устойчивого развития, общественный деятель. Имеет более 25 лет профессионального опыта в сфере здравоохранения, экологии, науки и государственного управления. В разные годы работала врачом и руководителем медицинских организаций. В настоящее время является президентом Международной академии экологии, председателем технического комитета по стандартизации ТК 60 «Экология» и председателем Международной ассоциации производителей экологически чистой продукции. Активно участвует в развитии экологической стандартизации, сертификации и внедрении международных практик устойчивого развития в Казахстане. В своей профессиональной и общественной деятельности уделяет особое внимание вопросам экологической культуры, охраны окружающей среды, устойчивого развития и экологического образования. Руководит крупными республиканскими и международными экологическими проектами, является автором более 20 научных и учебно-методических трудов. За вклад в развитие здравоохранения, экологической политики и общественную деятельность награждена государственными и ведомственными наградами.	2026-08-16T22:57:42Z
Асқаров Бекзат Ерікұлы	https://baytaq.kz/ru/candidates/askarov-bekzat-erikovich	Аскаров Бекзат Ерикович родился 26 апреля 1988 года в городе Алматы. Имеет высшее образование. Окончил Казахский агротехнический университет имени С. Сейфуллина, Казахский национальный университет искусств, а также Академию «Кокше» по специальности «Юриспруденция». Трудовую деятельность начал в 2008 году в сфере средств массовой информации. Работал журналистом на телеканалах «Астана», «Седьмой канал» и КТК. Позже занимал должности эксперта и главного эксперта в Комитете внутреннего государственного аудита и финансового контроля Министерства финансов Республики Казахстан, где получил опыт в сфере государственного аудита, финансового контроля и государственных закупок. Является сертифицированным государственным аудитором Республики Казахстан. В разные годы работал заместителем председателя Объединения юридических лиц «Международный союз поэтов», методистом АО «Центр электронных финансов», помощником депутата Мажилиса Парламента Республики Казахстан, а также директором департамента Альянса предпринимателей «Parasat». В настоящее время занимается юридической практикой. Специализируется на вопросах государственных закупок, государственного аудита, финансового контроля, представительстве в судах по гражданским и административным делам, а также защите прав и законных интересов граждан и организаций. Сын известного казахского писателя и общественного деятеля Еріка Аскарова. Женат, воспитывает троих детей. Считает своими главными принципами служение стране, верховенство закона и защиту принципов справедливости и ответственности.	2026-08-16T22:57:43Z
Байзаханов Аслан Әділханұлы	https://baytaq.kz/ru/candidates/bayzahanov-aslan-adil-hanovich	Байзаханов Аслан Адильханович — врач, эксперт в области общественного здравоохранения и общественный деятель. Более 15 лет работает в сфере здравоохранения, обладает большим опытом в области медицинского менеджмента, стратегического развития медицинских организаций и реализации государственных проектов. В разные годы работал преподавателем, руководителем медицинских организаций и структурных подразделений квазигосударственного сектора. В настоящее время является активным членом Алматинского городского филиала Казахстанской партии зелёных «Байтақ». В своей профессиональной и общественной деятельности уделяет особое внимание вопросам общественного здравоохранения, экологической безопасности, эффективного государственного управления и развития гражданского общества. За вклад в развитие отечественного здравоохранения награждён нагрудным знаком «Алтын Дәрігер» и отмечен благодарственными письмами государственных органов и Президента Республики Казахстан.	2026-08-16T22:57:44Z
Байтеміров Тұрсынбек Шерниязұлы	https://baytaq.kz/ru/candidates/baytemirov-tursynbek-sherniyazovich	Байтемиров Турсынбек Шерниязович – инженер-механик, руководитель в сфере промышленности и водоснабжения. Родился в 1967 году в Западно-Казахстанской области. Окончил Западно-Казахстанский сельскохозяйственный институт по специальности «Инженер-механик». Проходил службу в Воздушно-десантных войсках СССР, является ветераном боевых действий в Нагорном Карабахе. Трудовую деятельность начал на Уральском механическом заводе, затем работал на государственной службе и в промышленной сфере. Возглавлял отдел промышленности Департамента промышленности и топливно-энергетического комплекса Западно-Казахстанской области, занимался предпринимательской деятельностью. В 2019–2025 годах работал на АО «Уральский завод „Зенит“», где занимал руководящие должности в сфере маркетинга и сбыта, а также возглавлял профсоюзную организацию предприятия. Награждён медалью «Почётный машиностроитель Казахстана». С 2025 года является генеральным директором ТОО «БатысСуШар». В своей профессиональной и общественной деятельности уделяет особое внимание развитию инфраструктуры водоснабжения, обеспечению населения качественной питьевой водой, вопросам экологической безопасности и устойчивого развития регионов.	2026-08-16T22:57:45Z
Баубек Нариман Асқарұлы	https://baytaq.kz/ru/candidates/baubek-nariman-askaruly	Баубек Нариман Аскарович — инженер, эксперт в области науки, экологии и экологических технологий. Имеет образование в сфере менеджмента, химической технологии и радиационной безопасности. Трудовую деятельность начал в Министерстве труда и социальной защиты Республики Казахстан. В дальнейшем занимал руководящие должности в сфере инжиниринга, промышленности и научно-исследовательской деятельности. С 2018 года является директором ТОО «Baiterek Engineering», где руководит научно-исследовательскими проектами в области экологии, рационального природопользования, энергосбережения, управления отходами, очистки загрязнённых вод, снижения выбросов парниковых газов и внедрения наилучших доступных технологий. Автор и соавтор научных публикаций, монографии, а также ряда изобретений и патентов, зарегистрированных в Казахстане, России и Европе. С 2025 года является членом Научно-технического совета Министерства промышленности и строительства Республики Казахстан, с 2026 года — внештатным советником председателя правления Внешнеторговой палаты Республики Казахстан по вопросам развития биофармацевтической отрасли и научно-технического сотрудничества. С 2025 года возглавляет Астанинский городской филиал Казахстанской партии зелёных «Байтақ». В своей общественной деятельности уделяет особое внимание развитию науки и отечественного производства, внедрению современных технологий, экологической безопасности и повышению качества жизни граждан.	2026-08-16T22:57:46Z
Бекахметов Ғабит Қайратұлы	https://baytaq.kz/ru/candidates/bekahmetov-gabit-kayratovich	Габит Бекахметов — казахстанский эксперт и предприниматель в сфере образования, выпускник Duke University (США) и University of Oxford (Великобритания). Более 15 лет занимается развитием образовательных инициатив, направленных на внедрение международных стандартов обучения и подготовку конкурентоспособного поколения молодых лидеров. В разные годы возглавлял Республиканскую физико-математическую школу (РФМШ), курируя развитие филиалов в Астане и Алматы, а также подготовку учащихся к международным предметным олимпиадам. Сегодня является основателем образовательного акселератора Maruf Fellows, консалтинговой компании Paradigm Shift и инициатором инновационных проектов Urban School, EdVille International School и Perspective School. Занимается стратегическим развитием образовательных организаций, подготовкой будущих лидеров, сопровождением поступления студентов в ведущие мировые университеты и внедрением современных образовательных решений. Автор нескольких книг по вопросам образования, развития мышления и будущего общества. Продолжает активно участвовать в развитии и модернизации образовательной системы Казахстана.	2026-08-16T22:57:47Z
Баяжұма Асылбек	https://baytaq.kz/ru/candidates/bayazhuma-asylbek	Баяжума Асылбек — политолог, журналист, публицист и общественный деятель, эксперт в области государственной идеологии, международной политики, экологии и устойчивого развития. Имеет более 20 лет опыта государственной службы, пройдя профессиональный путь от районного специалиста до руководящих должностей в областных государственных органах и центральном аппарате министерства. В дальнейшем работал в средствах массовой информации и институтах гражданского общества, занимаясь формированием общественного мнения, анализом государственной политики и продвижением национальных интересов. Является автором многочисленных аналитических публикаций и исследований по вопросам государственного управления, экологии, национальной безопасности, регионального развития и международной политики. В настоящее время возглавляет Акмолинский областной филиал Казахстанской партии зелёных «Байтақ». Под его руководством реализуются общественные проекты по развитию экологической культуры, повышению гражданской активности молодёжи и реализации общенациональной инициативы «Таза Қазақстан». Также занимается научно-исследовательской деятельностью, является автором книг по общественно-политическому развитию Казахстана и известен как поэт.	2026-08-16T22:57:48Z
Деркач Марина Владимировна	https://baytaq.kz/ru/candidates/derkach-marina-vladimirovna	Деркач Марина Владимировна — эксперт в сфере креативного образования, общественный деятель, председатель Ассоциации дополнительного образования при НПП «Атамекен». Родилась в 1979 году в Актобе. Мать четверых сыновей. Основатель авторской Школы развития творческого мышления ArtLab, ставшей первой в Казахстане организацией дополнительного образования, прошедшей международную институциональную аккредитацию. По итогам реализации авторских образовательных программ зафиксировано значительное улучшение показателей здоровья учащихся. Принимала участие в работе экспертной группы при Сенате Парламента Республики Казахстан по вопросам развития креативного образования и формирования законодательной базы креативных индустрий. Является членом правления Евразийской ассоциации креативных индустрий. За вклад в развитие образования и реализацию социальных проектов награждена государственной медалью «Ерен еңбегі үшін», а также была номинирована на первую президентскую премию «АруАна» в категории «Наука и инновации». Свою общественную деятельность связывает с развитием креативного образования, поддержкой детей и молодежи, формированием безопасной образовательной среды и повышением качества человеческого капитала Казахстана.	2026-08-16T22:57:49Z
Досанов Абай Сәбитұлы	https://baytaq.kz/ru/candidates/dosanov-abay-sabitovich	Досанов Абай Сабитович — управленец с многолетним опытом работы в сфере транспорта, экологии и государственного управления. Имеет три высших образования по специальностям «География и туризм», «Правоведение» и «Организация перевозок, движения и эксплуатация транспорта». Общий трудовой стаж превышает 30 лет. Работал в государственных органах, системе «Кедентранссервис», АО «Вокзал-Сервис» и АО «НК «Қазақстан темір жолы». В настоящее время занимает должность заместителя директора филиала АО «НК «ҚТЖ» – «Дирекция магистральной сети» по вокзальному хозяйству, содержанию зданий и инженерных систем. В своей профессиональной и общественной деятельности уделяет особое внимание развитию транспортной инфраструктуры, обеспечению экологической безопасности, охране окружающей среды, поддержке человека труда и устойчивому развитию регионов Казахстана.	2026-08-16T22:57:50Z
Жаппарова Ардак Сарсенбекқызы	https://baytaq.kz/ru/candidates/dzhapparova-ardak-sarsenbekovna	Джаппарова Ардак Сарсенбековна — юрист, магистр права. Высшее юридическое образование получила в Таразском государственном университете имени М.Х. Дулати, затем с отличием окончила магистратуру Астанинского университета по специальности «Право». В настоящее время обучается по программе MBA в университете AlmaU. Трудовую деятельность начала в 2000 году помощником председателя Нотариальной палаты города Астаны. Работала юрисконсультом, частным нотариусом, а с 2007 года является членом Нотариальной палаты города Астаны. С 2025 года занимает должность директора ТОО «СПМК-5». Имеет более 25 лет профессионального опыта в сфере нотариата, защиты прав граждан и юридических лиц, обеспечения законности и правовой безопасности гражданского оборота. Активно поддерживает общественные инициативы, направленные на развитие правовой культуры и укрепление принципов верховенства закона. В своей профессиональной деятельности руководствуется принципами профессионализма, честности, справедливости и ответственности, считая своими главными приоритетами укрепление правового государства, защиту прав и законных интересов граждан и содействие устойчивому развитию Республики Казахстан.	2026-08-16T22:57:51Z
Жакишев Алмаз Әжібекұлы	https://baytaq.kz/ru/candidates/dzhakishev-almaz-azhibekovich	Джакишев Алмаз Ажибекович — магистр технической физики и экономики, общественный деятель. С 2023 года занимает должность исполнительного секретаря Восточно-Казахстанского областного филиала Казахстанской партии зелёных «Байтақ». Окончил Восточно-Казахстанский технический университет имени Д. Серикбаева, где получил степени бакалавра и магистра по специальности «Техническая физика», а также Восточно-Казахстанский университет имени С. Аманжолова, получив степень магистра экономики. Трудовую деятельность начал инженером в Восточно-Казахстанском государственном техническом университете. В разные годы возглавлял молодежное крыло «Jas Otan» в Усть-Каменогорске, преподавал робототехнику, работал старшим преподавателем по информационно-коммуникационным технологиям, а также руководителем сектора по работе с учебными заведениями и молодежными организациями Молодежного ресурсного центра города Усть-Каменогорска. Активно занимается общественной и экологической деятельностью. За волонтерскую работу в период пандемии COVID-19 награжден медалью Президента Республики Казахстан «Халық алғысы». Также отмечен благодарственными письмами Президента Республики Казахстан, Министерства экологии и природных ресурсов, партии «Байтақ» и других государственных органов.	2026-08-16T22:57:52Z
Иманбаев Айдос Бейбітұлы	https://baytaq.kz/ru/candidates/imanbaev-aydos-beybitovich	Иманбаев Айдос Бейбитулы — юрист, эксперт в сфере исполнительного производства с более чем 20-летним профессиональным опытом. Окончил Карагандинский государственный университет имени Е.А. Букетова по специальности «Юриспруденция». Трудовую деятельность начал судебным исполнителем. В дальнейшем работал в центральном аппарате Комитета по судебному администрированию при Верховном Суде Республики Казахстан, пройдя путь от ведущего специалиста до начальника управления, а также занимал должность в Министерстве юстиции Республики Казахстан. В 2022–2026 годах возглавлял Республиканскую палату частных судебных исполнителей. За время работы внес значительный вклад в развитие системы исполнительного производства, инициировал внедрение цифровых решений, направленных на повышение прозрачности и эффективности исполнения судебных актов, а также совершенствование деятельности института частных судебных исполнителей. Являлся членом Общественного совета при Министерстве юстиции и рабочих групп Парламента по разработке профильных законопроектов. Является специальным советником Президента Международного союза судебных исполнителей по странам СНГ и Азии, автором публикаций в казахстанских и зарубежных изданиях, участником международных профессиональных конференций.	2026-08-16T22:57:53Z
Иманалиев Аскар Маратович	https://baytaq.kz/ru/candidates/imanaliev-askar-maratovich		2026-08-16T22:57:54Z
Қажиев Серікқан Ерғалиұлы	https://baytaq.kz/ru/candidates/kazhiev-serikkan-ergalievich	Кажиев Сериккан Ергалиевич родился 19 марта 1967 года в селе Саржал Абайского района области Абай. Окончил Семипалатинский строительный техникум, а затем Центрально-Азиатский университет по специальности «Юриспруденция». Трудовую деятельность начал в строительной сфере. В 1989–2011 годах проходил службу в органах внутренних дел Республики Казахстан, где занимал различные руководящие должности в системе дорожной полиции, завершив службу в должности командира отдельного батальона дорожной полиции №2 ДВД Восточно-Казахстанской области. После выхода на пенсию работал в сфере безопасности и строительства. В 2015–2023 годах возглавлял ТОО «ПОСЖБ». В настоящее время является директором ТОО «СемСтрой-Лидер». Имеет многолетний опыт работы в сфере правоохранительной деятельности, безопасности и строительства. Женат, воспитывает пятерых детей.	2026-08-16T22:57:55Z
Каметов Бақыт Хабидоллаұлы	https://baytaq.kz/ru/candidates/kametov-bakyt-habidullaevich	Каметов Бакыт Хабидуллаевич родился 7 февраля 1967 года в городе Гурьеве (ныне Атырау). Имеет высшее образование. Окончил Атырауский педагогический университет по специальности «Учитель физики и математики», Карагандинскую высшую школу полиции по специальности «Юриспруденция», а также Университет имени Ш. Есенова по специальности «Экономика». Трудовую деятельность начал в органах внутренних дел. В 1990–2006 годах работал участковым инспектором, сотрудником уголовного розыска, заместителем начальника подразделений органов внутренних дел, начальником следственного изолятора и исправительного учреждения, заместителем начальника районного отдела полиции. В последующие годы возглавлял Жайык-Каспийскую межобластную рыбохозяйственную инспекцию, учреждение «Еңбек-Атырау», занимался предпринимательской деятельностью, руководил службой безопасности Атырауского нефтеперерабатывающего завода и крестьянским хозяйством «Тама-Кен». В настоящее время является депутатом Атырауского областного маслихата, членом Казахстанской партии зелёных «Байтақ». Женат, воспитывает четверых детей.	2026-08-16T22:57:56Z
Кенжебекова Роза Темірқұлқызы	https://baytaq.kz/ru/candidates/kenzhebekova-roza-temirkulkyzy	Кенжебекова Роза Темиркуловна — общественный деятель, опытный специалист железнодорожной отрасли, председатель Женского совета Казахстанской партии зелёных «БАЙТАҚ». Имеет высшее экономическое образование. Более 22 лет работала в железнодорожной отрасли Казахстана, пройдя путь от специалиста до руководителя. Внесла значительный вклад в развитие отрасли, совершенствование производственных процессов и укрепление трудовых коллективов. В настоящее время возглавляет Женский совет партии «БАЙТАҚ», реализует проекты по развитию женского лидерства, экологического просвещения, поддержке семьи и молодёжи, а также продвижению общенациональной инициативы «Таза Қазақстан». В своей общественной деятельности последовательно выступает за защиту окружающей среды, социальную справедливость, укрепление института семьи и расширение участия женщин в общественной и политической жизни. Семейное положение: воспитывает сына.	2026-08-16T22:57:57Z
Керей Бекберген Дүйсенбайұлы	https://baytaq.kz/ru/candidates/kerey-bekbergen-duysenbayuly	Керей Бекберген Дуйсенбаевич родился 1 ноября 1971 года в селе Чалдай Щербактинского района Павлодарской области. Окончил Акмолинский сельскохозяйственный институт по специальности «Инженер-землеустроитель». Общий трудовой стаж — 34 года, стаж государственной службы — 31 год. Женат, имеет двоих детей. Профессиональную деятельность начал в сфере земельных отношений. Работал в земельной инспекции и природоохранных органах Павлодарской области. В дальнейшем занимал руководящие должности в Министерстве охраны окружающей среды, Министерстве энергетики, Министерстве экологии, геологии и природных ресурсов Республики Казахстан, курируя вопросы экологической политики, стратегического планирования, зеленой экономики, международного сотрудничества и привлечения инвестиций. В 2022 году работал главным менеджером Департамента инвестиций АО «НГК «Казгеология». С 2023 года занимает руководящие должности в Казахстанской партии зеленых «Байтақ», возглавлял Центральный аппарат и исполнял обязанности исполнительного секретаря партии. В настоящее время — секретарь Казахстанской партии зеленых «Байтақ» по вопросам зеленой экономики. Занимается развитием экологической политики, продвижением принципов зеленой экономики и устойчивого развития. Награжден нагрудным знаком «Экология саласының үздігі», юбилейной медалью «20 лет независимости Республики Казахстан», медалью «Ерен еңбегі үшін» и Почетной грамотой Министерства экологии Республики Казахстан.	2026-08-16T22:57:58Z
Кенжалиев Эльнар Бақдәулетұлы	https://baytaq.kz/ru/candidates/kenzhaliev-el-nar-bagdauletovich	Кенжалиев Эльнар — инженер-металлург, кандидат технических наук, специалист с более чем 20-летним опытом работы в горно-металлургической и промышленной отраслях, свыше 10 лет занимал руководящие должности. С отличием окончил Казахский национальный технический университет имени К. Сатпаева, затем защитил кандидатскую диссертацию в Институте металлургии и обогащения. Проходил научную стажировку в Израильском технологическом институте (Технион). Автор 32 научных публикаций и ряда патентов Республики Казахстан. В разные годы работал в Институте металлургии и обогащения, корпорации «Казахмыс», Национальной горнорудной компании «Тау-Кен Самрук» и научно-технологическом холдинге «Парасат». Руководил реализацией крупных производственных и инвестиционных проектов в сфере металлургии, горнодобывающей промышленности и инновационных технологий. В настоящее время отвечает за стратегическое развитие и привлечение инвестиций в компании KazNewTech. Последовательно выступает за внедрение экологически безопасных технологий, развитие глубокой переработки сырья, сокращение промышленных отходов, восстановление нарушенных земель и рациональное использование природных ресурсов, считая, что промышленное развитие должно сочетаться с ответственным отношением к окружающей среде.	2026-08-16T22:57:59Z
Күнғожин Алмаз Мұхамбетұлы	https://baytaq.kz/ru/candidates/kungozhin-almaz-muhambetovich	Кунгожин Алмаз Мухамбетович — педагог, математик, доктор философии (PhD), руководитель в сфере образования и эксперт в области STEM-образования и олимпиадного движения. Окончил бакалавриат, магистратуру и докторантуру КазНУ имени аль-Фараби, выпускник международной программы «Болашак». Профессиональный путь прошёл от учителя математики и тренера олимпиадного резерва до руководителя ведущих образовательных учреждений. Возглавлял Республиканскую физико-математическую школу в Алматы, в настоящее время занимает должность первого заместителя председателя правления Республиканской физико-математической школы, курируя академическое направление. Неоднократно руководил национальной сборной Казахстана на Международной математической олимпиаде (IMO), Балканской математической олимпиаде (BMO) и Европейской математической олимпиаде для девушек (EGMO). Автор научных публикаций, авторского свидетельства и соавтор сборников олимпиадных задач. В настоящее время является кандидатом в депутаты Национального курултая от Казахстанской партии зелёных «Байтақ». В своей общественной деятельности выступает за развитие качественного образования, экологической культуры и принципов устойчивого развития, рассматривая интеллектуальный потенциал и сохранение природы как основу будущего Казахстана.	2026-08-16T22:58:00Z
Краснокуцкий Андрей Анатольевич	https://baytaq.kz/ru/candidates/krasnokutskiy-andrey-anatol-evich	Краснокуцкий Андрей Анатольевич – дата рождения 26 декабря 1986 года в городе Алматы. Здесь прошло моё детство, здесь я учился, начал работать и сделал первые шаги в предпринимательстве. Работать начал ещё школьном возрасте с 12 лет, помогая продавать в магазине “Серебряный диск” и именно тогда впервые понял, насколько важно уметь работать, держать своё слово и уважать людей. Начинали с небольшого бизнеса и заёмных денег в 21 год, мы с друзьями открыли первый магазин по продаже компьютерных игр и аксессуаров были взлеты и падения. В какой-то момент из-за неудачного партнёрства нам пришлось практически начать всё сначала. Но именно этот опыт научил меня главному: неудача - это не конец. Если не опускать руки, анализировать свои ошибки и продолжать двигаться вперёд, любую трудность можно превратить в новую возможность. После того как остался один единственный магазин, начался новый этап. Мы стали участвовать в государственных закупках, реализовывать крупные социальные проекты, поставлять оборудование и постепенно заслужили доверие заказчиков. Так появилась компания ATON+. Сегодня ATON+ - это Казахстанское производство. Мы выпускаем компьютерные корпуса, детские игровые площадки и различные элементы благоустройства Для меня важно видеть конкретный результат своей работы. Когда продукция, созданная нашей командой, появляется в школах, дворах и общественных пространствах по всему Казахстану, я понимаю, что наша работа действительно приносит пользу народу нашей страны. Я всегда верил в технологии и возможности, которые они дают человеку. Если что-то, не знаешь - этому можно научиться. Сегодня мир меняется очень быстро. Искусственный интеллект, цифровые технологии и современные производства открывают перед Казахстаном огромные возможности. Создавать возможность для молодых людей. Создать производство. Создать технологии. Создать рабочие места.	2026-08-16T22:58:01Z
Құдеринов Мұрат Тасболатұлы	https://baytaq.kz/ru/candidates/kuderinov-murat-tasbulatovich	Мурат Кудеринов родился 21 сентября 1977 года в Карагандинской области. Имеет высшее юридическое образование. В 1999 году окончил Карагандинский государственный университет имени Е.А. Букетова по специальности «Правоведение». Трудовую деятельность начал в органах прокуратуры, где с 2000 по 2010 годы проходил службу в прокуратуре Карагандинской области. В последующие годы работал юристом в сфере недропользования, руководил филиалом товарной биржи по Карагандинской области, возглавлял юридический отдел АО «Станция Экибастузская ГРЭС-2». С 2015 года является директором ТОО «Наше право.kz», а с 2019 года — председателем Правления Палаты казахстанских юридических консультантов. В 2015 году основал общественное объединение «Туған жер», занимающееся вопросами охраны окружающей среды. Является инициатором десятков судебных процессов по прекращению деятельности предприятий, нарушавших экологическое законодательство Республики Казахстан. С 2022 года состоит в Казахстанской партии зеленых «Байтақ», является исполнительным секретарем Карагандинского областного филиала, членом Политбюро и Политического совета партии. В 2023–2025 годах был депутатом Карагандинского городского маслихата VIII созыва. Женат, воспитывает двоих детей.	2026-08-16T22:58:02Z
Қыдырбаев Ерлан Жайлаубайұлы	https://baytaq.kz/ru/candidates/kydyrbaev-erlan-zhaylaubaevich	Кыдырбаев Ерлан Жайлаубаевич родился 4 августа 1976 года в городе Алматы. В 1998 году окончил Казахский государственный аграрный университет по специальности «Ветеринарная медицина». Позже получил образование в университете «Туран» по специальностям «Экономика и менеджмент» (2004) и «Юриспруденция» (2013). В настоящее время является аспирантом кафедры экологии Института биологии Национальной академии наук Кыргызской Республики, где занимается научным исследованием в области биологических методов борьбы с опасными вредителями лесных насаждений. Трудовую деятельность начал в 1998 году. Работал менеджером по продажам, коммерческим директором и руководителем ряда коммерческих организаций, в том числе ТОО «Компания КЕНТ», ТОО «РПА Астана Медиа Сервис», ТОО «TAYER» и ЖСК «ДАР». В настоящее время является специалистом по коммерциализации в ТОО «Олтек Трейд» и ТОО «Азия-Auto Казахстан». С 2026 года — собственник сетевого издания ALEM. В 2021–2023 годах входил в состав Национального научного совета МОН РК по приоритету «Устойчивое развитие агропромышленного комплекса и безопасность сельскохозяйственной продукции». С 2021 года является членом Совета по региональному развитию города Астаны. С 2022 года — член Казахстанской партии зелёных «Байтақ», секретарь Центрального аппарата партии. Женат, воспитывает троих детей. Является инвалидом I группы.	2026-08-16T22:58:03Z
Қадырбаева Нұргүл Жұмахметқызы	https://baytaq.kz/ru/candidates/kadyrbaeva-nurgul-zhumahmetkyzy	Кадырбаева Нургуль Жумахметовна — педагог, учитель начальных классов, многодетная мать и общественный деятель. Окончила университет «Отырар» по специальности «Учитель начальных классов». С 2004 по 2014 год работала учителем начальных классов в средней школе имени Турара Рыскулова. Наряду с педагогической деятельностью активно занимается вопросами воспитания детей, укрепления семейных ценностей и участвует в общественных инициативах. В 2026 году прошла курс повышения квалификации в Казахском агротехническом исследовательском университете имени Сакена Сейфуллина по вопросам экологии, охраны окружающей среды и экологической безопасности. В настоящее время поддерживает общественные инициативы Казахстанской партии зелёных «Байтақ», уделяя особое внимание развитию экологической культуры, укреплению института семьи и воспитанию подрастающего поколения. Лауреат номинаций «Мейірімді ана», «Мерейлі отбасы» и «Өнегелі отбасы».	2026-08-16T22:58:04Z
Алма Қараш	https://baytaq.kz/ru/candidates/karash-alma	Алма Караш — экономист, предприниматель в сфере производства и лёгкой промышленности, общественный деятель. Родилась в Алматинской области. Имеет образование в области экономики, технологии производства, технических наук и права. Трудовую деятельность начала в аппарате акима Алмалинского района Алматы, затем занимала руководящие должности в банках второго уровня Казахстана. С 2013 года развивает собственный бизнес, является учредителем производственной компании ALMATEXTILE и медицинского центра ADAL MEDPHARM. С 2022 года возглавляет филиал Национального объединения предприятий лёгкой промышленности Qaz Textile Industry по городу Алматы и Алматинской области. С 2025 года входит в Региональный совет Палаты предпринимателей «Атамекен» города Алматы и Совет по чистым производствам. С 2025 года является членом Казахстанской партии зелёных «Байтақ» и председателем Алматинского городского филиала партии. Активно занимается вопросами развития зелёной экономики, поддержки отечественного производства, охраны окружающей среды и повышения качества жизни населения. В 2026 году выдвинута кандидатом в депутаты Курултая от партии «Байтақ».	2026-08-16T22:58:05Z
Қамытбекова Сәуле Жайлауқызы	https://baytaq.kz/ru/candidates/kamytbekova-saule-zhaylaukyzy	Камытбекова Сауле Жайлауовна — юрист, магистр права, опытный специалист с многолетним стажем работы в судебной системе и государственных органах. Окончила Шымкентский педагогический институт имени М. Ауэзова, Международный казахско-турецкий университет имени Х.А. Ясави и магистратуру KAZGUU имени М. Нарикбаева по специальности «Правоведение». Профессиональную деятельность начала в сфере образования, затем работала в судебной системе и государственных органах. В разные годы занимала должности в Южно-Казахстанском областном суде, Администраторе судов города Астаны, Министерстве туризма и спорта Республики Казахстан, системе фонда «Самрук-Қазына». В 2008–2017 годах работала судьёй Актюбинского городского суда и Алматинского районного суда города Астаны. С 2017 года работает в Аппарате Парламента Республики Казахстан. В настоящее время занимает руководящую должность в Аппарате Мажилиса, курируя вопросы законодательства и взаимодействия с парламентскими комитетами. Награждена нагрудным знаком «Үш би», а также юбилейными медалями «Қазақстан Республикасының Тәуелсіздігіне 30 жыл» и «Қазақстан Республикасының Парламентіне 30 жыл».	2026-08-16T22:58:06Z
Руслан Мұратұлы	https://baytaq.kz/ru/candidates/muratuly-ruslan	Руслан Муратулы родился 10 февраля 1989 года в Байдибекском районе Туркестанской области. Имеет высшее образование, инженер-эколог. Окончил Шымкентский колледж по специальности «Строительство» и высшее учебное заведение по специальности «Химические вещества». В настоящее время обучается в магистратуре Южно-Казахстанского университета имени М. Ауэзова по образовательной программе «Технологии охраны окружающей среды». В 2008–2009 годах проходил срочную военную службу в Вооруженных силах Республики Казахстан. Трудовую деятельность начал инженером-строителем, затем работал диспетчером и мастером в сфере газового хозяйства. С 2019 года является директором ТОО «КазОйлЭнерджи». Под его руководством компания участвует в развитии инфраструктуры региона, создании новых рабочих мест и внедрении принципов экологической ответственности в производстве. С 2025 года является внештатным советником акима города Кентау по вопросам инвестиций, а также президентом Федерации джиу-джитсу Туркестанской области. Имеет практический опыт в сфере экологических технологий, производственной инженерии и регионального развития. Женат, воспитывает троих детей.	2026-08-16T22:58:07Z
Мамытов Нұрғали Киябайұлы	https://baytaq.kz/ru/candidates/mamytov-nurgalyy-kiyabaevich	Мамытов Нургали Киябаевич — доктор PhD, эксперт в области права, эколог и общественный деятель. Окончил юридический факультет Томского государственного университета. Трудовую деятельность начал в 1982 году следователем прокуратуры. Более 30 лет работал в органах прокуратуры, занимая ответственные должности, в том числе в Генеральной прокуратуре СССР, прокуратуре города Алматы, исполнял обязанности прокурора Северо-Казахстанской и Южно-Казахстанской областей. Позднее работал в Канцелярии Премьер-Министра Республики Казахстан и Администрации Президента Республики Казахстан. Почётный работник органов прокуратуры, кавалер ордена «Құрмет», награждён золотой медалью «За вклад в науку Республики Казахстан». Сертифицированный эксперт по разработке нормативных правовых актов, имеет образование в области экологии. Является автором ряда законопроектов, включая Закон «О реабилитации жертв политических репрессий». Свободно владеет казахским, русским, английским и немецким языками. Активно занимается общественной деятельностью и развитием шахматного спорта: возглавлял Федерацию шахмат Южно-Казахстанской области, инициировал открытие шахматного клуба в Шымкенте. Женат, воспитал троих детей.	2026-08-16T22:58:08Z
Мартель Владимир Александрович	https://baytaq.kz/ru/candidates/martel-vladimir-aleksandrovich	Мартель Владимир Александрович — юрист, общественный деятель и секретарь Казахстанской партии зелёных «Байтақ». Окончил юридический факультет Казахского государственного университета. Профессиональную деятельность начал в Министерстве юстиции Республики Казахстан, затем работал в Верховном Суде Республики Казахстан, аппарате акима Акмолинской области и Администрации Президента Республики Казахстан. В 1998–2004 годах занимал должность судьи Алматинского района города Астаны. Руководил юридической компанией, оказывавшей правовые услуги в сфере гражданско-правовых отношений. С 2022 года является активным членом Казахстанской партии зелёных «Байтақ», входит в состав Политического совета и Политического бюро, занимает должность секретаря партии. Является инициатором развития циркулярной экономики в Казахстане, продвижения эффективного управления вторичными ресурсами и сокращения использования одноразового пластика. По его инициативе в Астане был реализован проект по переработке изношенных автомобильных шин. Женат, воспитывает четверых детей. Ведёт здоровый образ жизни.	2026-08-16T22:58:09Z
Мұсаев Ұлан Жолдошбекович	https://baytaq.kz/ru/candidates/musaev-ulan-zholdoshbekovich	Мусаев Улан — общественный деятель, педагог и активный защитник прав людей с инвалидностью. Магистр религиоведения, переводчик арабского языка. С детства живёт с диагнозом детский церебральный паралич (ДЦП), однако сумел реализовать себя в общественной, образовательной и благотворительной деятельности. Окончил Казахский национальный университет имени аль-Фараби, где получил степени бакалавра и магистра по специальности «Религиоведение». С 2009 года работает учителем истории в школе-лицее №131 имени Бауыржана Момышулы города Алматы. В том же году основал общественное объединение «Біз сіздермен біргеміз» («Мы с вами вместе»), президентом которого является по настоящее время. Организация объединяет преимущественно людей с инвалидностью и реализует благотворительные, культурные и социальные проекты, направленные на поддержку людей с особыми потребностями. Является автором общественных проектов «Жүректен жүрекке», «Біз сіздермен біргеміз», «Көңілді думан», «Голос молодежи — Золотой микрофон», «Мы — за здоровый образ жизни!», способствующих развитию инклюзивной среды, культуры благотворительности и общественной активности. С 2020 года является советником акима Жетысуского района города Алматы по вопросам людей с инвалидностью. Занимается вопросами доступной среды, взаимодействием с государственными органами и реализацией социальных инициатив. За общественную, педагогическую и благотворительную деятельность неоднократно награждался благодарственными письмами, дипломами и общественными наградами, а также удостоен юбилейной медали «Қазақстан Тәуелсіздігіне 30 жыл».	2026-08-16T22:58:10Z
Махамбетова Назген Мансұрханқызы	https://baytaq.kz/ru/candidates/mahambetova-nazgen-mansurhankyzy	Махамбетова Назген Мансурхановна — эколог, руководитель в сфере охраны окружающей среды, эксперт в области экологической безопасности, промышленной экологии и устойчивого развития. Окончила Евразийский национальный университет имени Л.Н. Гумилева, получив степени бакалавра и магистра по специальности «Экология». Профессиональную деятельность начала в частных экологических организациях в качестве инженера-проектировщика и верификатора, занимаясь экологическим проектированием, разработкой природоохранной документации, подготовкой нормативов эмиссий и экологическим сопровождением промышленных предприятий. Позднее работала экспертом Управления экологического контроля Министерства экологии, геологии и природных ресурсов Республики Казахстан, где участвовала в реализации государственной экологической политики, совершенствовании системы экологического контроля и обеспечении соблюдения экологического законодательства. В настоящее время возглавляет отдел охраны окружающей среды ТОО «ПетроҚазақстан Ойл Продактс». Под её руководством реализуются проекты по обеспечению экологической безопасности производства, внедрению современных систем экологического мониторинга, организации производственного экологического контроля и снижению воздействия предприятия на окружающую среду. Активно участвует в общественной деятельности, поддерживая инициативы по развитию экологической культуры, повышению гражданской ответственности и продвижению принципов устойчивого развития. Является кандидатом от Казахстанской партии зелёных «БАЙТАҚ» и выступает за то, чтобы вопросы экологии занимали одно из ключевых мест в государственной политике.	2026-08-16T22:58:11Z
Ордабеков Алтай Еркебекұлы	https://baytaq.kz/ru/candidates/ordabekov-altay-erkebekovich	Ордабеков Алтай Еркебекович — юрист, финансист, руководитель и общественный деятель. Имеет два высших образования по специальностям «Юриспруденция» и «Финансы». Более двадцати лет работает в сфере государственного управления, привлечения инвестиций и развития бизнеса. Профессиональную деятельность начал в юридической сфере, затем работал в банковском секторе, инвестиционных организациях и крупных компаниях. В разные годы занимал руководящие должности в Социально-предпринимательской корпорации «Шымкент», управляющей компании специальной экономической зоны «TURKISTAN», а также в компаниях, реализующих инвестиционные, энергетические и инфраструктурные проекты. Принимал непосредственное участие в привлечении инвестиций, сопровождении проектов государственно-частного партнёрства и реализации крупных социальных и производственных проектов, включая проекты в сфере возобновляемых источников энергии. С 2025 года возглавляет Шымкентский городской филиал Казахстанской партии зелёных «БАЙТАҚ». В своей работе уделяет особое внимание вопросам экологии, озеленения города, улучшения качества воздуха, рационального использования водных ресурсов, формирования экологической культуры и вовлечения молодёжи в общественную деятельность. С февраля 2026 года является директором ТОО «BBi Project». Основными принципами своей деятельности считает открытость, ответственность и достижение конкретных результатов, полагая, что доверие людей формируется не обещаниями, а честным ежедневным трудом и реальными делами.	2026-08-16T22:58:13Z
Ордабеков Айдос Бахытжанұлы	https://baytaq.kz/ru/candidates/ordabekov-aydos-bahytzhanuly	Ордабеков Айдос Бахытжанулы — юрист, экономист и руководитель в сфере строительства. Имеет два высших образования по специальностям «Правоведение» и «Экономика». Трудовую деятельность начал в 2009 году. Работал в системе здравоохранения, в Управлении строительства города Шымкента и аппарате акима города. В 2019–2022 годах возглавлял отдел инфраструктуры и благоустройства аппарата акима Аль-Фарабийского района, где курировал проекты по развитию городской инфраструктуры, строительству дорог, модернизации инженерных сетей и благоустройству территорий. В дальнейшем занимал руководящие должности в частном строительном секторе. В настоящее время является директором ТОО «Достар Құрылыс». Является членом Казахстанской партии зелёных «Байтақ». Поддерживает принципы охраны окружающей среды, сохранения биологического разнообразия, рационального использования природных ресурсов и устойчивого развития. В своей общественной деятельности уделяет внимание вопросам экологической ответственности и развития региональной инфраструктуры.	2026-08-16T22:58:14Z
Сабырова Нұргүл Едігеқызы	https://baytaq.kz/ru/candidates/saburova-nurgul-edigeevna	Сабурова Нургуль Едигеевна — специалист в области гидрогеологии, инженерной геологии, геоэкологии и недропользования, магистр техники и технологий, эколог. Окончила Атырауский институт нефти и газа и Казахский национальный технический университет имени К.И. Сатпаева, получив квалификации инженера-геолога, гидрогеолога и эколога. Имеет степень магистра техники и технологий, в настоящее время завершает подготовку докторской диссертации в Satbayev University. Трудовую деятельность начала в ТОО «Атыраугидрогеология», пройдя путь от ведущего гидрогеолога до генерального директора. Под её руководством реализовано более 40 проектов по изучению и оценке запасов подземных вод Атырауской и Мангистауской областей, имеющих важное значение для обеспечения населения и промышленности качественными водными ресурсами. Является автором 14 изобретений и патентов в области гидрогеологии, водоснабжения и нефтедобычи. Результаты её научных исследований представлены на международных конференциях и конгрессах. Профессиональную деятельность посвящает вопросам рационального использования подземных вод, охраны окружающей среды и эффективного освоения природных ресурсов.	2026-08-16T22:58:15Z
Садинов Самат Қамысбайұлы	https://baytaq.kz/ru/candidates/sadinov-samat-kamysbaevich	Садинов Самат Камысбаевич родился в 1990 году. Имеет высшее образование по специальности «Электроэнергетика». Общий трудовой стаж — 15 лет. Женат, воспитывает троих детей. Профессиональную деятельность начал в сфере образования. Работая педагогом, уделял внимание не только качественному обучению молодежи, но и формированию патриотизма, ответственности и трудолюбия. Также занимал должность начальника производственного участка, где получил опыт организации производственных процессов, управления коллективом и обеспечения безопасности труда. С марта 2023 года является депутатом Кентауского городского маслихата. В депутатской деятельности занимается решением социальных, коммунальных, экологических и инфраструктурных вопросов жителей города. В настоящее время — заместитель председателя партии зеленых Казахстана «Байтақ» по южным регионам. Занимается вопросами развития экологической политики, зеленой экономики, защиты окружающей среды и повышения экологической культуры населения.	2026-08-16T22:58:17Z
Сағымбаев Таир Амантайұлы	https://baytaq.kz/ru/candidates/sagimbaev-tair-amantaevich	Сагимбаев Таир Амантаевич — специалист в сфере здравоохранения, врач-стоматолог, руководитель в области медицинского менеджмента. Родился 20 июня 1983 года в городе Актау Мангистауской области. В 2005 году окончил Актюбинскую государственную медицинскую академию имени М. Оспанова по специальности «Стоматология», получив квалификацию врача-стоматолога. В 2024 году окончил AlmaU, где получил степень магистра делового администрирования (MBA). Профессиональную деятельность начал в 2006 году врачом-стоматологом. За двадцать лет работы прошёл путь от практикующего врача до руководителя регионального филиала государственной структуры и директора сети медицинских клиник. Обладает значительным опытом в сфере организации здравоохранения, стратегического и антикризисного управления, а также операционного менеджмента. Награждён нагрудным знаком «Отличник стоматологии». Состоит на воинском учёте в звании лейтенанта медицинской службы. Семейное положение: женат, воспитывает сына.	2026-08-16T22:58:19Z
Серікбаев Айбол Үсенұлы	https://baytaq.kz/ru/candidates/serikbaev-aybol-usenovich	Серикбаев Айбол Усенович родился 3 апреля 1990 года в городе Кызылорда. Имеет высшее образование по специальностям «Техник-землеустроитель» и «Кадастр». Общий трудовой стаж — 16 лет 3 месяца. Женат, воспитывает четверых детей. Профессиональную деятельность начал в сфере землеустройства. Работал инженером-землеустроителем и специалистом в ТОО «Акпан-2003», Кызылординском областном филиале РГП «Научно-производственный центр земельного кадастра», а также в ТОО «КазНефтеГазКонсалтинг». В 2023-2024 годах занимался предпринимательской деятельностью. С 2024 года занимал должность заместителя директора ТОО «RS-ЖОЛ СЕРВИС». С 2025 года — исполнительный секретарь Кызылординского областного филиала партии зеленых «Байтақ» Казахстана. В рамках партийной деятельности участвует в развитии экологических инициатив, продвижении принципов устойчивого развития и защиты окружающей среды.	2026-08-16T22:58:21Z
Сексенова Айман Казиевна	https://baytaq.kz/ru/candidates/seksenova-ayman-kazievna	Сексенова Айман Казиевна — эколог, управленец и общественный деятель. Имеет более 20 лет профессионального опыта в сфере экологии, корпоративного управления и управления персоналом. Обладает международной квалификацией CHRP в области управления человеческими ресурсами, в настоящее время обучается по программе MBA. С 2020 года является директором ТОО Eco Madeniet, где реализует проекты в области охраны окружающей среды, экологического просвещения, устойчивого развития и корпоративной социальной ответственности. С 2023 года — депутат Актюбинского городского маслихата VIII созыва. В настоящее время возглавляет Актюбинский областной филиал Казахстанской партии зелёных «Байтақ». В своей профессиональной и общественной деятельности уделяет особое внимание вопросам экологической безопасности, сохранения природных ресурсов, совершенствования системы обращения с отходами и развития экологической культуры. Награждена государственными и ведомственными наградами за вклад в развитие экологии и общественную деятельность.	2026-08-16T22:58:23Z
Сқақов Ануарбек Ақылбекұлы	https://baytaq.kz/ru/candidates/skakov-anuarbek-adylbekovich	Скаков Ануарбек родился 13 октября 1980 года. Имеет высшее юридическое образование, окончил Восточно-Казахстанский государственный университет имени С. Аманжолова по специальности «Юриспруденция». В 2008-2018 годах занимал различные должности в сфере электроэнергетики и энергоснабжения в Восточно-Казахстанской области и городе Астане. С 2018 года — председатель Палаты юридических консультантов города Астаны. В рамках общественной деятельности занимается защитой прав граждан, пострадавших вследствие ядерных испытаний на Семипалатинском испытательном ядерном полигоне. С 2012 года взаимодействует с государственными органами и общественными организациями по вопросам восстановления прав пострадавших граждан. В 2016 году инициировал судебные процессы по восстановлению права на меры социальной поддержки, предусмотренные законодательством РК. В 2023 году выступил инициатором обращения в Конституционный суд Республики Казахстан. Является членом Совета по барьерам Агентства по защите и развитию конкуренции РК (с 2020 года), членом Совета по защите прав предпринимателей и противодействию коррупции Палаты предпринимателей города Астаны (с 2023 года), членом Судебного жюри при Высшем судебном совете РК (с 2025 года). Награжден медалями «Әділет органдары жүйесін дамытуға қосқан үлесі үшін» и «Шапағат».	2026-08-16T22:58:24Z
Тұртаев Алмат Керімбайұлы	https://baytaq.kz/ru/candidates/turtaev-almat-kerimbaevich	Туртаев Алмат родился 20 апреля 1969 года в семье офицера. Детство и юность провел в Алматы. Окончил Санкт-Петербургский государственный торгово-экономический институт. В 1987–1989 годах проходил службу в рядах Советской армии. Трудовую деятельность начал экономистом в коммерческой компании в Алматы. В 1996 году перешел на работу в Государственный банк развития Республики Казахстан (Государственный экспортно-импортный банк Казахстана), где прошел путь от специалиста до первого заместителя председателя правления. В 1997–1999 годах участвовал в работе Государственной комиссии по переносу столицы Казахстана в Астану. С 2001 года работал в АО «Казкоммерцбанк» в должностях управляющего директора, члена Правления, члена Коммерческой дирекции и руководителя Кредитного комитета. С 2005 года являлся партнером инвестиционных компаний, реализующих проекты в нефтяной, промышленной, продовольственной отраслях и сфере недвижимости. В 2005–2015 годах возглавлял компанию «Москоммерцинвест» в Москве. Имеет большой опыт в сфере инвестиций, финансов, нефтегазовой отрасли, строительства, гостиничного бизнеса и управления недвижимостью. Получил степень MBA в Российской академии народного хозяйства и государственной службы при Президенте Российской Федерации (РАНХиГС). В настоящее время является миноритарным акционером и руководителем компании в сфере консалтинга и управления недвижимостью. Женат, воспитывает троих детей.	2026-08-16T22:58:25Z
Тұртаев Болат Талғасұлы	https://baytaq.kz/ru/candidates/turtaev-bolat-talgasuly	Туртаев Болат — инженер-нефтяник, специалист по разработке месторождений и руководитель производственного подразделения. Имеет 12-летний опыт работы в нефтегазовой отрасли Казахстана. Родился в Алматы. Окончил Республиканскую физико-математическую школу имени О. А. Жаутыкова. Продолжил образование в Великобритании, где окончил Ackworth School и Университет Портсмута по специальности «Нефтяная инженерия» (Petroleum Engineering). Опыт обучения и жизни за рубежом сформировал профессиональный подход к вопросам устойчивого развития и ответственного отношения к окружающей среде. После возвращения в Казахстан начал карьеру инженером в Инженерном центре АО «Разведка Добыча КазМунайГаз» в Актау. Работал в АО «КазНИПИмунайгаз» и ТОО «КМГ Инжиниринг», занимаясь проектированием разработки месторождений, гидродинамическим моделированием и подготовкой геолого-технических мероприятий. Прошел путь от специалиста до ведущего и старшего инженера. В настоящее время возглавляет отдел бурения и капитального ремонта скважин в частной нефтяной компании в Кызылординской области. Отвечает за производственные программы, бюджеты, взаимодействие с подрядными организациями и вопросы промышленной безопасности. Параллельно получает степень MBA в SBS Swiss Business School (Швейцария), сочетая инженерный опыт с управленческими знаниями. Член Казахстанской партии зелёных «Байтақ», кандидат в депутаты Курултая. Выступает за развитие зелёной энергетики, ответственное недропользование, решение вопросов водного дефицита и восстановление экологического баланса регионов. С юности занимается футболом и боксом. В профессиональной деятельности отличается аналитическим мышлением, вниманием к фактам и умением принимать решения в сложных производственных условиях.	2026-08-16T22:58:27Z
Файзулин Тамирлан Банияминұлы	https://baytaq.kz/ru/candidates/fayzulin-tamirlan-baniyaminovich	Файзулин Тамирлан Банияминович родился 20 августа 1990 года в Жетысуской области. Всю жизнь связан с Талдыкорганом, где живёт и работает. Имеет образование в сфере экономики и финансов. В 2010 году окончил Талдыкорганский гуманитарно-экономический колледж по специальности «Финансы», в 2014 году — Казахский экономический университет имени Т. Рыскулова, получив квалификацию экономиста. Профессиональную деятельность начал на государственной службе в акимате города Талдыкоргана, где занимался вопросами поддержки местного предпринимательства. Позже работал в производственной сфере, отвечая за организацию работы участка и управление производственными процессами. С 2019 года занимается предпринимательской деятельностью. Развивает проекты в Жетысуской области в сфере строительства социального жилья, рыбоводства и природного туризма, направленные на развитие региона и создание рабочих мест. Член партии зеленых Казахстана «Байтақ». Возглавляет предвыборный штаб партии по Жетысуской области, кандидат в депутаты Құрылтая. Выступает за устойчивое развитие региона, ответственное использование природных ресурсов и повышение качества жизни населения. Женат, воспитывает двоих детей. Владеет казахским, русским, татарским и английским языками.	2026-08-16T22:58:29Z
Ысматуллаев Руслан Серікұлы	https://baytaq.kz/ru/candidates/ysmatullaev-ruslan-serikuly	Ысматуллаев Руслан Серикович родился 1 января 1990 года в Жанакорганском районе Кызылординской области. Имеет высшее образование по специальностям «Техник-землеустроитель», «Кадастр» и «Юриспруденция». Общий трудовой стаж — 14 лет. Женат, воспитывает четверых детей. Профессиональную деятельность начал в сфере землеустройства. Работал инженером-землеустроителем в ТОО «АИС Қызылорда» и ТОО «КазНефтеГазКонсалтинг». В 2015-2019 годах занимал должность главного специалиста отдела земельных отношений города Кызылорды. С 2021 года — директор ТОО «RS-ЖОЛ СЕРВИС». С 2025 года — председатель Кызылординского областного филиала партии зеленых Казахстана «Байтақ». В рамках партийной деятельности занимается развитием экологических инициатив, вопросами защиты окружающей среды и продвижением принципов устойчивого развития региона.	2026-08-16T22:58:30Z
Өміртай Амалбек Дәркенұлы	https://baytaq.kz/ru/candidates/omirtay-amalbek-darkenuly	Амалбек Даркенулы — экономист, государственный управленец и общественный деятель. Доктор философии (PhD), имеет значительный опыт работы в сфере государственного управления, привлечения инвестиций, молодежной политики и культуры. В 2015 году окончил Казахский национальный университет имени аль-Фараби по специальности «Мировая экономика», получив степень бакалавра. В 2017 году завершил обучение в магистратуре, а в 2021 году — в докторантуре. Трудовую деятельность начал в АО «ПетроКазахстан» в должности инспектора по кадрам и документообороту. В дальнейшем работал в Министерстве национальной экономики Республики Казахстан, занимал должность заместителя директора Алматинского государственного колледжа сервиса и технологий, а также преподавал в Казахском национальном университете имени аль-Фараби. В 2018–2022 годах занимал должности директора АО «Turkistan Invest», руководителя Молодежного ресурсного центра Туркестанской области и руководителя аппарата акима города Кентау. В этот период участвовал в реализации проектов по привлечению инвестиций, развитию молодежной политики и совершенствованию государственного управления. В 2023–2025 годах работал заместителем директора РГКП «Национальный музей Республики Казахстан» Комитета культуры Министерства культуры и информации Республики Казахстан. В настоящее время является руководителем аппарата акима Толебийского района Туркестанской области.	2026-08-16T22:58:31Z
