party_id	list_order	candidate_name	official_name	profile_url	biography_kk	photo_source_url	match_score	match_margin	match_status	photo_status	r2_key	public_photo_url	asset_rights_note	collected_at
baitaq	3	Амиртаев Азаматхан Сайлауович	Әміртаев Азаматхан Сайлауұлы	https://baytaq.kz/kk/candidates/amirtaev-azamathan-saylouovich	Әміртаев Азаматхан Сайлауұлы 1978 жылы 21 наурызда Жамбыл облысында туған. Жоғары білімді. О. А. Жәутіков атындағы республикалық физика-математика мектеп-интернатын, Алматы энергетика және байланыс институтын «Есептеу техникасы және бағдарламалық қамтамасыз ету» мамандығы бойынша, Қазақ ұлттық аграрлық университетін «Мемлекеттік жергілікті басқару» мамандығы бойынша тәмамдаған. Мәскеу қаласындағы «Сколково» басқару мектебінде Executive MBA бағдарламасы бойынша білім алған. Еңбек жолын ақпараттық технологиялар саласында бастап, «Kaznewtech» ЖШС директоры, «Қазақстан темір жолы» ҰК» АҚ информаттандыру бағытындағы кеңесшісі қызметтерін атқарды. Сондай-ақ Қазақстандық бағдарламалық қамтамасыз ету компаниялары қауымдастығының вице-президенті және президенті болды. 2014-2016 жылдары «Инвесторлар альянсы» қоғамдық бірлестігінің президенті қызметін атқарды. 2016 жылдан бері «Байтақ-Болашақ» экологиялық қозғалысы» республикалық қоғамдық бірлестігінің президенті. Қазақстан Республикасы Президенті жанындағы Ұлттық қоғамдық сенім кеңесінің мүшесі (2019-2020), «ҚазАгро» ұлттық басқарушы холдингі» АҚ директорлар кеңесінің мүшесі (2020-2021), Қазақстан Республикасы Президенті жанындағы Ұлттық Құрылтай мүшесі. Қазақстанның «Байтақ» жасылдар партиясының негізін қалаушылардың бірі. Экологиялық саясатты дамыту, қоршаған ортаны қорғау, тұрақты даму және азаматтардың экологиялық мәдениетін арттыру бағытында жұмыс жүргізіп келеді. «Шапағат» медалімен (2020), «Құрмет» орденімен (2026) марапатталған. «Жыл меценаты» номинациясы бойынша «Халық сүйіктісі-2014» ұлттық сыйлығының иегері. Үйленген, төрт бала тәрбиелеп отыр. Қазақ, орыс және ағылшын тілдерін меңгерген.	https://baytaq.kz/_next/image?url=https%3A%2F%2Fbaytaq.kz%2Fapi%2Fmedia%2Ffile%2FWhatsApp%2520Image%25202026-07-23%2520at%252012.39.07%2520PM.jpeg&w=3840&q=75	0.940	0.277	MATCHED	UPLOADED	candidates/baitaq/3.jpg	https://assets.open-quryltai.org/candidates/baitaq/3.jpg	Official Baitaq party source; no separate license declaration found.	2026-08-16T22:54:11Z
baitaq	6	Әмірова Шолпан Кеңесқызы	Әмірова Шолпан Кенесқызы	https://baytaq.kz/kk/candidates/amirova-sholpan-keneskyzy		https://baytaq.kz/_next/image?url=https%3A%2F%2Fbaytaq.kz%2Fapi%2Fmedia%2Ffile%2F%25D0%2590%25D0%25BC%25D0%25B8%25D1%2580%25D0%25BE%25D0%25B2%25D0%25B0%2520%25D0%25A8%25D0%25BE%25D0%25BB%25D0%25BF%25D0%25B0%25D0%25BD.PNG&w=3840&q=75	1.000	0.458	MATCHED	UPLOADED	candidates/baitaq/6.png	https://assets.open-quryltai.org/candidates/baitaq/6.png	Official Baitaq party source; no separate license declaration found.	2026-08-16T22:54:13Z
baitaq	2	Айбеков Елдос Айбекұлы	Айбеков Елдос Айбекұлы	https://baytaq.kz/kk/candidates/aybekov-aydos-aybekuly		https://baytaq.kz/_next/image?url=https%3A%2F%2Fbaytaq.kz%2Fapi%2Fmedia%2Ffile%2F%25D0%2590%25D0%25B9%25D0%25B1%25D0%25B5%25D0%25BA%25D0%25BE%25D0%25B2%2520%25D0%2590%25D0%25B9%25D0%25B4%25D0%25BE%25D1%2581%2520%25D0%2590%25D0%25B9%25D0%25B1%25D0%25B5%25D0%25BA%25D2%25B1%25D0%25BB%25D1%258B.PNG&w=3840&q=75	1.000	0.347	MATCHED	UPLOADED	candidates/baitaq/2.png	https://assets.open-quryltai.org/candidates/baitaq/2.png	Official Baitaq party source; no separate license declaration found.	2026-08-16T22:54:17Z
baitaq	4	Амиртаев Сапар Абдраманович	Әміртаев Сапар Әбдіраманұлы	https://baytaq.kz/kk/candidates/amirtaev-sapar-abdramanovich		https://baytaq.kz/_next/image?url=https%3A%2F%2Fbaytaq.kz%2Fapi%2Fmedia%2Ffile%2F%25D0%25A1%25D0%25B0%25D0%25BF%25D0%25B0%25D1%2580.jpeg&w=3840&q=75	0.946	0.258	MATCHED	UPLOADED	candidates/baitaq/4.jpg	https://assets.open-quryltai.org/candidates/baitaq/4.jpg	Official Baitaq party source; no separate license declaration found.	2026-08-16T22:54:20Z
baitaq	1	Абдуалиева Айгуль Кадесовна	Әбдуалиева Айгүл Қадесқызы	https://baytaq.kz/kk/candidates/abdualieva-aygul-kadesovna		https://baytaq.kz/_next/image?url=https%3A%2F%2Fbaytaq.kz%2Fapi%2Fmedia%2Ffile%2F%25D0%2590%25D0%25B9%25D0%25B3%25D1%2583%25D0%25BB%25D1%258C%2520%25D0%259A%25D0%25B0%25D0%25B4%25D0%25B5%25D1%2581%25D0%25BE%25D0%25B2%25D0%25BD%25D0%25B0.jpeg&w=3840&q=75	0.933	0.358	MATCHED	UPLOADED	candidates/baitaq/1.jpg	https://assets.open-quryltai.org/candidates/baitaq/1.jpg	Official Baitaq party source; no separate license declaration found.	2026-08-16T22:54:22Z
baitaq	5	Аскаров Бекзат Ерикович	Асқаров Бекзат Ерікұлы	https://baytaq.kz/kk/candidates/askarov-bekzat-erikovich		https://baytaq.kz/_next/image?url=https%3A%2F%2Fbaytaq.kz%2Fapi%2Fmedia%2Ffile%2FWhatsApp%2520Image%25202026-07-22%2520at%25209.03.54%2520PM.jpeg&w=3840&q=75	0.925	0.342	MATCHED	UPLOADED	candidates/baitaq/5.jpg	https://assets.open-quryltai.org/candidates/baitaq/5.jpg	Official Baitaq party source; no separate license declaration found.	2026-08-16T22:54:24Z
baitaq	7	Байзаханов Аслан Адильханович	Байзаханов Аслан Әділханұлы	https://baytaq.kz/kk/candidates/bayzahanov-aslan-adil-hanovich		https://baytaq.kz/_next/image?url=https%3A%2F%2Fbaytaq.kz%2Fapi%2Fmedia%2Ffile%2F%25D0%2591%25D0%25B0%25D0%25B9%25D0%25B7%25D0%25B0%25D1%2585%25D0%25B0%25D0%25BD%25D0%25BE%25D0%25B2%2520%25D0%2590%25D1%2581%25D0%25BB%25D0%25B0%25D0%25BD.JPG&w=3840&q=75	0.945	0.389	MATCHED	UPLOADED	candidates/baitaq/7.jpg	https://assets.open-quryltai.org/candidates/baitaq/7.jpg	Official Baitaq party source; no separate license declaration found.	2026-08-16T22:54:26Z
baitaq	8	Байтемиров Турсынбек Шерниязович	Байтеміров Тұрсынбек Шерниязұлы	https://baytaq.kz/kk/candidates/baytemirov-tursynbek-sherniyazovich		https://baytaq.kz/_next/image?url=https%3A%2F%2Fbaytaq.kz%2Fapi%2Fmedia%2Ffile%2F%25D0%2591%25D0%25B0%25D0%25B9%25D1%2582%25D0%25B5%25D0%25BC%25D0%25B8%25D1%2580%25D0%25BE%25D0%25B2%2520%25D0%25A2%25D1%2583%25D1%2580%25D1%2581%25D1%258B%25D0%25BD%25D0%25B1%25D0%25B5%25D0%25BA%2520%25D0%25A8%25D0%25B5%25D1%2580%25D0%25BD%25D0%25B8%25D1%258F%25D0%25B7%25D0%25BE%25D0%25B2%25D0%25B8%25D1%2587.JPG&w=3840&q=75	0.954	0.433	MATCHED	UPLOADED	candidates/baitaq/8.jpg	https://assets.open-quryltai.org/candidates/baitaq/8.jpg	Official Baitaq party source; no separate license declaration found.	2026-08-16T22:54:30Z
baitaq	9	Баубек Нариман Асқарұлы	Баубек Нариман Асқарұлы	https://baytaq.kz/kk/candidates/baubek-nariman-askaruly		https://baytaq.kz/_next/image?url=https%3A%2F%2Fbaytaq.kz%2Fapi%2Fmedia%2Ffile%2F%25D1%2584%25D0%25BE%25D1%2582%25D0%25BE2.png&w=3840&q=75	1.000	0.399	MATCHED	UPLOADED	candidates/baitaq/9.png	https://assets.open-quryltai.org/candidates/baitaq/9.png	Official Baitaq party source; no separate license declaration found.	2026-08-16T22:54:33Z
baitaq	11	Бекахметов Габит Кайратович	Бекахметов Ғабит Қайратұлы	https://baytaq.kz/kk/candidates/bekahmetov-gabit-kayratovich		https://baytaq.kz/_next/image?url=https%3A%2F%2Fbaytaq.kz%2Fapi%2Fmedia%2Ffile%2FWhatsApp%2520Image%25202026-07-22%2520at%25205.34.00%2520PM%2520(1).jpeg&w=3840&q=75	0.940	0.315	MATCHED	UPLOADED	candidates/baitaq/11.jpg	https://assets.open-quryltai.org/candidates/baitaq/11.jpg	Official Baitaq party source; no separate license declaration found.	2026-08-16T22:54:37Z
baitaq	10	Баяжума Асылбек	Баяжұма Асылбек	https://baytaq.kz/kk/candidates/bayazhuma-asylbek		https://baytaq.kz/_next/image?url=https%3A%2F%2Fbaytaq.kz%2Fapi%2Fmedia%2Ffile%2F%25D0%2591%25D0%25B0%25D1%258F%25D0%25B6%25D1%2583%25D0%25BC%25D0%25B0%2520%25D0%2590%25D1%2581%25D1%258B%25D0%25BB%25D0%25B1%25D0%25B5%25D0%25BA.jpeg&w=3840&q=75	1.000	0.411	MATCHED	UPLOADED	candidates/baitaq/10.jpg	https://assets.open-quryltai.org/candidates/baitaq/10.jpg	Official Baitaq party source; no separate license declaration found.	2026-08-16T22:54:40Z
baitaq	12	Деркач Марина Владимировна	Деркач Марина Владимировна	https://baytaq.kz/kk/candidates/derkach-marina-vladimirovna		https://baytaq.kz/_next/image?url=https%3A%2F%2Fbaytaq.kz%2Fapi%2Fmedia%2Ffile%2FWhatsApp%2520Image%25202026-07-21%2520at%252011.45.02%2520AM.jpeg&w=3840&q=75	1.000	0.476	MATCHED	UPLOADED	candidates/baitaq/12.jpg	https://assets.open-quryltai.org/candidates/baitaq/12.jpg	Official Baitaq party source; no separate license declaration found.	2026-08-16T22:54:42Z
baitaq	15	Досанов Абай Сабитович	Досанов Абай Сәбитұлы	https://baytaq.kz/kk/candidates/dosanov-abay-sabitovich		https://baytaq.kz/_next/image?url=https%3A%2F%2Fbaytaq.kz%2Fapi%2Fmedia%2Ffile%2FJ46A1504.JPG&w=3840&q=75	0.933	0.362	MATCHED	UPLOADED	candidates/baitaq/15.jpg	https://assets.open-quryltai.org/candidates/baitaq/15.jpg	Official Baitaq party source; no separate license declaration found.	2026-08-16T22:54:44Z
baitaq	14	Джаппарова Ардак Сарсенбековна	Жаппарова Ардак Сарсенбекқызы	https://baytaq.kz/kk/candidates/dzhapparova-ardak-sarsenbekovna		https://baytaq.kz/_next/image?url=https%3A%2F%2Fbaytaq.kz%2Fapi%2Fmedia%2Ffile%2F%25D0%25B4%25D0%25B6%25D0%25B0%25D0%25BF%25D0%25BF%25D0%25B0%25D1%2580%25D0%25BE%25D0%25B2%25D0%25B0-1.jpeg&w=3840&q=75	0.928	0.438	MATCHED	UPLOADED	candidates/baitaq/14.jpg	https://assets.open-quryltai.org/candidates/baitaq/14.jpg	Official Baitaq party source; no separate license declaration found.	2026-08-16T22:54:47Z
baitaq	13	Джакишев Алмаз Ажибекович	Жакишев Алмаз Әжібекұлы	https://baytaq.kz/kk/candidates/dzhakishev-almaz-azhibekovich		https://baytaq.kz/_next/image?url=https%3A%2F%2Fbaytaq.kz%2Fapi%2Fmedia%2Ffile%2F%25D0%2594%25D0%25B8%25D0%25B7%25D0%25B0%25D0%25B9%25D0%25BD%2520%25D0%25B1%25D0%25B5%25D0%25B7%2520%25D0%25BD%25D0%25B0%25D0%25B7%25D0%25B2%25D0%25B0%25D0%25BD%25D0%25B8%25D1%258F%2520(1).png&w=3840&q=75	0.917	0.280	MATCHED	UPLOADED	candidates/baitaq/13.png	https://assets.open-quryltai.org/candidates/baitaq/13.png	Official Baitaq party source; no separate license declaration found.	2026-08-16T22:54:48Z
baitaq	17	Иманбаев Айдос Бейбитович	Иманбаев Айдос Бейбітұлы	https://baytaq.kz/kk/candidates/imanbaev-aydos-beybitovich	Иманбаев Айдос Бейбітұлы – заңгер, атқарушылық іс жүргізу саласының сарапшысы. Бұл салада 20 жылдан астам еңбек өтілі бар. Е.А. Бөкетов атындағы Қарағанды мемлекеттік университетін «Құқықтану» мамандығы бойынша тәмамдаған. Еңбек жолын сот орындаушысы қызметінен бастап, кейін ҚР Жоғарғы Соты жанындағы Соттар әкімшілігі комитетінде жетекші маманнан басқарма басшысына дейін көтерілді. Сондай-ақ Қазақстан Республикасы Әділет министрлігінде қызмет атқарды. 2022–2026 жылдары Жеке сот орындаушыларының республикалық палатасының төрағасы болды. Қызмет барысында атқарушылық іс жүргізу жүйесін цифрландыруға, оның ашықтығы мен тиімділігін арттыруға, сондай-ақ жеке сот орындаушылары институтын дамытуға елеулі үлес қосты. Әділет министрлігі жанындағы Қоғамдық кеңестің және Парламенттің заң жобалары жөніндегі жұмыс топтарының мүшесі болды. Халықаралық сот орындаушылар одағы Президентінің ТМД және Азия елдері бойынша арнайы кеңесшісі. Қазақстандық және шетелдік басылымдардың авторы, халықаралық кәсіби конференциялардың тұрақты қатысушысы.	https://baytaq.kz/_next/image?url=https%3A%2F%2Fbaytaq.kz%2Fapi%2Fmedia%2Ffile%2F%25D0%25A0%25D0%25B8%25D1%2581%25D1%2583%25D0%25BD%25D0%25BE%25D0%25BA3.jpg&w=3840&q=75	0.940	0.310	MATCHED	UPLOADED	candidates/baitaq/17.jpg	https://assets.open-quryltai.org/candidates/baitaq/17.jpg	Official Baitaq party source; no separate license declaration found.	2026-08-16T22:54:51Z
baitaq	16	Иманалиев Аскар Муратович	Иманалиев Аскар Маратович	https://baytaq.kz/kk/candidates/imanaliev-askar-maratovich		https://baytaq.kz/_next/image?url=https%3A%2F%2Fbaytaq.kz%2Fapi%2Fmedia%2Ffile%2FWhatsApp%2520Image%25202026-07-22%2520at%25209.41.29%2520PM.jpeg&w=3840&q=75	0.985	0.326	MATCHED	UPLOADED	candidates/baitaq/16.jpg	https://assets.open-quryltai.org/candidates/baitaq/16.jpg	Official Baitaq party source; no separate license declaration found.	2026-08-16T22:54:53Z
baitaq	18	Кажиев Сериккан Ергалиевич	Қажиев Серікқан Ерғалиұлы	https://baytaq.kz/kk/candidates/kazhiev-serikkan-ergalievich		https://baytaq.kz/_next/image?url=https%3A%2F%2Fbaytaq.kz%2Fapi%2Fmedia%2Ffile%2FJ46A1379.JPG&w=3840&q=75	0.940	0.407	MATCHED	UPLOADED	candidates/baitaq/18.jpg	https://assets.open-quryltai.org/candidates/baitaq/18.jpg	Official Baitaq party source; no separate license declaration found.	2026-08-16T22:54:55Z
baitaq	19	Каметов Бакыт Хабидуллаевич	Каметов Бақыт Хабидоллаұлы	https://baytaq.kz/kk/candidates/kametov-bakyt-habidullaevich		https://baytaq.kz/_next/image?url=https%3A%2F%2Fbaytaq.kz%2Fapi%2Fmedia%2Ffile%2FWhatsApp%2520Image%25202026-07-22%2520at%252010.22.09%2520PM.jpeg&w=3840&q=75	0.942	0.356	MATCHED	UPLOADED	candidates/baitaq/19.jpg	https://assets.open-quryltai.org/candidates/baitaq/19.jpg	Official Baitaq party source; no separate license declaration found.	2026-08-16T22:54:58Z
baitaq	22	Кенжебекова Роза Темуркуловна	Кенжебекова Роза Темірқұлқызы	https://baytaq.kz/kk/candidates/kenzhebekova-roza-temirkulkyzy		https://baytaq.kz/_next/image?url=https%3A%2F%2Fbaytaq.kz%2Fapi%2Fmedia%2Ffile%2F87B97A59-A7B3-4C2D-A334-EDAB61ED253A.png&w=3840&q=75	0.938	0.498	MATCHED	UPLOADED	candidates/baitaq/22.png	https://assets.open-quryltai.org/candidates/baitaq/22.png	Official Baitaq party source; no separate license declaration found.	2026-08-16T22:55:00Z
baitaq	23	Керей Бекберген Дүйсенбайұлы	Керей Бекберген Дүйсенбайұлы	https://baytaq.kz/kk/candidates/kerey-bekbergen-duysenbayuly		https://baytaq.kz/_next/image?url=https%3A%2F%2Fbaytaq.kz%2Fapi%2Fmedia%2Ffile%2FJ46A1389.JPG&w=3840&q=75	1.000	0.595	MATCHED	UPLOADED	candidates/baitaq/23.jpg	https://assets.open-quryltai.org/candidates/baitaq/23.jpg	Official Baitaq party source; no separate license declaration found.	2026-08-16T22:55:04Z
baitaq	21	Кенжалиев Эльнар Багдаулетович	Кенжалиев Эльнар Бақдәулетұлы	https://baytaq.kz/kk/candidates/kenzhaliev-el-nar-bagdauletovich		https://baytaq.kz/_next/image?url=https%3A%2F%2Fbaytaq.kz%2Fapi%2Fmedia%2Ffile%2FWhatsApp%2520Image%25202026-07-22%2520at%252010.26.56%2520AM.jpeg&w=3840&q=75	0.942	0.423	MATCHED	UPLOADED	candidates/baitaq/21.jpg	https://assets.open-quryltai.org/candidates/baitaq/21.jpg	Official Baitaq party source; no separate license declaration found.	2026-08-16T22:55:07Z
baitaq	26	Кунгожин Алмаз Мухамбетович	Күнғожин Алмаз Мұхамбетұлы	https://baytaq.kz/kk/candidates/kungozhin-almaz-muhambetovich		https://baytaq.kz/_next/image?url=https%3A%2F%2Fbaytaq.kz%2Fapi%2Fmedia%2Ffile%2FWhatsApp%2520Image%25202026-07-21%2520at%252011.33.37%2520AM.jpeg&w=3840&q=75	0.950	0.387	MATCHED	UPLOADED	candidates/baitaq/26.jpg	https://assets.open-quryltai.org/candidates/baitaq/26.jpg	Official Baitaq party source; no separate license declaration found.	2026-08-16T22:55:09Z
baitaq	24	Краснокуцкий Андрей Анатольевич	Краснокуцкий Андрей Анатольевич	https://baytaq.kz/kk/candidates/krasnokutskiy-andrey-anatol-evich	Краснокуцкий Андрей Анатольевич 1986 жылғы 26 желтоқсанда Алматы қаласында дүниеге келген. Менің балалық шағым осы қалада өтті, осы жерде білім алдым, еңбек жолымды бастадым және кәсіпкерліктегі алғашқы қадамдарымды жасадым. Еңбек жолымды мектеп жасында, 12 жасымнан бастап «Серебряный диск» дүкенінде сатуға көмектесуден бастадым. Дәл сол кезде еңбек етудің, берген сөзіңде тұрудың және адамдарды құрметтеудің қаншалықты маңызды екенін алғаш рет түсіндім. Біз шағын бизнестен бастадық. 21 жасымда достарыммен бірге қарыз қаражатқа компьютерлік ойындар мен аксессуарлар сататын алғашқы дүкенімізді аштық. Өрлеу де, құлдырау да болды. Бір кезеңде сәтсіз серіктестіктің салдарынан бәрін қайтадан дерлік басынан бастауға тура келді. Алайда дәл осы тәжірибе маған ең басты нәрсені үйретті: сәтсіздік – бұл соңы емес. Егер мойымай, өз қателіктеріңді талдап, алға қарай жылжуды жалғастырсаң, кез келген қиындықты жаңа мүмкіндікке айналдыруға болады. Бір ғана дүкен қалғаннан кейін жаңа кезең басталды. Біз мемлекеттік сатып алуларға қатысып, ірі әлеуметтік жобаларды жүзеге асыра бастадық, жабдықтар жеткізіп, біртіндеп тапсырыс берушілердің сеніміне ие болдық. Осылайша ATON+ компаниясы құрылды. Бүгінде ATON+ – қазақстандық өндіріс. Біз компьютер корпустарын, балалар ойын алаңдарын және абаттандырудың түрлі элементтерін шығарамыз. Мен үшін өз еңбегімнің нақты нәтижесін көру маңызды. Біздің командамыз шығарған өнімдер Қазақстанның түкпір-түкпіріндегі мектептерде, аулаларда және қоғамдық кеңістіктерде орнатылған кезде, еңбегіміздің еліміздің халқына шын мәнінде пайда әкеліп жатқанын түсінемін. Мен әрдайым технологияларға және олардың адамға беретін мүмкіндіктеріне сендім. Егер бір нәрсені білмесең, оны үйренуге болады. Бүгінде әлем өте жылдам өзгеріп жатыр. Жасанды интеллект, цифрлық технологиялар және заманауи өндірістер Қазақстан үшін орасан зор мүмкіндіктер ашып отыр. Жастарға мүмкіндік жасау. Өндіріс құру. Технологиялар жасау. Жұмыс орындарын құру.	https://baytaq.kz/_next/image?url=https%3A%2F%2Fbaytaq.kz%2Fapi%2Fmedia%2Ffile%2FIMG_7216.PNG&w=3840&q=75	1.000	0.558	MATCHED	UPLOADED	candidates/baitaq/24.png	https://assets.open-quryltai.org/candidates/baitaq/24.png	Official Baitaq party source; no separate license declaration found.	2026-08-16T22:55:12Z
baitaq	25	Кудеринов Мурат Тасбулатович	Құдеринов Мұрат Тасболатұлы	https://baytaq.kz/kk/candidates/kuderinov-murat-tasbulatovich		https://baytaq.kz/_next/image?url=https%3A%2F%2Fbaytaq.kz%2Fapi%2Fmedia%2Ffile%2F%25D0%259A%25D1%2583%25D0%25B4%25D0%25B5%25D1%2580%25D0%25B8%25D0%25BD%25D0%25BE%25D0%25B22.jpeg&w=3840&q=75	0.938	0.362	MATCHED	UPLOADED	candidates/baitaq/25.jpg	https://assets.open-quryltai.org/candidates/baitaq/25.jpg	Official Baitaq party source; no separate license declaration found.	2026-08-16T22:55:14Z
baitaq	27	Кыдырбаев Ерлан Жайлаубаевич	Қыдырбаев Ерлан Жайлаубайұлы	https://baytaq.kz/kk/candidates/kydyrbaev-erlan-zhaylaubaevich		https://baytaq.kz/_next/image?url=https%3A%2F%2Fbaytaq.kz%2Fapi%2Fmedia%2Ffile%2FWhatsApp%2520Image%25202026-07-23%2520at%25207.17.23%2520AM.jpeg&w=3840&q=75	0.961	0.343	MATCHED	UPLOADED	candidates/baitaq/27.jpg	https://assets.open-quryltai.org/candidates/baitaq/27.jpg	Official Baitaq party source; no separate license declaration found.	2026-08-16T22:55:17Z
baitaq	28	Қадырбаева Нұргүл Жұмахметқызы	Қадырбаева Нұргүл Жұмахметқызы	https://baytaq.kz/kk/candidates/kadyrbaeva-nurgul-zhumahmetkyzy		https://baytaq.kz/_next/image?url=https%3A%2F%2Fbaytaq.kz%2Fapi%2Fmedia%2Ffile%2FIMG_8012.JPG.jpeg&w=3840&q=75	1.000	0.427	MATCHED	UPLOADED	candidates/baitaq/28.jpg	https://assets.open-quryltai.org/candidates/baitaq/28.jpg	Official Baitaq party source; no separate license declaration found.	2026-08-16T22:55:20Z
baitaq	29	Қараш Алма	Алма Қараш	https://baytaq.kz/kk/candidates/karash-alma	Алма Қараш – экономист, өндіріс және жеңіл өнеркәсіп саласының кәсіпкері, қоғам қайраткері. Алматы облысында дүниеге келген. Экономика, өндіріс технологиясы, техникалық ғылымдар және құқық салалары бойынша білім алған. Еңбек жолын Алматы қаласы Алмалы ауданы әкімдігінің экономика бөлімінде бастап, кейін Қазақстанның екінші деңгейлі банктерінде басшылық қызметтер атқарды. 2013 жылдан бері өндіріс және медицина саласындағы жеке кәсіпкерлікпен айналысады. Қазіргі таңда ALMATEXTILE өндірістік компаниясы мен ADAL MEDPHARM медициналық орталығының құрылтайшысы. 2022 жылдан бастап Qaz Textile Industry жеңіл өнеркәсіп кәсіпорындарының ұлттық бірлестігінің Алматы қаласы және Алматы облысы бойынша филиалын басқарады. 2025 жылдан Алматы қаласы Кәсіпкерлер палатасының өңірлік кеңесі мен Таза өндірістер кеңесінің мүшесі. 2025 жылдан Қазақстанның «Байтақ» жасылдар партиясының мүшесі, Алматы қалалық филиалының төрайымы. Экологияны қорғау, жасыл экономиканы дамыту, отандық өндірісті қолдау және тұрғындардың өмір сүру сапасын арттыру бағытында белсенді жұмыс жүргізеді. 2026 жылы «Байтақ» партиясынан Құрылтай депутаттығына кандидат ретінде ұсынылды.	https://baytaq.kz/_next/image?url=https%3A%2F%2Fbaytaq.kz%2Fapi%2Fmedia%2Ffile%2FIMG_3654%2520(3).PNG&w=3840&q=75	1.000	0.261	MATCHED	UPLOADED	candidates/baitaq/29.png	https://assets.open-quryltai.org/candidates/baitaq/29.png	Official Baitaq party source; no separate license declaration found.	2026-08-16T22:55:23Z
baitaq	20	Камытбекова Сауле Жайлауовна	Қамытбекова Сәуле Жайлауқызы	https://baytaq.kz/kk/candidates/kamytbekova-saule-zhaylaukyzy		https://baytaq.kz/_next/image?url=https%3A%2F%2Fbaytaq.kz%2Fapi%2Fmedia%2Ffile%2Fchrome_MBMPgAYoJO.png&w=3840&q=75	0.945	0.382	MATCHED	UPLOADED	candidates/baitaq/20.png	https://assets.open-quryltai.org/candidates/baitaq/20.png	Official Baitaq party source; no separate license declaration found.	2026-08-16T22:55:27Z
baitaq	34	Мұратұлы Руслан	Руслан Мұратұлы	https://baytaq.kz/kk/candidates/muratuly-ruslan		https://baytaq.kz/_next/image?url=https%3A%2F%2Fbaytaq.kz%2Fapi%2Fmedia%2Ffile%2FWhatsApp%2520Image%25202026-07-22%2520at%252011.32.26%2520PM.jpeg&w=3840&q=75	1.000	0.150	MATCHED	UPLOADED	candidates/baitaq/34.jpg	https://assets.open-quryltai.org/candidates/baitaq/34.jpg	Official Baitaq party source; no separate license declaration found.	2026-08-16T22:55:30Z
baitaq	30	Мамытов Нургалый Киябаевич	Мамытов Нұрғали Киябайұлы	https://baytaq.kz/kk/candidates/mamytov-nurgalyy-kiyabaevich	Мамытов Нұрғали Қиябайұлы – заң ғылымдарының PhD докторы, құқық саласының сарапшысы, эколог және қоғам қайраткері. Томск мемлекеттік университетінің заң факультетін тәмамдаған. Еңбек жолын 1982 жылы тергеуші болып бастап, прокуратура органдарында ұзақ жыл қызмет атқарды. КСРО Бас прокуратурасында, Алматы қаласы Алатау ауданының прокуроры, Солтүстік Қазақстан және Оңтүстік Қазақстан облыстары прокурорының міндетін атқарушы болды. Кейін Қазақстан Республикасы Премьер-Министрі Кеңсесінде және Президент Әкімшілігінде жауапты қызметтер атқарды. Прокуратура органдарының құрметті қызметкері, «Құрмет» орденінің иегері, «Қазақстан Республикасының ғылымына қосқан үлесі үшін» алтын медалімен марапатталған. Құқықтық актілерді әзірлеу жөніндегі сертификатталған сарапшы. Экология мамандығы бойынша білім алған. Бірқатар заң жобаларының, соның ішінде «Саяси қуғын-сүргін құрбандарын ақтау туралы» заң жобасының авторларының бірі. Қазақ, орыс, ағылшын және неміс тілдерін меңгерген. Қоғамдық қызметте шахмат спортын дамытуға елеулі үлес қосты: Оңтүстік Қазақстан облыстық шахмат федерациясын басқарды, Шымкент қаласында шахмат клубын ашуға бастамашы болды. Үйленген, үш баласы бар.	https://baytaq.kz/_next/image?url=https%3A%2F%2Fbaytaq.kz%2Fapi%2Fmedia%2Ffile%2FJ46A1437.JPG&w=3840&q=75	0.930	0.420	MATCHED	UPLOADED	candidates/baitaq/30.jpg	https://assets.open-quryltai.org/candidates/baitaq/30.jpg	Official Baitaq party source; no separate license declaration found.	2026-08-16T22:55:32Z
baitaq	31	Мартель Владимир Александрович	Мартель Владимир Александрович	https://baytaq.kz/kk/candidates/martel-vladimir-aleksandrovich		https://baytaq.kz/_next/image?url=https%3A%2F%2Fbaytaq.kz%2Fapi%2Fmedia%2Ffile%2FJ46A1455.JPG&w=3840&q=75	1.000	0.442	MATCHED	UPLOADED	candidates/baitaq/31.jpg	https://assets.open-quryltai.org/candidates/baitaq/31.jpg	Official Baitaq party source; no separate license declaration found.	2026-08-16T22:55:36Z
baitaq	33	Мусаев Улан Жолдошбекович	Мұсаев Ұлан Жолдошбекович	https://baytaq.kz/kk/candidates/musaev-ulan-zholdoshbekovich		https://baytaq.kz/_next/image?url=https%3A%2F%2Fbaytaq.kz%2Fapi%2Fmedia%2Ffile%2FJ46A1268.JPG&w=3840&q=75	1.000	0.374	MATCHED	UPLOADED	candidates/baitaq/33.jpg	https://assets.open-quryltai.org/candidates/baitaq/33.jpg	Official Baitaq party source; no separate license declaration found.	2026-08-16T22:55:39Z
baitaq	32	Махамбетова Назген Мансұрханқызы	Махамбетова Назген Мансұрханқызы	https://baytaq.kz/kk/candidates/mahambetova-nazgen-mansurhankyzy	Махамбетова Назген Мансұрханқызы – эколог, қоршаған ортаны қорғау саласының басшысы, экологиялық қауіпсіздік, өнеркәсіптік экология және орнықты даму бағыттарының сарапшысы. Л.Н. Гумилев атындағы Еуразия ұлттық университетін «Экология» мамандығы бойынша бакалавр және магистр дәрежелерімен тәмамдаған. Еңбек жолын жеке экологиялық ұйымдарда инженер-жобалаушы және верификатор ретінде бастап, экологиялық жобалау, табиғат қорғау құжаттарын әзірлеу, эмиссиялар нормативтерін дайындау және өндірістік кәсіпорындарды экологиялық сүйемелдеу салаларында жұмыс істеді. Кейін Қазақстан Республикасы Экология, геология және табиғи ресурстар министрлігінің Экологиялық бақылау басқармасында сарапшы болып қызмет атқарып, мемлекеттік экологиялық саясатты іске асыруға және экологиялық заңнаманың сақталуын қамтамасыз етуге үлес қосты. Қазіргі уақытта «ПетроҚазақстан Ойл Продактс» ЖШС Қоршаған ортаны қорғау бөлімінің бастығы қызметін атқарады. Оның жетекшілігімен өндірістің экологиялық қауіпсіздігін қамтамасыз ету, өндірістік экологиялық бақылауды ұйымдастыру, заманауи мониторинг жүйелерін енгізу және кәсіпорынның қоршаған ортаға әсерін төмендетуге бағытталған жобалар жүзеге асырылуда. Қоғамдық қызметте экологиялық мәдениетті дамыту, азаматтардың экологиялық жауапкершілігін арттыру және орнықты даму қағидаттарын ілгерілету бағытындағы бастамаларды қолдайды. Қазақстанның «БАЙТАҚ» жасылдар партиясынан депутаттыққа кандидат ретінде экологияны мемлекеттік саясаттың негізгі басымдықтарының бірі деп санайды.	https://baytaq.kz/_next/image?url=https%3A%2F%2Fbaytaq.kz%2Fapi%2Fmedia%2Ffile%2FWhatsApp%2520Image%25202026-07-21%2520at%252010.50.58%2520AM.jpeg&w=3840&q=75	1.000	0.503	MATCHED	UPLOADED	candidates/baitaq/32.jpg	https://assets.open-quryltai.org/candidates/baitaq/32.jpg	Official Baitaq party source; no separate license declaration found.	2026-08-16T22:55:42Z
baitaq	36	Ордабеков Алтай Еркебекович	Ордабеков Алтай Еркебекұлы	https://baytaq.kz/kk/candidates/ordabekov-altay-erkebekovich		https://baytaq.kz/_next/image?url=https%3A%2F%2Fbaytaq.kz%2Fapi%2Fmedia%2Ffile%2F%25D0%25A8%25D1%258B%25D0%25BC%25D0%25BA%25D0%25B5%25D0%25BD%25D1%2582.jpeg&w=3840&q=75	0.945	0.221	MATCHED	UPLOADED	candidates/baitaq/36.jpg	https://assets.open-quryltai.org/candidates/baitaq/36.jpg	Official Baitaq party source; no separate license declaration found.	2026-08-16T22:55:45Z
baitaq	35	Ордабеков Айдос Бахытжанулы	Ордабеков Айдос Бахытжанұлы	https://baytaq.kz/kk/candidates/ordabekov-aydos-bahytzhanuly	Ордабеков Айдос Бахытжанұлы – заңгер, экономист және құрылыс саласының басқарушысы. Құқықтану және экономика мамандықтары бойынша жоғары білім алған. Еңбек жолын 2009 жылы бастаған. Әр жылдары денсаулық сақтау мекемесінде, Шымкент қаласының Құрылыс бөлімінде және қала әкімінің аппаратында қызмет атқарған. 2019–2022 жылдары Әл-Фараби ауданы әкімдігі аппаратының инфрақұрылым және абаттандыру бөлімін басқарып, жол құрылысы, инженерлік желілерді жаңарту және аумақтарды көркейту жобаларын үйлестірді. Кейін құрылыс саласындағы жеке секторда басшылық қызметтер атқарып, қазіргі таңда «Достар Құрылыс» ЖШС-нің директоры. Қазақстанның «Байтақ» жасылдар партиясының мүшесі. Табиғатты қорғау, биологиялық әртүрлілікті сақтау, табиғи ресурстарды ұтымды пайдалану және тұрақты даму қағидаттарын қолдайды. Қоғамдық қызметінде экологиялық жауапкершілік пен өңірлік инфрақұрылымды дамыту мәселелеріне басымдық береді.	https://baytaq.kz/_next/image?url=https%3A%2F%2Fbaytaq.kz%2Fapi%2Fmedia%2Ffile%2FWhatsApp%2520Image%25202026-07-21%2520at%252012.02.15%2520PM.jpeg&w=3840&q=75	1.000	0.305	MATCHED	UPLOADED	candidates/baitaq/35.jpg	https://assets.open-quryltai.org/candidates/baitaq/35.jpg	Official Baitaq party source; no separate license declaration found.	2026-08-16T22:55:47Z
baitaq	38	Сабурова Нургул Едигеевна	Сабырова Нұргүл Едігеқызы	https://baytaq.kz/kk/candidates/saburova-nurgul-edigeevna	Сабырова Нұргүл Едігеқызы – гидрогеология, инженерлік геология, геоэкология және жер қойнауын пайдалану салаларының маманы, техника және технология магистрі, эколог. Атырау мұнай және газ институтын және Қ.И. Сәтбаев атындағы Қазақ ұлттық техникалық университетін тәмамдап, геолог, гидрогеолог және эколог мамандықтарын игерді. Техника және технология магистрі дәрежесіне ие, қазіргі уақытта Satbayev University докторантурасында докторлық диссертациясын қорғауға дайындалуда. Еңбек жолын «Атыраугидрогеология» ЖШС-де бастап, жетекші гидрогеологтан бас директорға дейінгі кәсіби жолдан өтті. Оның жетекшілігімен Атырау және Маңғыстау облыстарындағы жерасты су қорларын зерттеу және бағалау бойынша 40-тан астам жоба жүзеге асырылып, халық пен өндіріс орындарын сапалы ауыз сумен қамтамасыз етуге үлес қосты. Гидрогеология, сумен жабдықтау және мұнай өндіру салаларында 14 өнертабыстың авторы әрі патент иеленушісі. Ғылыми зерттеулерінің нәтижелері халықаралық конференциялар мен конгрестерде таныстырылған. Кәсіби қызметінде жерасты су ресурстарын ұтымды пайдалану, қоршаған ортаны қорғау және табиғи ресурстарды тиімді игеру мәселелеріне басымдық береді.	https://baytaq.kz/_next/image?url=https%3A%2F%2Fbaytaq.kz%2Fapi%2Fmedia%2Ffile%2FWhatsApp%2520Image%25202026-07-21%2520at%252011.49.55%2520AM.jpeg&w=3840&q=75	0.865	0.191	MATCHED	UPLOADED	candidates/baitaq/38.jpg	https://assets.open-quryltai.org/candidates/baitaq/38.jpg	Official Baitaq party source; no separate license declaration found.	2026-08-16T22:55:49Z
baitaq	40	Садинов Самат Камысбаевич	Садинов Самат Қамысбайұлы	https://baytaq.kz/kk/candidates/sadinov-samat-kamysbaevich		https://baytaq.kz/_next/image?url=https%3A%2F%2Fbaytaq.kz%2Fapi%2Fmedia%2Ffile%2F%25D0%25A1%25D0%25B0%25D0%25B4%25D0%25B8%25D0%25BD%25D0%25BE%25D0%25B2.PNG&w=3840&q=75	0.954	0.368	MATCHED	UPLOADED	candidates/baitaq/40.jpg	https://assets.open-quryltai.org/candidates/baitaq/40.jpg	Official Baitaq party source; no separate license declaration found.	2026-08-16T22:55:51Z
baitaq	39	Сагимбаев Таир Амантаевич	Сағымбаев Таир Амантайұлы	https://baytaq.kz/kk/candidates/sagimbaev-tair-amantaevich		https://baytaq.kz/_next/image?url=https%3A%2F%2Fbaytaq.kz%2Fapi%2Fmedia%2Ffile%2F4-1.jpg%2520(4).jpeg&w=3840&q=75	0.889	0.365	MATCHED	UPLOADED	candidates/baitaq/39.jpg	https://assets.open-quryltai.org/candidates/baitaq/39.jpg	Official Baitaq party source; no separate license declaration found.	2026-08-16T22:55:53Z
baitaq	42	Серикбаев Айбол Усенович	Серікбаев Айбол Үсенұлы	https://baytaq.kz/kk/candidates/serikbaev-aybol-usenovich	Серікбаев Айбол Үсенұлы 1990 жылы 3 сәуірде Қызылорда қаласында туған. Жоғары білімді. «Техник-жерге орналастырушы» және «Кадастр» мамандықтары бойынша білім алған. Жалпы еңбек өтілі – 16 жыл 3 ай. Үйленген, төрт бала тәрбиелеп отыр. Еңбек жолын жерге орналастыру саласында бастап, «Ақпан-2003» ЖШС, «Жер кадастры ғылыми-өндірістік орталығы» РМК Қызылорда облыстық филиалы және «КазНефтеГазКонсалтинг» ЖШС мекемелерінде инженер-жерге орналастырушы және маман қызметтерін атқарған. 2023-2024 жылдары жеке кәсіпкерлікпен айналысты. 2024 жылдан бастап «RS-ЖОЛ СЕРВИС» ЖШС директорының орынбасары қызметін атқарды. 2025 жылдан бастап Қазақстанның «Байтақ» жасылдар партиясы Қызылорда облыстық филиалының Атқарушы хатшысы. Партиялық қызмет аясында өңірдегі экологиялық бастамаларды дамытуға, қоршаған ортаны қорғау және жасыл даму бағытындағы жұмыстарды ілгерілетуге үлес қосып келеді.	https://baytaq.kz/_next/image?url=https%3A%2F%2Fbaytaq.kz%2Fapi%2Fmedia%2Ffile%2FJ46A1409.JPG&w=3840&q=75	0.925	0.395	MATCHED	UPLOADED	candidates/baitaq/42.jpg	https://assets.open-quryltai.org/candidates/baitaq/42.jpg	Official Baitaq party source; no separate license declaration found.	2026-08-16T22:55:55Z
baitaq	41	Сексенова Айман Казиевна	Сексенова Айман Казиевна	https://baytaq.kz/kk/candidates/seksenova-ayman-kazievna		https://baytaq.kz/_next/image?url=https%3A%2F%2Fbaytaq.kz%2Fapi%2Fmedia%2Ffile%2FIMG_7185%2520(1).PNG&w=3840&q=75	1.000	0.485	MATCHED	UPLOADED	candidates/baitaq/41.png	https://assets.open-quryltai.org/candidates/baitaq/41.png	Official Baitaq party source; no separate license declaration found.	2026-08-16T22:55:58Z
baitaq	43	Скаков Ануарбек Адылбекович	Сқақов Ануарбек Ақылбекұлы	https://baytaq.kz/kk/candidates/skakov-anuarbek-adylbekovich		https://baytaq.kz/_next/image?url=https%3A%2F%2Fbaytaq.kz%2Fapi%2Fmedia%2Ffile%2F%25D0%25A4%25D0%25BE%25D1%2582%25D0%25BE%2520%25D0%25A1%25D0%25BA%25D0%25B0%25D0%25BA%25D0%25BE%25D0%25B2.jpg.jpeg&w=3840&q=75	0.932	0.364	MATCHED	UPLOADED	candidates/baitaq/43.jpg	https://assets.open-quryltai.org/candidates/baitaq/43.jpg	Official Baitaq party source; no separate license declaration found.	2026-08-16T22:56:03Z
baitaq	44	Туртаев Алмат Керимбаевич	Тұртаев Алмат Керімбайұлы	https://baytaq.kz/kk/candidates/turtaev-almat-kerimbaevich		https://baytaq.kz/_next/image?url=https%3A%2F%2Fbaytaq.kz%2Fapi%2Fmedia%2Ffile%2Fdllhost_U4XOp4tadK.png&w=3840&q=75	0.954	0.164	MATCHED	UPLOADED	candidates/baitaq/44.png	https://assets.open-quryltai.org/candidates/baitaq/44.png	Official Baitaq party source; no separate license declaration found.	2026-08-16T22:56:05Z
baitaq	45	Туртаев Болат Талгасулы	Тұртаев Болат Талғасұлы	https://baytaq.kz/kk/candidates/turtaev-bolat-talgasuly	Тұртаев Болат – мұнай-газ саласының инженері, кен орындарын игеру жөніндегі маман, өндірістік бөлім басшысы. Қазақстанның мұнай-газ саласында 12 жылдық тәжірибесі бар. Алматы қаласында туған. О. А. Жәутіков атындағы республикалық физика-математика мектебінде білім алған. Кейін Ұлыбританияда білімін жалғастырып, Ackworth School колледжін және Портсмут университетін «Мұнай инженериясы» (Petroleum Engineering) мамандығы бойынша тәмамдаған. Шетелде алған білімі мен тәжірибесі табиғи ресурстарға жауапкершілікпен қарау және экологиялық мәдениетті дамыту бағытындағы көзқарасының қалыптасуына ықпал етті. Қазақстанға оралғаннан кейін еңбек жолын «ҚазМұнайГаз» Барлау Өндіру» АҚ Инженерлік орталығында инженер қызметінен бастады. «ҚазНИПИмұнайгаз» АҚ және «ҚМГ Инжиниринг» ЖШС жобалау ұйымдарында кен орындарын игеру жобалары, гидродинамикалық модельдеу және геологиялық-техникалық іс-шараларды негіздеу бағытында жұмыс істеді. Мамандандырылған инженерден жетекші және аға инженер лауазымдарына дейін өсті. Қазіргі таңда Қызылорда облысындағы жеке мұнай компаниясында ұңғымаларды бұрғылау және күрделі жөндеу бөлімін басқарады. Өндірістік бағдарламалар, бюджеттер, мердігер ұйымдармен жұмыс және өнеркәсіптік қауіпсіздік мәселелеріне жауап береді. Сонымен қатар Швейцариядағы SBS Swiss Business School оқу орнында MBA бағдарламасы бойынша білім алуда. Инженерлік тәжірибе мен басқарушылық білімді ұштастыра отырып, өндірістік және экологиялық мәселелерге кешенді көзқарас қалыптастырған. Қазақстанның «Байтақ» жасылдар партиясының мүшесі, Құрылтай депутаттығына кандидат. Жасыл энергетиканы дамыту, табиғи ресурстарды жауапты пайдалану, су тапшылығы мәселелерін шешу және өңірлердің экологиялық тепе-теңдігін қалпына келтіру бағыттарын қолдайды. Жастайынан футбол және бокс спорт түрлерімен айналысады. Кәсіби қызметінде талдау жасау, нақты деректерге сүйеніп шешім қабылдау және күрделі жағдайларда тиімді жұмыс істеу қабілетімен ерекшеленеді.	https://baytaq.kz/_next/image?url=https%3A%2F%2Fbaytaq.kz%2Fapi%2Fmedia%2Ffile%2F%25D0%25A4%25D0%25BE%25D1%2582%25D0%25BE%2520%25D0%25A2%25D1%2583%25D1%2580%25D1%2582%25D0%25B0%25D0%25B5%25D0%25B2%2520%25D0%2591%25D0%25BE%25D0%25BB%25D0%25B0%25D1%2582.jpg&w=3840&q=75	1.000	0.256	MATCHED	UPLOADED	candidates/baitaq/45.jpg	https://assets.open-quryltai.org/candidates/baitaq/45.jpg	Official Baitaq party source; no separate license declaration found.	2026-08-16T22:56:07Z
baitaq	46	Файзулин Тамирлан Банияминович	Файзулин Тамирлан Банияминұлы	https://baytaq.kz/kk/candidates/fayzulin-tamirlan-baniyaminovich		https://baytaq.kz/_next/image?url=https%3A%2F%2Fbaytaq.kz%2Fapi%2Fmedia%2Ffile%2FJ46A1277.JPG&w=3840&q=75	0.954	0.426	MATCHED	UPLOADED	candidates/baitaq/46.jpg	https://assets.open-quryltai.org/candidates/baitaq/46.jpg	Official Baitaq party source; no separate license declaration found.	2026-08-16T22:56:11Z
baitaq	47	Ысматуллаев Руслан Серікұлы	Ысматуллаев Руслан Серікұлы	https://baytaq.kz/kk/candidates/ysmatullaev-ruslan-serikuly		https://baytaq.kz/_next/image?url=https%3A%2F%2Fbaytaq.kz%2Fapi%2Fmedia%2Ffile%2FJ46A1357-1.JPG&w=3840&q=75	1.000	0.261	MATCHED	UPLOADED	candidates/baitaq/47.jpg	https://assets.open-quryltai.org/candidates/baitaq/47.jpg	Official Baitaq party source; no separate license declaration found.	2026-08-16T22:56:14Z
baitaq	37	Өміртай Амалбек Даркенұлы	Өміртай Амалбек Дәркенұлы	https://baytaq.kz/kk/candidates/omirtay-amalbek-darkenuly		https://baytaq.kz/_next/image?url=https%3A%2F%2Fbaytaq.kz%2Fapi%2Fmedia%2Ffile%2FJ46A1327.JPG&w=3840&q=75	1.000	0.491	MATCHED	UPLOADED	candidates/baitaq/37.jpg	https://assets.open-quryltai.org/candidates/baitaq/37.jpg	Official Baitaq party source; no separate license declaration found.	2026-08-16T22:56:18Z
