party_id	order	name	google_search	wiki_pageviews	social_followers	media_mentions	total_index
respublica	1	Алибеков Бейбит Бахытович	45000	0	850000	320	96.51
adilet	10	Аймаганова Айжан Талгатовна	95000	0	260000	680	94.69
adilet	9	Аймагамбетов Асхат Канатович	72000	16265	195000	820	93.12
respublica	75	Ходжаназаров Айдарбек Асанович	28000	25122	165000	450	89.29
ak_zhol	42	Перуашев Азат Турлыбекулы	52000	6523	95000	650	88.57
adilet	2	Абенов Мурат Абдуламитович	48000	5415	95000	520	87.94
auyl	1	Абден Қарақат Жақсылыққызы	39000	6513	85000	410	86.68
auyl	23	Дайрабаев Жигули Молдакалыкович	48000	7194	65000	520	86.55
respublica	54	Науатбек Ақмарал Маратқызы	35000	5439	95000	280	86.19
ak_zhol	52	Тастекей Дулат Тұрсынұлы	19000	2830	120000	130	84.07
adilet	15	Аскеров Эмин Халилович	21000	0	75000	210	83.44
ak_zhol	15	Еспаева Дания Мадиевна	32000	4680	42000	380	83.05
baitaq	1	Абдуалиева Айгуль Кадесовна	24000	0	45000	260	81.96
respublica	55	Наумова Динара Рустамовна	12000	6606	78000	160	81.86
adilet	4	Авершин Константин Викторович	24000	1892	45000	310	81.83
adilet	49	Годунова Наталья Николаевна	38000	258	25000	450	80.24
osdp	1	Абенова Анаргул Жаксагалиевна	22000	0	32000	240	80.15
ak_zhol	21	Иса Қазыбек Жарылқасынұлы	16000	1928	38000	190	79.36
npk	1	Абдраймов Галимжан Райлович	19000	0	28000	210	78.98
adilet	33	Басин Вадим Борисович	32000	4534	15000	390	78.93
osdp	3	Аленова Аружан Дарменовна	26000	0	19000	310	78.79
adilet	41	Бектуров Ренат Нурмолдаевич	19000	0	18000	240	77.3
respublica	66	Тау Нургул	11000	1638	31000	110	76.67
respublica	9	Аубакиров Нурлан Ерикбаевич	18000	2322	15000	210	76.17
ak_zhol	31	Ли Юрий Виссарионович	13000	698	21000	140	75.48
auyl	28	Егізбаев Серік Рахметоллаұлы	15000	438	18000	180	75.37
respublica	43	Куспеков Олжас Хайроллаевич	14000	208	22000	140	75.26
respublica	60	Смолякова Екатерина Сергеевна	8500	4308	18000	95	74.06
adilet	103	Лаврентьев Андрей Сергеевич	22202	24853	6450	46	72.22
ak_zhol	11	Дюсембинов Берик Салимжанович	11000	52	15000	120	72.17
auyl	7	Айтуганов Кайрат Капарович	12000	0	8000	130	71.66
ak_zhol	5	Барлыбаев Ерлан Хайланович	9500	152	12000	110	71.29
adilet	182	Шаталов Никита Сергеевич	7559	2127	11664	73	71.27
adilet	133	Рожин Максим Николаевич	7506	2361	10945	73	71.04
adilet	148	Смышляева Екатерина Васильевна	8293	4258	8752	73	70.69
osdp	8	Ауесбаев Нурлан Сатыбалдиевич	8693	4342	7950	85	70.66
adilet	128	Пономарёв Сергей Михайлович	8757	5171	7953	73	70.54
adilet	108	Мусин Багдат Батырбекович	13036	13395	6450	46	70.52
adilet	144	Сарым Айдос Әміроллаұлы	8157	4377	8058	73	70.33
adilet	153	Сулейменова Жулдыз Досбергеновна	22926	25758	3650	46	70.03
adilet	77	Имашева Снежанна Валерьевна	6163	795	10672	73	69.89
npk	71	Шоканов Нурсултан Нурланович	6082	0	14936	21	69.7
adilet	13	Амантай Жаркынбек	6671	127	12001	73	69.67
adilet	8	Адамбеков Тилектес Серикбайулы	6679	1806	7995	85	69.57
adilet	94	Кожаев Марат Шадетханович	5967	858	9934	73	69.55
npk	61	Сейтжан Кенжеғұл Социалұлы	6679	2524	8070	73	69.54
adilet	36	Башимов Марат Советович	6275	1911	8332	73	69.37
adilet	99	Кучинская Юлия Владимировна	6144	1688	8474	73	69.32
adilet	126	Перепечина Ольга Валентиновна	6027	1632	8258	73	69.15
adilet	109	Муталип Шахмурат	8440	7650	6450	46	69.11
adilet	40	Бекназаров Нурлан Кудиярович	5765	1432	7950	73	68.82
adilet	100	Қамзабекұлы Дихан	3351	1289	12150	46	68.37
osdp	28	Рахимжанов Асхат Нурмагамбетович	5279	824	7950	73	68.31
adilet	83	Калыков Арман Кобыландынович	5162	665	7980	73	68.17
adilet	181	Шапак Унзила	5086	429	8320	73	68.08
osdp	29	Сагандыкова Ажар Бахитовна	5155	152	9194	73	68.01
npk	63	Смирнова Ирина Владимировна	4984	305	8311	73	67.85
npk	65	Сұңқар Ислам Еркінұлы	4767	0	8393	48	67.8
adilet	136	Савельева Татьяна Михайловна	4900	350	7950	73	67.7
adilet	46	Больгерт Евгений Андреевич	4871	310	7960	73	67.63
npk	53	Нұралин Асылбек Жамашұлы	4631	0	7985	48	67.51
adilet	21	Ашимжанов Жанарбек Садыканович	4620	0	7950	48	67.48
adilet	141	Сайыр Ерлан Биахметұлы	4620	0	7950	48	67.48
respublica	4	Абдушарипова Карагоз Аллаяровна	3820	0	10150	33	67.43
ak_zhol	40	Нуралдинов Олжас Ельтайулы	4745	157	7950	73	67.22
baitaq	3	Амиртаев Азаматхан Сайлауович	5159	0	7669	33	67.08
ak_zhol	14	Ерубаев Серик Сарсенович	5254	43	7950	73	66.85
osdp	30	Сайлаубай Наурыз Саятұлы	4662	45	7969	73	66.57
adilet	79	Кажибаева Раушан Жанабергеновна	2320	0	12150	21	66.13
adilet	155	Талаева Таттыгуль Жаксыбаевна	2320	0	12150	21	66.13
adilet	158	Тауан Мухамедкали Эдуардович	2320	0	12150	21	66.13
adilet	166	Тоқшалық Ерлан Бейсенұлы	2320	0	12150	21	66.13
adilet	86	Карин Ерлан Тынымбайұлы	6599	5349	3650	46	66.0
ak_zhol	3	Ахметжаев Даурен Хайруллаевич	3820	0	6450	33	65.5
auyl	2	Абдижаппаров Жандос	3820	0	6450	33	65.5
adilet	1	Абдикешов Алмат Жанболатович	3820	0	6450	33	65.5
respublica	39	Кәрімжан Гүлназ Кәрімжанқызы	2320	0	10150	21	65.36
adilet	134	Рымжанов Мади Рысбекович	2320	0	10150	21	65.36
adilet	149	Соловьёва Ирина Анатольевна	2320	0	10150	21	65.36
adilet	75	Зенченко Геннадий Геннадьевич	4890	3213	3650	46	64.96
ak_zhol	7	Белшер Нұрлан Тукмағанбетұлы	2920	0	6450	33	64.75
auyl	6	Айтбаев Талгат Ергенович	2920	0	6450	33	64.75
auyl	9	Алтангадас Жанат	2920	0	6450	33	64.75
auyl	10	Ануарбеков Жакыпбек Жылкыбаевич	2920	0	6450	33	64.75
baitaq	6	Әмірова Шолпан Кеңесқызы	2920	0	6450	33	64.75
baitaq	8	Байтемиров Турсынбек Шерниязович	2920	0	6450	33	64.75
baitaq	9	Баубек Нариман Асқарұлы	2920	0	6450	33	64.75
npk	7	Амантаев Кайыркен Калкенович	2920	0	6450	33	64.75
adilet	74	Закиева Динара Болатовна	4504	2730	3650	46	64.66
adilet	179	Шагиртаев Имамзада Куанышбаевич	2636	396	6450	46	64.61
adilet	59	Дулатбеков Нурлан Орынбасарович	4105	2232	3650	46	64.32
baitaq	14	Джаппарова Ардак Сарсенбековна	2920	0	6450	21	64.08
npk	13	Ахметов Алмат Сагындыкұлы	2920	0	6450	21	64.08
auyl	59	Саурыков Ерболат Байузакович	3645	1657	3650	46	63.86
respublica	20	Вайгорова Лаура Ринатовна	2320	0	6450	21	63.44
respublica	22	Дәулетбаева Венера Нартайқызы	2320	0	6450	21	63.44
respublica	28	Жайнарбай Жалынбек	2320	0	6450	21	63.44
respublica	32	Иманов Нуржан Ибрагимович	2320	0	6450	21	63.44
respublica	34	Қази Асылжан Ешжанұлы	2320	0	6450	21	63.44
respublica	35	Карин Сакен Абуханович	2320	0	6450	21	63.44
respublica	36	Карпикова Назым Ермековна	2320	0	6450	21	63.44
respublica	37	Касымбаев Мейрхат Мейрамханович	2320	0	6450	21	63.44
respublica	40	Кикимов Максат Сакенович	2320	0	6450	21	63.44
respublica	42	Кумысбеков Айбек Кумысбекович	2320	0	6450	21	63.44
respublica	44	Мадиева Дилафруз Давлятбековна	2320	0	6450	21	63.44
respublica	53	Наскенов Жабай Алемгерович	2320	0	6450	21	63.44
respublica	61	Солтиев Ернат Бакытжанович	2320	0	6450	21	63.44
respublica	64	Сулименко Ирина Юрьевна	2320	0	6450	21	63.44
respublica	73	Хасенов Махамбет Кабдулкаироич	2320	0	6450	21	63.44
ak_zhol	22	Исин Алибек Ерликович	2320	0	6450	21	63.44
ak_zhol	23	Кабдыгалиева Мейрамгуль Кенжелагиевна	2320	0	6450	21	63.44
ak_zhol	24	Кайркан Азат Серикжанулы	2320	0	6450	21	63.44
ak_zhol	25	Калинкин Анатолий Дмитриевич	2320	0	6450	21	63.44
ak_zhol	33	Логутов Константин Николаевич	2320	0	6450	21	63.44
ak_zhol	34	Малимов Бакдаулет Алиакбарович	2320	0	6450	21	63.44
ak_zhol	35	Мендыханов Алим Болатулы	2320	0	6450	21	63.44
ak_zhol	36	Мергалиев Аскар Серикович	2320	0	6450	21	63.44
ak_zhol	39	Найзакулов Бауыржан Онланбекулы	2320	0	6450	21	63.44
ak_zhol	44	Раманкулов Максат Базаралыевич	2320	0	6450	21	63.44
ak_zhol	50	Смагулов Рустем Сагадатович	2320	0	6450	21	63.44
ak_zhol	53	Тлеужанов Ержан Хамитович	2320	0	6450	21	63.44
ak_zhol	60	Шардинов Бахтияр Ахметжанович	2320	0	6450	21	63.44
auyl	22	Білеш Ерали Нұржанұлы	2320	0	6450	21	63.44
auyl	24	Двуреченский Андрей Валентинович	2320	0	6450	21	63.44
auyl	30	Жолдығали Алшын Әділханұлы	2320	0	6450	21	63.44
auyl	43	Қуатбаев Айбек Нурланұлы	2320	0	6450	21	63.44
auyl	53	Разинков Александр Александрович	2320	0	6450	21	63.44
auyl	54	Райханова Динара Куанышевна	2320	0	6450	21	63.44
baitaq	18	Кажиев Сериккан Ергалиевич	2320	0	6450	21	63.44
baitaq	22	Кенжебекова Роза Темуркуловна	2320	0	6450	21	63.44
baitaq	25	Кудеринов Мурат Тасбулатович	2320	0	6450	21	63.44
baitaq	34	Мұратұлы Руслан	2320	0	6450	21	63.44
baitaq	36	Ордабеков Алтай Еркебекович	2320	0	6450	21	63.44
baitaq	38	Сабурова Нургул Едигеевна	2320	0	6450	21	63.44
baitaq	41	Сексенова Айман Казиевна	2320	0	6450	21	63.44
baitaq	43	Скаков Ануарбек Адылбекович	2320	0	6450	21	63.44
baitaq	47	Ысматуллаев Руслан Серікұлы	2320	0	6450	21	63.44
npk	22	Газиз Джанибек Газизұлы	2320	0	6450	21	63.44
npk	36	Кабаков Тениз Сайлауович	2320	0	6450	21	63.44
npk	41	Каюмов Дамир Ирекович	2320	0	6450	21	63.44
npk	49	Маргулан Едиге Саулебекович	2320	0	6450	21	63.44
npk	56	Пан Владислав Виссарионович	2320	0	6450	21	63.44
npk	58	Рамазанов Дархан Булатович	2320	0	6450	21	63.44
npk	70	Харбедия Омари Омианович	2320	0	6450	21	63.44
adilet	30	Бақытбекұлы Нұркен	2320	0	6450	21	63.44
adilet	39	Бежецкий Сергей Владимирович	2320	0	6450	21	63.44
adilet	45	Битемиров Даурен Мухтарович	2320	0	6450	21	63.44
adilet	54	Дәдебай Айбек Арқабайұлы	3288	1210	3651	46	63.44
adilet	55	Джамалов Бауыржан Салдарович	2320	0	6450	21	63.44
adilet	60	Егамбердиева Динара Асиловна	2320	0	6450	21	63.44
adilet	62	Ералиев Бегалы Ералиевич	2320	0	6450	21	63.44
adilet	63	Ералиев Магжан Абзалович	2320	0	6450	21	63.44
adilet	71	Жукебаев Алмат Отаубаевич	2320	0	6450	21	63.44
adilet	76	Ильясов Еркебулан Сайдуллаевич	2320	0	6450	21	63.44
adilet	91	Керимбаева Наргиза Абайдуллаевна	2320	0	6450	21	63.44
adilet	97	Кузиева Замира Закиржановна	2320	0	6450	21	63.44
adilet	98	Куйкабаев Аскар Нуртуганович	2320	0	6450	21	63.44
adilet	104	Маралов Даурен Адилмырзаевич	2320	0	6450	21	63.44
adilet	110	Мухамбедиев Муратбек Кайрсапиевич	2320	0	6450	21	63.44
adilet	115	Наимбекова Айжан Избасхановна	2320	0	6450	21	63.44
adilet	118	Ниязалиев Нуржан Ауезович	2320	0	6450	21	63.44
adilet	120	Нурмухамедов Бурихан Жолбарисович	2320	0	6450	21	63.44
adilet	138	Сагинов Замир Садыкович	2320	0	6450	21	63.44
adilet	163	Тлемисов Турарбек Тлемисович	2320	0	6450	21	63.44
adilet	174	Хаирова Асель Ануаровна	2320	0	6450	21	63.44
adilet	34	Батырбеков Эрлан Гадлетович	3279	1199	3650	46	63.43
ak_zhol	1	Абильдин Ермек Толеуулы	3872	0	3807	33	63.3
adilet	117	Нахбаева Гүлісхан Сайфулинқызы	3109	987	3650	46	63.19
auyl	5	Абитаев Фарид Кумашевич	3833	0	3689	33	63.14
adilet	161	Теңізбаев Нұрбақыт Молдахметұлы	3068	935	3650	46	63.13
adilet	183	Шермағанбет Мейрамбек Зинабдинұлы	3058	923	3650	46	63.12
respublica	2	Абдихаликова Шолпан Аскаровна	3820	0	3650	33	63.08
respublica	5	Айткулов Бекжан Бахтыбекович	3820	0	3650	33	63.08
auyl	4	Абдыханов Улан Аманбекович	3820	0	3650	33	63.08
baitaq	2	Айбеков Елдос Айбекұлы	3820	0	3650	33	63.08
npk	3	Агибаев Алимбек Тулегенович	3820	0	3650	33	63.08
npk	4	Аккозиев Рахман Сейлханович	3820	0	3650	33	63.08
npk	5	Актаева Лязат Мейрашевна	3820	0	3650	33	63.08
adilet	3	Абилева Айымгул Акылбаевна	3820	0	3650	33	63.08
osdp	19	Камалова Нурайнаш Балтабаевна	2734	0	4894	21	62.72
adilet	147	Скакова Айжан Амангельдиевна	2732	516	3650	46	62.54
adilet	90	Кенжеханұлы Рауан	2720	501	3650	46	62.51
baitaq	10	Баяжума Асылбек	2932	0	3687	33	62.39
respublica	8	Амангелді Маханбет	2920	0	3650	33	62.33
baitaq	7	Байзаханов Аслан Адильханович	2920	0	3650	33	62.33
npk	8	Аппасова Найля Темиргалиевна	2920	0	3650	33	62.33
osdp	6	Аубакиров Нурлан Какимович	2920	0	3650	33	62.33
adilet	6	Адамбаева Алия Раймкуловна	2920	0	3650	33	62.33
adilet	169	Тулеушин Каныш Аманбаевич	2591	0	4463	21	62.18
baitaq	16	Иманалиев Аскар Муратович	2527	0	4271	21	61.92
ak_zhol	12	Егинбаев Ермек Молдакулович	2920	0	3650	21	61.66
auyl	15	Базилов Асхат Мауленович	2920	0	3650	21	61.66
npk	12	Аукенов Мирас Серикбекович	2920	0	3650	21	61.66
osdp	11	Балтабайқызы Нурия	2920	0	3650	21	61.66
osdp	12	Бугабаев Сапарбай Дуйсенович	2920	0	3650	21	61.66
osdp	13	Дауренбеков Ержан Каханович	2920	0	3650	21	61.66
osdp	14	Джаканов Дамир Сатпаевич	2920	0	3650	21	61.66
osdp	15	Джусупова Роза Кенженовна	2920	0	3650	21	61.66
auyl	18	Байманов Шахмардан Аскарович	2370	0	3802	21	61.25
auyl	8	Алдашбаев Сәкен Мінуарұлы	720	0	8950	15	61.06
npk	25	Досмухамбетова Балжан Ибатовна	2325	0	3666	21	61.04
npk	42	Куленова Лейла Искандеровна	2325	0	3665	21	61.04
respublica	18	Ботабекова Баян Жайдархановна	2320	0	3650	21	61.02
respublica	23	Домаев Сергей Александрович	2320	0	3650	21	61.02
respublica	25	Дуйсекенов Ержан Нусипбекович	2320	0	3650	21	61.02
respublica	30	Жунусов Олжас Файзуллаевич	2320	0	3650	21	61.02
respublica	33	Искаков Жанат Маратович	2320	0	3650	21	61.02
respublica	38	Келимбетова Айнур Шайзханкызы	2320	0	3650	21	61.02
respublica	45	Мақатов Дулат Нұрланұлы	2320	0	3650	21	61.02
respublica	56	Нұғман Ақмоншақ Нұртазақызы	2320	0	3650	21	61.02
respublica	58	Сайдуллаева Нилуфар Пахритдиновна	2320	0	3650	21	61.02
respublica	63	Сулейменов Ерлан Мельсович	2320	0	3650	21	61.02
respublica	71	Утебаев Галымжан Саламатович	2320	0	3650	21	61.02
respublica	72	Хайруллаев Нуржигит Нурболатович	2320	0	3650	21	61.02
respublica	74	Хорошаш Аскар Насибуллович	2320	0	3650	21	61.02
ak_zhol	16	Жалмуканова Лаззат Жумагуловна	2320	0	3650	21	61.02
ak_zhol	17	Жампиисов Рамазан Купесбаевич	2320	0	3650	21	61.02
ak_zhol	19	Жутаев Махаббат Сагынбаевич	2320	0	3650	21	61.02
ak_zhol	20	Ибатуллина Эльмира Павловна	2320	0	3650	21	61.02
ak_zhol	26	Кинсфатер Артур Сергеевич	2320	0	3650	21	61.02
ak_zhol	28	Кожахметов Асылхан Тулеббергенович	2320	0	3650	21	61.02
ak_zhol	37	Микрюков Виктор Николаевич	2320	0	3650	21	61.02
ak_zhol	46	Салыкбаев Абзал Мырзаханович	2320	0	3650	21	61.02
ak_zhol	49	Смагулов Аскар Сайлаубекович	2320	0	3650	21	61.02
ak_zhol	62	Шынасилова Мейраш	2320	0	3650	21	61.02
ak_zhol	63	Юсупов Ермеккалий Тулепкалиевич	2320	0	3650	21	61.02
auyl	16	Байжанов Нуртас Жарылгасинович	2320	0	3650	21	61.02
auyl	19	Бегалиева Захира Онгарбаевна	2320	0	3650	21	61.02
auyl	20	Бекиев Канат Ботаевич	2320	0	3650	21	61.02
auyl	21	Берікқожа Серікбол Қайратұлы	2320	0	3650	21	61.02
auyl	29	Жиенбаев Абзал Бахитович	2320	0	3650	21	61.02
auyl	34	Исмаилов Арман Оразалиевич	2320	0	3650	21	61.02
auyl	36	Калмуратов Торегельды Оразалиевич	2320	0	3650	21	61.02
auyl	37	Карабеков Гани Ажединович	2320	0	3650	21	61.02
auyl	38	Каримбаев Сейтжапар Ноянович	2320	0	3650	21	61.02
auyl	41	Конырбаев Ахметбек Байрозович	2320	0	3650	21	61.02
auyl	42	Курманбекова Слушаш Сатбековна	2320	0	3650	21	61.02
auyl	47	Мұстафа Садық Шоңмұрынұлы	2320	0	3650	21	61.02
auyl	50	Озгамбаев Куанышбай Омирзакович	2320	0	3650	21	61.02
auyl	57	Савин Тимур Владимирович	2320	0	3650	21	61.02
auyl	62	Сүйін Бейімбет Жұмабекұлы	2320	0	3650	21	61.02
auyl	67	Турмухамбетова Анар Акылбековна	2320	0	3650	21	61.02
baitaq	17	Иманбаев Айдос Бейбитович	2320	0	3650	21	61.02
baitaq	30	Мамытов Нургалый Киябаевич	2320	0	3650	21	61.02
npk	26	Дудабаев Еркебулан Бакытович	2320	0	3650	21	61.02
npk	28	Ерназаров Кайрат Шаршыбекович	2320	0	3650	21	61.02
npk	30	Жапарова Асель Абилхановна	2320	0	3650	21	61.02
npk	31	Ибраимов Олжас Бекдаулетович	2320	0	3650	21	61.02
npk	33	Инкарбеков Улан Аскербекович	2320	0	3650	21	61.02
npk	34	Исабаев Орынбасар Душанович	2320	0	3650	21	61.02
npk	35	Исмаилов Жумагали Казыбаевич	2320	0	3650	21	61.02
npk	37	Кабдешев Дамир Каирович	2320	0	3650	21	61.02
npk	39	Каймаков Аскар Абаевич	2320	0	3650	21	61.02
npk	40	Камбарова Зухра Медеуовна	2320	0	3650	21	61.02
npk	43	Курмангазин Бауржан Олжашевич	2320	0	3650	21	61.02
npk	45	Кусаинов Бейбут Булатович	2320	0	3650	21	61.02
npk	47	Лаврентьев Борис Георгиевич	2320	0	3650	21	61.02
npk	48	Максутов Калел Мухатаевич	2320	0	3650	21	61.02
npk	54	Нурсейтов Илияс Болатович	2320	0	3650	21	61.02
npk	62	Смагулов Болат Советович	2320	0	3650	21	61.02
npk	67	Тулеугалиев Рашид Бектурович	2320	0	3650	21	61.02
npk	69	Умаров Баймырза Абденбаевич	2320	0	3650	21	61.02
osdp	17	Жанғали Ілияс Әбілқазыұлы	2320	0	3650	21	61.02
osdp	18	Калгин Виктор Евгеньевич	2320	0	3650	21	61.02
osdp	23	Мукаманов Жасулан Мирзахметович	2320	0	3650	21	61.02
osdp	24	Мынбаев Сакен Саламатович	2320	0	3650	21	61.02
osdp	25	Насибулов Мақсұт Бейбитұлы	2320	0	3650	21	61.02
osdp	26	Нурлыбеков Нурым Комекович	2320	0	3650	21	61.02
osdp	27	Нұржау Қуандық Оңдасынұлы	2320	0	3650	21	61.02
osdp	31	Самбетбай Тазабек Дакенайұлы	2320	0	3650	21	61.02
osdp	32	Сарманов Рустем Сабитович	2320	0	3650	21	61.02
adilet	16	Атабаева Гульзира Нуржановна	2320	0	3650	21	61.02
adilet	18	Ахмедиев Дархан Мейрамулы	2320	0	3650	21	61.02
adilet	19	Ахметов Сабит Мейрамович	2320	0	3650	21	61.02
adilet	20	Ахметов Съезбек Рахышевич	2320	0	3650	21	61.02
adilet	22	Ашимова Аяужан Турсынбековна	2320	0	3650	21	61.02
adilet	25	Баденова Асель Жанбулатовна	2320	0	3650	21	61.02
adilet	28	Байсакова Зульфия Мухамедбековна	2320	0	3650	21	61.02
adilet	29	Байтурсынов Ғиззат Сейдахметұлы	2320	0	3650	21	61.02
adilet	35	Батырхан Жолдас Нұрланұлы	2320	0	3650	21	61.02
adilet	37	Баялиев Рустам Ахатханович	2320	0	3650	21	61.02
adilet	38	Баялышбаев Елдос Кайыркенұлы	2320	0	3650	21	61.02
adilet	42	Беркимбаев Берик Серикович	2320	0	3650	21	61.02
adilet	43	Беспалинов Берген Маратович	2320	0	3650	21	61.02
adilet	44	Бирмагамбетов Наурызбек Мерекешевич	2320	0	3650	21	61.02
adilet	47	Буршаков Сатыбалды Ересович	2320	0	3650	21	61.02
adilet	51	Данбаева Жулдыз Сейткамзиновна	2320	0	3650	21	61.02
adilet	52	Данилов Александр Сергеевич	2320	0	3650	21	61.02
adilet	56	Джаманкулова Карлыгаш Калибековна	2320	0	3650	21	61.02
adilet	57	Джансенгиров Арман Серикович	2320	0	3650	21	61.02
adilet	58	Ділдәбек Дидарбек Жұмағалиұлы	2320	0	3650	21	61.02
adilet	61	Елеусизова Бота Сериковна	2320	0	3650	21	61.02
adilet	68	Есимханов Сунгат Куатович	2320	0	3650	21	61.02
adilet	70	Жакселекова Ботагоз Шаймардановна	2320	0	3650	21	61.02
adilet	73	Жылкыбаева Ляззат Ауесхановна	2320	0	3650	21	61.02
adilet	78	Искандерова Ақерке Нұрғалиқызы	2320	0	3650	21	61.02
adilet	84	Карабасова Лаура Чапаевна	2320	0	3650	21	61.02
adilet	85	Кариева Шолпан Кайратовна	2320	0	3650	21	61.02
adilet	92	Кисикова Актоты Жанараловна	2320	0	3650	21	61.02
adilet	93	Кобеева Алтынай Орманкалиевна	2320	0	3650	21	61.02
adilet	102	Құрметұлы Абылай	2320	0	3650	21	61.02
adilet	111	Муханбетжанова Алия Бигазиевна	2320	0	3650	21	61.02
adilet	113	Мұсылманбек Ерқанат Серікұлы	2320	0	3650	21	61.02
adilet	114	Мырзағараев Мади Жомартұлы	2320	0	3650	21	61.02
adilet	119	Нургалиев Ербол Жолдаспекович	2320	0	3650	21	61.02
adilet	121	Осин Кирилл Владимирович	2320	0	3650	21	61.02
adilet	122	Оспанбеков Амирбек Канатбекович	2320	0	3650	21	61.02
adilet	124	Павленко Дмитрий Иванович	2320	0	3650	21	61.02
adilet	129	Пулатов Шерзод Аббозович	2320	0	3650	21	61.02
adilet	130	Разбекова Ляззат Муратовна	2320	0	3650	21	61.02
adilet	131	Рамазанова Наталья Сергеевна	2320	0	3650	21	61.02
adilet	135	Сабитова Айнур Алимхановна	2320	0	3650	21	61.02
adilet	142	Сапарова Эльмира Карифуллаевна	2320	0	3650	21	61.02
adilet	150	Солтабаева Эльзира Ауесхановна	2320	0	3650	21	61.02
adilet	151	Сулаймонова Русана Руслановна	2320	0	3650	21	61.02
adilet	154	Сүгірбай Аят Исатайұлы	2320	0	3650	21	61.02
adilet	156	Талғатбекова Нұргүл Ахатқызы	2320	0	3650	21	61.02
adilet	157	Тамабек Әбілхайыр Ғалымұлы	2320	0	3650	21	61.02
adilet	159	Темербаева Айжан Маратовна	2320	0	3650	21	61.02
adilet	167	Толыбаев Нурлан Алишерович	2320	0	3650	21	61.02
adilet	171	Урисбаев Аббат Жангирханович	2320	0	3650	21	61.02
adilet	173	Фазылжан Анар Мұратқызы	2320	0	3650	21	61.02
adilet	178	Чинкисбаева Лаззат Алтынбековна	2320	0	3650	21	61.02
adilet	186	Юлдашев Мамирхан Муталибович	2320	0	3650	21	61.02
respublica	21	Габбасов Еркин Тлеугабылович	606	608	6950	28	60.53
npk	6	Альмадиев Алибек Бекболатович	720	0	6950	15	59.99
ak_zhol	32	Линник Андрей Григорьевич	1284	1456	3250	28	59.86
respublica	11	Ахметов Еркебулан Картаевич	1520	0	6950	3	59.67
adilet	95	Кожаниязов Серик Салаватович	1385	582	3250	28	59.61
ak_zhol	48	Сергазинова Александра Кабдуллаевна	920	0	8950	3	59.35
adilet	31	Балтабаев Адиль Серикулы	920	0	8950	3	59.35
ak_zhol	4	Әуес Жоламан Бейсеханұлы	1620	0	3250	15	59.02
respublica	6	Алимбаева Адия Базиловна	1520	0	3250	15	58.84
respublica	7	Алпысов Мейир Серикович	1520	0	3250	15	58.84
ak_zhol	8	Бибаев Бактыбек Сальбекович	1520	0	3250	15	58.84
ak_zhol	9	Бисенов Бекнур Амантаевич	1520	0	3250	15	58.84
respublica	27	Жабасов Даурен Еркинович	920	0	6950	3	58.27
adilet	177	Хамза Еділ Талғатұлы	920	0	6950	3	58.27
npk	14	Балажанова Ардак Байдилхановна	720	0	6950	3	57.59
adilet	81	Кайдарова Диляра Радиковна	7051	7664	450	28	57.17
respublica	10	Ахметканов Арман Шамаевич	720	0	3250	15	56.76
npk	10	Аскарбекова Акбота Маратовна	720	0	3250	15	56.76
baitaq	11	Бекахметов Габит Кайратович	1520	0	3250	3	56.44
baitaq	15	Досанов Абай Сабитович	1520	0	3250	3	56.44
respublica	31	Идрисов Руслан Рашитович	920	0	3250	3	55.04
respublica	48	Мункебаев Даурен Биркутович	920	0	3250	3	55.04
respublica	52	Нагуманова Тахмина Утагалиевна	920	0	3250	3	55.04
respublica	59	Смаилов Нурсултан Сагындыкович	920	0	3250	3	55.04
respublica	62	Суентаев Дамир Серкбаевич	920	0	3250	3	55.04
ak_zhol	29	Козыбаков Улан Ермекович	920	0	3250	3	55.04
ak_zhol	30	Корганбаев Батыржан	920	0	3250	3	55.04
ak_zhol	47	Сартбаев Сакен Сатвалдиевич	920	0	3250	3	55.04
ak_zhol	55	Тулегенова Акманат Муратовна	920	0	3250	3	55.04
ak_zhol	57	Хамзин Ғани Булатұлы	920	0	3250	3	55.04
auyl	26	Джакупов Жаслан Кабибуллинович	920	0	3250	3	55.04
auyl	64	Токсеитова Рабига Альбековна	920	0	3250	3	55.04
baitaq	24	Краснокуцкий Андрей Анатольевич	920	0	3250	3	55.04
baitaq	32	Махамбетова Назген Мансұрханқызы	920	0	3250	3	55.04
baitaq	42	Серикбаев Айбол Усенович	920	0	3250	3	55.04
baitaq	45	Туртаев Болат Талгасулы	920	0	3250	3	55.04
npk	24	Дигай Дамир Анатольевич	920	0	3250	3	55.04
npk	51	Миронов Евгений Николаевич	920	0	3250	3	55.04
npk	57	Поднебесный Виктор Викторович	920	0	3250	3	55.04
adilet	17	Атамкулова Гульназ Турехановна	920	0	3250	3	55.04
adilet	66	Ерназар Шынасыл Жеңісұлы	920	0	3250	3	55.04
adilet	140	Сайланбаев Алибек Айдосулы	920	0	3250	3	55.04
adilet	143	Сартбаева Әсем Бахытқызы	920	0	3250	3	55.04
adilet	145	Себасов Марат Бакбергенович	920	0	3250	3	55.04
adilet	185	Щербаков Станислав Александрович	920	0	3250	3	55.04
respublica	13	Байконова Даурия Бейбитовна	720	0	3250	3	54.36
baitaq	12	Деркач Марина Владимировна	720	0	3250	3	54.36
respublica	47	Мәдәлі Мейрамгүл Ералықызы	120	0	8950	3	53.66
respublica	50	Мұхамеджан Ерболат Амангелдіұлы	120	0	8950	3	53.66
adilet	23	Ашимова Ульяна Жумагалиевна	120	0	8950	3	53.66
adilet	105	Матжани Нурбек Сеилханулы	120	0	8950	3	53.66
adilet	160	Тен Ирина Сергеевна	120	0	8950	3	53.66
adilet	165	Тоқтамұрат Армангүл	120	0	8950	3	53.66
npk	29	Жанқұл Тамараасар Қалниязқызы	120	0	6950	3	52.59
npk	52	Нигматулина Венера Махаметовна	120	0	6950	3	52.59
adilet	69	Есматов Серик Аманжолулы	120	0	6950	3	52.59
ak_zhol	6	Бейсенбаев Ержан Алмабекович	1664	180	450	40	52.08
auyl	11	Арсютин Николай Геннадьевич	1718	248	450	28	51.79
respublica	3	Абдугалиева Асель Жоломановна	2420	0	450	15	51.74
ak_zhol	2	Арыстанова Айгерим Атыгаевна	2420	0	450	15	51.74
npk	2	Абдрахманов Темиржан Кайратович	2420	0	450	15	51.74
osdp	2	Ақылбай Арман Серікұлы	2420	0	450	15	51.74
osdp	4	Алшынбай Ару Мұратқызы	2420	0	450	15	51.74
adilet	5	Адаев Ербол Даненович	2420	0	450	15	51.74
auyl	3	Абдуразакова София Ринатовна	1620	0	450	15	50.62
baitaq	4	Амиртаев Сапар Абдраманович	1620	0	450	15	50.62
baitaq	5	Аскаров Бекзат Ерикович	1620	0	450	15	50.62
osdp	5	Андрюшин Максим Валерьевич	1620	0	450	15	50.62
respublica	65	Сураган Дурвудхан	852	916	450	28	50.6
npk	64	Сүлеймен Ләззат Жаңылысқызы	1080	201	450	28	50.47
ak_zhol	10	Джумагалиев Рустам Айсултанович	1520	0	450	15	50.44
osdp	7	Аубакирова Раушан Абдрахманқызы	1520	0	450	15	50.44
osdp	9	Әбдиев Еркін Қайырбекұлы	1520	0	450	15	50.44
adilet	88	Кәрібек Дәулет Жамаубайұлы	628	635	450	28	49.62
respublica	19	Боярова Маргарита Владимировна	120	0	3250	3	49.36
respublica	26	Дуйсенбаева Малика Муратжановна	120	0	3250	3	49.36
respublica	41	Конилхан Алия	120	0	3250	3	49.36
respublica	46	Марклен Азамат Ержанулы	120	0	3250	3	49.36
respublica	51	Мухамедрахимова Анаргуль Хаиржановна	120	0	3250	3	49.36
respublica	57	Сагади Сауле	120	0	3250	3	49.36
respublica	67	Темірхан Нұрсұлтан Талғатұлы	120	0	3250	3	49.36
respublica	70	Уразгалиева Зульфия Мергеновна	120	0	3250	3	49.36
ak_zhol	18	Жаукебаев Бек-Мүхаммед Мейірбекұлы	120	0	3250	3	49.36
ak_zhol	41	Өмірғали Ерлік Қайдарұлы	120	0	3250	3	49.36
ak_zhol	56	Уткин Сергей Геннадьевич	120	0	3250	3	49.36
ak_zhol	58	Хасанов Ержан Кайржанович	120	0	3250	3	49.36
auyl	31	Жумагулова Диляра Темиргалиевна	120	0	3250	3	49.36
auyl	46	Мұқатов Қажғалей Сипуллаұлы	120	0	3250	3	49.36
auyl	69	Устемирова Айнагуль Амантаевна	120	0	3250	3	49.36
baitaq	21	Кенжалиев Эльнар Багдаулетович	120	0	3250	3	49.36
baitaq	27	Кыдырбаев Ерлан Жайлаубаевич	120	0	3250	3	49.36
baitaq	28	Қадырбаева Нұргүл Жұмахметқызы	120	0	3250	3	49.36
baitaq	29	Қараш Алма	120	0	3250	3	49.36
baitaq	31	Мартель Владимир Александрович	120	0	3250	3	49.36
baitaq	35	Ордабеков Айдос Бахытжанулы	120	0	3250	3	49.36
baitaq	46	Файзулин Тамирлан Банияминович	120	0	3250	3	49.36
npk	20	Биякаев Нуржан Темиргалиевич	120	0	3250	3	49.36
npk	32	Илиев Фарух Абдувалиевич	120	0	3250	3	49.36
adilet	125	Парсегова Анжелика Борисовна	120	0	3250	3	49.36
adilet	146	Семидоцких Елена Александровна	120	0	3250	3	49.36
adilet	152	Сулейменова Айсулу Канатовна	120	0	3250	3	49.36
adilet	168	Төлегенов Асылжан Қанатұлы	120	0	3250	3	49.36
auyl	65	Траисова Эльмара Аскаровна	552	540	450	28	49.2
npk	9	Аргумбаев Данияр Даулеткелдиевич	720	0	450	15	48.36
osdp	10	Баекенов Камбар Абдысатарович	720	0	450	15	48.36
adilet	7	Адамбек Кендебай Сарыбайұлы	720	0	450	15	48.36
respublica	12	Ахметов Сеилжан Адилханович	1520	0	450	3	48.05
respublica	14	Балғожа Айнаш Қабибуллақызы	1520	0	450	3	48.05
ak_zhol	13	Елубаева Марал Куандыковна	1520	0	450	3	48.05
auyl	12	Аскаров Канат Каирлыевич	1520	0	450	3	48.05
auyl	13	Ахметова Балнур Сериковна	1520	0	450	3	48.05
baitaq	13	Джакишев Алмаз Ажибекович	1520	0	450	3	48.05
npk	15	Балыкбаева Асемгуль Асылбековна	1520	0	450	3	48.05
adilet	11	Алимкулов Бекжан Мухидинұлы	1520	0	450	3	48.05
adilet	12	Алтай Абай	1520	0	450	3	48.05
respublica	24	Доскалиев Айдос Жаксылыкович	920	0	450	3	46.64
respublica	49	Муратбеков Даурен Булатович	920	0	450	3	46.64
respublica	69	Тулеубаева Анар Абетаевна	920	0	450	3	46.64
ak_zhol	27	Кинцель Евгений Юрьевич	920	0	450	3	46.64
ak_zhol	38	Мусапарбеков Канат Жантуякович	920	0	450	3	46.64
ak_zhol	43	Ракишева Алия Булатовна	920	0	450	3	46.64
ak_zhol	45	Сағымбекұлы Абзалбек	920	0	450	3	46.64
auyl	17	Байкин Айдар Косымович	920	0	450	3	46.64
auyl	27	Досхожаев Ильяс Алмасханович	920	0	450	3	46.64
auyl	32	Идрисова Айнур Маратовна	920	0	450	3	46.64
auyl	33	Иргибаев Мурат Саматович	920	0	450	3	46.64
auyl	35	Каджибекова Ажар Елемесовна	920	0	450	3	46.64
auyl	39	Киян Владимир Сергеевич	920	0	450	3	46.64
auyl	44	Мухаметжанов Арнур Сагиндыкович	920	0	450	3	46.64
auyl	48	Нугманова Самал Болатовна	920	0	450	3	46.64
auyl	52	Ораш Нұрхат Серікқалиұлы	920	0	450	3	46.64
auyl	55	Рахымбек Дәурен Берікбайұлы	920	0	450	3	46.64
auyl	60	Сәрсенбаев Марлен Ибрагимұлы	920	0	450	3	46.64
auyl	61	Султанкулова Жазира Кайратовна	920	0	450	3	46.64
auyl	63	Тастанбекова Гульнара Рахимбердыевна	920	0	450	3	46.64
auyl	68	Турумбаева Жанна Куатовна	920	0	450	3	46.64
baitaq	20	Камытбекова Сауле Жайлауовна	920	0	450	3	46.64
baitaq	23	Керей Бекберген Дүйсенбайұлы	920	0	450	3	46.64
baitaq	26	Кунгожин Алмаз Мухамбетович	920	0	450	3	46.64
baitaq	37	Өміртай Амалбек Даркенұлы	920	0	450	3	46.64
baitaq	40	Садинов Самат Камысбаевич	920	0	450	3	46.64
baitaq	44	Туртаев Алмат Керимбаевич	920	0	450	3	46.64
npk	18	Беркамалов Серик Нуртазаевич	920	0	450	3	46.64
npk	19	Бидайбеков Жандос Зарипович	920	0	450	3	46.64
npk	27	Едильбаева Лаура Ибрагимовна	920	0	450	3	46.64
npk	38	Кайдаров Айдын Серикказыевич	920	0	450	3	46.64
npk	44	Курумбаев Надир Шамуратович	920	0	450	3	46.64
npk	50	Маханов Муратбек Мамытханович	920	0	450	3	46.64
npk	55	Оразханов Нурдаулет Амантаевич	920	0	450	3	46.64
npk	72	Шонаева Елена Геннадьевна	920	0	450	3	46.64
osdp	16	Жабаев Нурлан Койшыбаевич	920	0	450	3	46.64
osdp	22	Ли Лариса Юрьевна	920	0	450	3	46.64
adilet	26	Базенов Айрат Базенович	920	0	450	3	46.64
adilet	32	Балташева Айнагуль Кыдырбаевна	920	0	450	3	46.64
adilet	50	Данағұлов Ербол Жеткергенұлы	920	0	450	3	46.64
adilet	53	Дауталиев Казыбек Нурсеитович	920	0	450	3	46.64
adilet	64	Ергарин Даурен Тлекович	920	0	450	3	46.64
adilet	67	Ерниязова Айсулу Алимжановна	920	0	450	3	46.64
adilet	80	Каипов Даурен Айтасович	920	0	450	3	46.64
adilet	96	Кожахметова Лаззат Таймыровна	920	0	450	3	46.64
adilet	101	Құрмансейіт Ақжол Ахатұлы	920	0	450	3	46.64
adilet	107	Мекеева Жанат Жумагазиновна	920	0	450	3	46.64
adilet	112	Мухтарова Назгуль Батыржановна	920	0	450	3	46.64
adilet	127	Петров Константин Викторович	920	0	450	3	46.64
adilet	137	Сагимбаева Жулдуз Абдипулатовна	920	0	450	3	46.64
adilet	170	Туренова Калия Батталовна	920	0	450	3	46.64
adilet	172	Усанова Руфина Касымовна	920	0	450	3	46.64
adilet	184	Шибутов Марат Максумович	920	0	450	3	46.64
respublica	15	Бейсембаева Сабина Сакеновна	720	0	450	3	45.96
auyl	14	Бабамуратов Даурен Абуталипович	720	0	450	3	45.96
npk	11	Ауезова Эльмира Тугелбаевна	720	0	450	3	45.96
adilet	14	Амиргалиев Мадияр Орынтаевич	720	0	450	3	45.96
respublica	16	Бергенев Чингиз Адылгазыевич	120	0	450	3	40.96
respublica	17	Болысов Тохтар Коммунарович	120	0	450	3	40.96
respublica	29	Жампеисов Думан Абильтаевич	120	0	450	3	40.96
respublica	68	Тогизбаева Айдана Кенбаевна	120	0	450	3	40.96
ak_zhol	51	Сыздыков Саят Толегенулы	120	0	450	3	40.96
ak_zhol	54	Тулебаев Исламбек Насруллаевич	120	0	450	3	40.96
ak_zhol	59	Шагимолдин Ержан Омирканович	120	0	450	3	40.96
ak_zhol	61	Шимиров Мухтар Аскарович	120	0	450	3	40.96
auyl	25	Джакашев Ернар Камидинович	120	0	450	3	40.96
auyl	40	Клишина Ольга Геннадьевна	120	0	450	3	40.96
auyl	45	Мухаметов Алмас Ерекұлы	120	0	450	3	40.96
auyl	49	Нурбеков Болатжан Саймасаевич	120	0	450	3	40.96
auyl	51	Омарова Гульназ Шинтуриновна	120	0	450	3	40.96
auyl	56	Рзаханов Максат Кикбаевич	120	0	450	3	40.96
auyl	58	Сағындықұлы Бекен	120	0	450	3	40.96
auyl	66	Тулеуова Камшат Шакирбековна	120	0	450	3	40.96
baitaq	19	Каметов Бакыт Хабидуллаевич	120	0	450	3	40.96
baitaq	33	Мусаев Улан Жолдошбекович	120	0	450	3	40.96
baitaq	39	Сагимбаев Таир Амантаевич	120	0	450	3	40.96
npk	16	Бегалинов Алибек Серикбекович	120	0	450	3	40.96
npk	17	Беглова Александра Леонидовна	120	0	450	3	40.96
npk	21	Біләл Уатхан Қабылтайұлы	120	0	450	3	40.96
npk	23	Гноевой Игорь Андреевич	120	0	450	3	40.96
npk	46	Қанатұлы Аман	120	0	450	3	40.96
npk	59	Рысбеков Марлен Жаксыбекович	120	0	450	3	40.96
npk	60	Сеитов Совет Саутович	120	0	450	3	40.96
npk	66	Сыдыкова Карлыгаш Нурдаулетовна	120	0	450	3	40.96
npk	68	Уалихан Жандос Шоханұлы	120	0	450	3	40.96
osdp	20	Кульмагамбетов Аслан Мухтарович	120	0	450	3	40.96
osdp	21	Кусаинова Анара Бахытовна	120	0	450	3	40.96
osdp	33	Татиков Талгат Кайруллович	120	0	450	3	40.96
adilet	24	Әбілов Алпамыс Сұнгатұлы	120	0	450	3	40.96
adilet	27	Байбеков Шалкар Заманбекович	120	0	450	3	40.96
adilet	48	Газдиева Белла Асланбековна	120	0	450	3	40.96
adilet	65	Ергешбек Нұрсадық	120	0	450	3	40.96
adilet	72	Жумагазиев Эльдар Тынышбаевич	120	0	450	3	40.96
adilet	82	Калижанова Сандугаш Каиргельдиновна	120	0	450	3	40.96
adilet	87	Каринова Шолпан Танаткызы	120	0	450	3	40.96
adilet	89	Кемалов Мейрамбай Тамабаевич	120	0	450	3	40.96
adilet	106	Медеуова Дана Теміртайқызы	120	0	450	3	40.96
adilet	116	Нарымбетов Бахадыр Мадалиевич	120	0	450	3	40.96
adilet	123	Оспанов Шота Сабитбекович	120	0	450	3	40.96
adilet	132	Рахметова Айзада Нурлановна	120	0	450	3	40.96
adilet	139	Садвакасова Динара Тайбасаровна	120	0	450	3	40.96
adilet	162	Теренченко Илья Сергеевич	120	0	450	3	40.96
adilet	164	Тойлыбаева Гулнар Кожагуловна	120	0	450	3	40.96
adilet	175	Хайруллиев Мұса Қарашаұлы	120	0	450	3	40.96
adilet	176	Хайруллин Арман Габидуллаевич	120	0	450	3	40.96
adilet	180	Шалбаева Айгуль Дуйсеновна	120	0	450	3	40.96
