party_id	list_order	candidate_name	birth_year	query	result_urls	result_titles	google_wikipedia_result	checked_at
adilet	2	Абенов Мурат Абдуламитович	1965	"""Абенов Мурат Абдуламитович"" (site:ru.wikipedia.org OR site:kk.wikipedia.org)"	"[""https://ru.wikipedia.org/wiki/%D0%90%D0%B1%D0%B5%D0%BD%D0%BE%D0%B2,_%D0%9C%D1%83%D1%80%D0%B0%D1%82_%D0%90%D0%B1%D0%B4%D1%83%D0%BB%D0%B0%D0%BC%D0%B8%D1%82%D0%BE%D0%B2%D0%B8%D1%87""]"	"[""Абенов, Мурат Абдуламитович Википедия https://ru.wikipedia.org › wiki › А...""]"	true	2026-08-16T22:02:44Z
adilet	4	Авершин Константин Викторович	1976	"""Авершин Константин Викторович"" (site:ru.wikipedia.org OR site:kk.wikipedia.org)"	"[""https://ru.wikipedia.org/wiki/%D0%90%D0%B2%D0%B5%D1%80%D1%88%D0%B8%D0%BD,_%D0%9A%D0%BE%D0%BD%D1%81%D1%82%D0%B0%D0%BD%D1%82%D0%B8%D0%BD_%D0%92%D0%B8%D0%BA%D1%82%D0%BE%D1%80%D0%BE%D0%B2%D0%B8%D1%87"", ""https://kk.wikipedia.org/wiki/%D0%9A%D0%BE%D0%BD%D1%81%D1%82%D0%B0%D0%BD%D1%82%D0%B8%D0%BD_%D0%92%D0%B8%D0%BA%D1%82%D0%BE%D1%80%D0%BE%D0%B2%D0%B8%D1%87_%D0%90%D0%B2%D0%B5%D1%80%D1%88%D0%B8%D0%BD""]"	"[""Авершин, Константин Викторович Википедия https://ru.wikipedia.org › wiki › А..."", ""Константин Викторович Авершин Wikipedia https://kk.wikipedia.org › wiki › К...""]"	true	2026-08-16T22:02:46Z
adilet	8	Адамбеков Тилектес Серикбайулы	1989	"""Адамбеков Тилектес Серикбайулы"" (site:ru.wikipedia.org OR site:kk.wikipedia.org)"	"[""https://ru.wikipedia.org/wiki/%D0%90%D0%B4%D0%B0%D0%BC%D0%B1%D0%B5%D0%BA%D0%BE%D0%B2,_%D0%A2%D0%B8%D0%BB%D0%B5%D0%BA%D1%82%D0%B5%D1%81_%D0%A1%D0%B5%D1%80%D0%B8%D0%BA%D0%B1%D0%B0%D0%B9%D1%83%D0%BB%D1%8B""]"	"[""Адамбеков, Тилектес Серикбайулы Википедия https://ru.wikipedia.org › wiki › А...""]"	true	2026-08-16T22:02:47Z
adilet	9	Аймагамбетов Асхат Канатович	1982	"""Аймагамбетов Асхат Канатович"" (site:ru.wikipedia.org OR site:kk.wikipedia.org)"	"[""https://ru.wikipedia.org/wiki/%D0%90%D0%B9%D0%BC%D0%B0%D0%B3%D0%B0%D0%BC%D0%B1%D0%B5%D1%82%D0%BE%D0%B2,_%D0%90%D1%81%D1%85%D0%B0%D1%82_%D0%9A%D0%B0%D0%BD%D0%B0%D1%82%D0%BE%D0%B2%D0%B8%D1%87""]"	"[""Аймагамбетов, Асхат Канатович Википедия https://ru.wikipedia.org › wiki › А...""]"	true	2026-08-16T22:02:49Z
adilet	13	Амантай Жаркынбек	1988	"""Амантай Жаркынбек"" (site:ru.wikipedia.org OR site:kk.wikipedia.org)"	"[""https://ru.wikipedia.org/wiki/%D0%90%D0%BC%D0%B0%D0%BD%D1%82%D0%B0%D0%B9,_%D0%96%D0%B0%D1%80%D0%BA%D1%8B%D0%BD%D0%B1%D0%B5%D0%BA""]"	"[""Амантай, Жаркынбек Википедия https://ru.wikipedia.org › wiki › А...""]"	true	2026-08-16T22:02:50Z
adilet	21	Ашимжанов Жанарбек Садыканович	1976	"""Ашимжанов Жанарбек Садыканович"" (site:ru.wikipedia.org OR site:kk.wikipedia.org)"	"[""https://ru.wikipedia.org/wiki/%D0%90%D1%88%D0%B8%D0%BC%D0%B6%D0%B0%D0%BD%D0%BE%D0%B2,_%D0%96%D0%B0%D0%BD%D0%B0%D1%80%D0%B1%D0%B5%D0%BA_%D0%A1%D0%B0%D0%B4%D1%8B%D0%BA%D0%B0%D0%BD%D1%83%D0%BB%D1%8B""]"	"[""Ашимжанов, Жанарбек Садыканулы Википедия https://ru.wikipedia.org › wiki › А...""]"	true	2026-08-16T22:02:52Z
adilet	36	Башимов Марат Советович	1966	"""Башимов Марат Советович"" (site:ru.wikipedia.org OR site:kk.wikipedia.org)"	"[""https://ru.wikipedia.org/wiki/%D0%91%D0%B0%D1%88%D0%B8%D0%BC%D0%BE%D0%B2,_%D0%9C%D0%B0%D1%80%D0%B0%D1%82_%D0%A1%D0%BE%D0%B2%D0%B5%D1%82%D0%BE%D0%B2%D0%B8%D1%87""]"	"[""Башимов, Марат Советович Википедия https://ru.wikipedia.org › wiki › Б...""]"	true	2026-08-16T22:02:53Z
adilet	40	Бекназаров Нурлан Кудиярович	1964	"""Бекназаров Нурлан Кудиярович"" (site:ru.wikipedia.org OR site:kk.wikipedia.org)"	"[""https://ru.wikipedia.org/wiki/%D0%91%D0%B5%D0%BA%D0%BD%D0%B0%D0%B7%D0%B0%D1%80%D0%BE%D0%B2,_%D0%9D%D1%83%D1%80%D0%BB%D0%B0%D0%BD_%D0%9A%D1%83%D0%B4%D0%B8%D1%8F%D1%80%D0%BE%D0%B2%D0%B8%D1%87""]"	"[""Бекназаров, Нурлан Кудиярович Википедия https://ru.wikipedia.org › wiki › Б...""]"	true	2026-08-16T22:02:55Z
adilet	46	Больгерт Евгений Андреевич	1984	"""Больгерт Евгений Андреевич"" (site:ru.wikipedia.org OR site:kk.wikipedia.org)"	"[""https://ru.wikipedia.org/wiki/%D0%91%D0%BE%D0%BB%D1%8C%D0%B3%D0%B5%D1%80%D1%82,_%D0%95%D0%B2%D0%B3%D0%B5%D0%BD%D0%B8%D0%B9_%D0%90%D0%BD%D0%B4%D1%80%D0%B5%D0%B5%D0%B2%D0%B8%D1%87""]"	"[""Больгерт, Евгений Андреевич Википедия https://ru.wikipedia.org › wiki › Б...""]"	true	2026-08-16T22:02:56Z
adilet	77	Имашева Снежанна Валерьевна	1981	"""Имашева Снежанна Валерьевна"" (site:ru.wikipedia.org OR site:kk.wikipedia.org)"	"[""https://ru.wikipedia.org/wiki/%D0%98%D0%BC%D0%B0%D1%88%D0%B5%D0%B2%D0%B0,_%D0%A1%D0%BD%D0%B5%D0%B6%D0%B0%D0%BD%D0%BD%D0%B0_%D0%92%D0%B0%D0%BB%D0%B5%D1%80%D1%8C%D0%B5%D0%B2%D0%BD%D0%B0""]"	"[""Имашева, Снежанна Валерьевна Википедия https://ru.wikipedia.org › wiki › И...""]"	true	2026-08-16T22:02:58Z
adilet	83	Калыков Арман Кобыландынович	1973	"""Калыков Арман Кобыландынович"" (site:ru.wikipedia.org OR site:kk.wikipedia.org)"	"[""https://ru.wikipedia.org/wiki/%D0%9A%D0%B0%D0%BB%D1%8B%D0%BA%D0%BE%D0%B2,_%D0%90%D1%80%D0%BC%D0%B0%D0%BD_%D0%9A%D0%BE%D0%B1%D1%8B%D0%BB%D0%B0%D0%BD%D0%B4%D1%8B%D0%BD%D0%BE%D0%B2%D0%B8%D1%87""]"	"[""Калыков, Арман Кобыландынович Википедия https://ru.wikipedia.org › wiki › К...""]"	true	2026-08-16T22:03:00Z
adilet	94	Кожаев Марат Шадетханович	1964	"""Кожаев Марат Шадетханович"" (site:ru.wikipedia.org OR site:kk.wikipedia.org)"	"[""https://ru.wikipedia.org/wiki/%D0%9A%D0%BE%D0%B6%D0%B0%D0%B5%D0%B2,_%D0%9C%D0%B0%D1%80%D0%B0%D1%82_%D0%A8%D0%B0%D0%B4%D0%B5%D1%82%D1%85%D0%B0%D0%BD%D0%BE%D0%B2%D0%B8%D1%87""]"	"[""Кожаев, Марат Шадетханович Википедия https://ru.wikipedia.org › wiki › К...""]"	true	2026-08-16T22:03:01Z
adilet	99	Кучинская Юлия Владимировна	1982	"""Кучинская Юлия Владимировна"" (site:ru.wikipedia.org OR site:kk.wikipedia.org)"	"[""https://ru.wikipedia.org/wiki/%D0%9A%D1%83%D1%87%D0%B8%D0%BD%D1%81%D0%BA%D0%B0%D1%8F,_%D0%AE%D0%BB%D0%B8%D1%8F_%D0%92%D0%BB%D0%B0%D0%B4%D0%B8%D0%BC%D0%B8%D1%80%D0%BE%D0%B2%D0%BD%D0%B0""]"	"[""Кучинская, Юлия Владимировна Википедия https://ru.wikipedia.org › wiki › К...""]"	true	2026-08-16T22:03:03Z
adilet	126	Перепечина Ольга Валентиновна	1967	"""Перепечина Ольга Валентиновна"" (site:ru.wikipedia.org OR site:kk.wikipedia.org)"	"[""https://ru.wikipedia.org/wiki/%D0%9F%D0%B5%D1%80%D0%B5%D0%BF%D0%B5%D1%87%D0%B8%D0%BD%D0%B0,_%D0%9E%D0%BB%D1%8C%D0%B3%D0%B0_%D0%92%D0%B0%D0%BB%D0%B5%D0%BD%D1%82%D0%B8%D0%BD%D0%BE%D0%B2%D0%BD%D0%B0"", ""https://kk.wikipedia.org/wiki/%D0%9E%D0%BB%D1%8C%D0%B3%D0%B0_%D0%92%D0%B0%D0%BB%D0%B5%D0%BD%D1%82%D0%B8%D0%BD%D0%BE%D0%B2%D0%BD%D0%B0_%D0%9F%D0%B5%D1%80%D0%B5%D0%BF%D0%B5%D1%87%D0%B8%D0%BD%D0%B0""]"	"[""Перепечина, Ольга Валентиновна Википедия https://ru.wikipedia.org › wiki › П..."", ""Ольга Валентиновна Перепечина Wikipedia https://kk.wikipedia.org › wiki""]"	true	2026-08-16T22:03:05Z
adilet	128	Пономарёв Сергей Михайлович	1961	"""Пономарёв Сергей Михайлович"" (site:ru.wikipedia.org OR site:kk.wikipedia.org)"	"[""https://ru.wikipedia.org/wiki/%D0%9F%D0%BE%D0%BD%D0%BE%D0%BC%D0%B0%D1%80%D1%91%D0%B2,_%D0%A1%D0%B5%D1%80%D0%B3%D0%B5%D0%B9_%D0%9C%D0%B8%D1%85%D0%B0%D0%B9%D0%BB%D0%BE%D0%B2%D0%B8%D1%87"", ""https://ru.wikipedia.org/wiki/%D0%9F%D0%BE%D0%BD%D0%BE%D0%BC%D0%B0%D1%80%D1%91%D0%B2,_%D0%A1%D0%B5%D1%80%D0%B3%D0%B5%D0%B9""]"	"[""Пономарёв, Сергей Михайлович Википедия https://ru.wikipedia.org › wiki › П..."", ""Пономарёв, Сергей Википедия https://ru.wikipedia.org › wiki › П...""]"	true	2026-08-16T22:03:07Z
adilet	133	Рожин Максим Николаевич	1983	"""Рожин Максим Николаевич"" (site:ru.wikipedia.org OR site:kk.wikipedia.org)"	"[""https://ru.wikipedia.org/wiki/%D0%A0%D0%BE%D0%B6%D0%B8%D0%BD,_%D0%9C%D0%B0%D0%BA%D1%81%D0%B8%D0%BC_%D0%9D%D0%B8%D0%BA%D0%BE%D0%BB%D0%B0%D0%B5%D0%B2%D0%B8%D1%87""]"	"[""Рожин, Максим Николаевич Википедия https://ru.wikipedia.org › wiki › Р...""]"	true	2026-08-16T22:03:09Z
adilet	136	Савельева Татьяна Михайловна	1976	"""Савельева Татьяна Михайловна"" (site:ru.wikipedia.org OR site:kk.wikipedia.org)"	"[""https://ru.wikipedia.org/wiki/%D0%A1%D0%B0%D0%B2%D0%B5%D0%BB%D1%8C%D0%B5%D0%B2%D0%B0,_%D0%A2%D0%B0%D1%82%D1%8C%D1%8F%D0%BD%D0%B0_%D0%9C%D0%B8%D1%85%D0%B0%D0%B9%D0%BB%D0%BE%D0%B2%D0%BD%D0%B0""]"	"[""Савельева, Татьяна Михайловна Википедия https://ru.wikipedia.org › wiki › С...""]"	true	2026-08-16T22:03:10Z
adilet	141	Сайыр Ерлан Биахметұлы	1970	"""Сайыр Ерлан Биахметұлы"" (site:ru.wikipedia.org OR site:kk.wikipedia.org)"	[]	[]	false	2026-08-16T22:03:12Z
adilet	144	Сарым Айдос Әміроллаұлы	1975	"""Сарым Айдос Әміроллаұлы"" (site:ru.wikipedia.org OR site:kk.wikipedia.org)"	[]	[]	false	2026-08-16T22:03:14Z
adilet	148	Смышляева Екатерина Васильевна	1982	"""Смышляева Екатерина Васильевна"" (site:ru.wikipedia.org OR site:kk.wikipedia.org)"	"[""https://ru.wikipedia.org/wiki/%D0%A1%D0%BC%D1%8B%D1%88%D0%BB%D1%8F%D0%B5%D0%B2%D0%B0,_%D0%95%D0%BA%D0%B0%D1%82%D0%B5%D1%80%D0%B8%D0%BD%D0%B0_%D0%92%D0%B0%D1%81%D0%B8%D0%BB%D1%8C%D0%B5%D0%B2%D0%BD%D0%B0""]"	"[""Смышляева, Екатерина Васильевна Википедия https://ru.wikipedia.org › wiki › С...""]"	true	2026-08-16T22:03:16Z
adilet	181	Шапак Унзила	1973	"""Шапак Унзила"" (site:ru.wikipedia.org OR site:kk.wikipedia.org)"	"[""https://ru.wikipedia.org/wiki/%D0%A8%D0%B0%D0%BF%D0%B0%D0%BA,_%D0%A3%D0%BD%D0%B7%D0%B8%D0%BB%D0%B0""]"	"[""Шапак, Унзила Википедия https://ru.wikipedia.org › wiki""]"	true	2026-08-16T22:03:18Z
adilet	182	Шаталов Никита Сергеевич	1992	"""Шаталов Никита Сергеевич"" (site:ru.wikipedia.org OR site:kk.wikipedia.org)"	"[""https://ru.wikipedia.org/wiki/%D0%A8%D0%B0%D1%82%D0%B0%D0%BB%D0%BE%D0%B2,_%D0%9D%D0%B8%D0%BA%D0%B8%D1%82%D0%B0_%D0%A1%D0%B5%D1%80%D0%B3%D0%B5%D0%B5%D0%B2%D0%B8%D1%87""]"	"[""Шаталов, Никита Сергеевич Википедия https://ru.wikipedia.org › wiki""]"	true	2026-08-16T22:03:19Z
ak_zhol	5	Барлыбаев Ерлан Хайланович	1967	"""Барлыбаев Ерлан Хайланович"" (site:ru.wikipedia.org OR site:kk.wikipedia.org)"	"[""https://ru.wikipedia.org/wiki/%D0%91%D0%B0%D1%80%D0%BB%D1%8B%D0%B1%D0%B0%D0%B5%D0%B2,_%D0%95%D1%80%D0%BB%D0%B0%D0%BD_%D0%A5%D0%B0%D0%B9%D0%BB%D0%B0%D0%BD%D0%BE%D0%B2%D0%B8%D1%87""]"	"[""Барлыбаев, Ерлан Хайланович Википедия https://ru.wikipedia.org › wiki › Б...""]"	true	2026-08-16T22:03:21Z
ak_zhol	14	Ерубаев Серик Сарсенович	1968	"""Ерубаев Серик Сарсенович"" (site:ru.wikipedia.org OR site:kk.wikipedia.org)"	"[""https://ru.wikipedia.org/wiki/%D0%95%D1%80%D1%83%D0%B1%D0%B0%D0%B5%D0%B2,_%D0%A1%D0%B5%D1%80%D0%B8%D0%BA_%D0%A1%D0%B0%D1%80%D1%81%D0%B5%D0%BD%D0%BE%D0%B2%D0%B8%D1%87""]"	"[""Ерубаев, Серик Сарсенович Википедия https://ru.wikipedia.org › wiki › Е...""]"	true	2026-08-16T22:03:23Z
ak_zhol	15	Еспаева Дания Мадиевна	1961	"""Еспаева Дания Мадиевна"" (site:ru.wikipedia.org OR site:kk.wikipedia.org)"	"[""https://ru.wikipedia.org/wiki/%D0%95%D1%81%D0%BF%D0%B0%D0%B5%D0%B2%D0%B0,_%D0%94%D0%B0%D0%BD%D0%B8%D1%8F_%D0%9C%D0%B0%D0%B4%D0%B8%D0%B5%D0%B2%D0%BD%D0%B0""]"	"[""Еспаева, Дания Мадиевна Википедия https://ru.wikipedia.org › wiki › Е...""]"	true	2026-08-16T22:03:25Z
ak_zhol	21	Иса Қазыбек Жарылқасынұлы	1962	"""Иса Қазыбек Жарылқасынұлы"" (site:ru.wikipedia.org OR site:kk.wikipedia.org)"	[]	[]	false	2026-08-16T22:03:27Z
ak_zhol	40	Нуралдинов Олжас Ельтайулы	1989	"""Нуралдинов Олжас Ельтайулы"" (site:ru.wikipedia.org OR site:kk.wikipedia.org)"	"[""https://ru.wikipedia.org/wiki/%D0%9D%D1%83%D1%80%D0%B0%D0%BB%D0%B4%D0%B8%D0%BD%D0%BE%D0%B2,_%D0%9E%D0%BB%D0%B6%D0%B0%D1%81_%D0%95%D0%BB%D1%8C%D1%82%D0%B0%D0%B9%D1%83%D0%BB%D1%8B""]"	"[""Нуралдинов, Олжас Ельтайулы Википедия https://ru.wikipedia.org › wiki › Н...""]"	true	2026-08-16T22:03:28Z
ak_zhol	42	Перуашев Азат Турлыбекулы	1967	"""Перуашев Азат Турлыбекулы"" (site:ru.wikipedia.org OR site:kk.wikipedia.org)"	"[""https://ru.wikipedia.org/wiki/%D0%9F%D0%B5%D1%80%D1%83%D0%B0%D1%88%D0%B5%D0%B2,_%D0%90%D0%B7%D0%B0%D1%82_%D0%A2%D1%83%D1%80%D0%BB%D1%8B%D0%B1%D0%B5%D0%BA%D1%83%D0%BB%D1%8B""]"	"[""Перуашев, Азат Турлыбекулы Википедия https://ru.wikipedia.org › wiki › П...""]"	true	2026-08-16T22:03:30Z
npk	53	Нұралин Асылбек Жамашұлы	1959	"""Нұралин Асылбек Жамашұлы"" (site:ru.wikipedia.org OR site:kk.wikipedia.org)"	[]	[]	false	2026-08-16T22:03:32Z
npk	61	Сейтжан Кенжеғұл Социалұлы	1982	"""Сейтжан Кенжеғұл Социалұлы"" (site:ru.wikipedia.org OR site:kk.wikipedia.org)"	[]	[]	false	2026-08-16T22:03:34Z
npk	63	Смирнова Ирина Владимировна	1960	"""Смирнова Ирина Владимировна"" (site:ru.wikipedia.org OR site:kk.wikipedia.org)"	"[""https://ru.wikipedia.org/wiki/%D0%A1%D0%BC%D0%B8%D1%80%D0%BD%D0%BE%D0%B2%D0%B0,_%D0%98%D1%80%D0%B8%D0%BD%D0%B0_%D0%92%D0%BB%D0%B0%D0%B4%D0%B8%D0%BC%D0%B8%D1%80%D0%BE%D0%B2%D0%BD%D0%B0_(%D0%BF%D0%BE%D0%BB%D0%B8%D1%82%D0%B8%D0%BA)"", ""https://ru.wikipedia.org/wiki/%D0%A1%D0%BC%D0%B8%D1%80%D0%BD%D0%BE%D0%B2%D0%B0,_%D0%98%D1%80%D0%B8%D0%BD%D0%B0_%D0%92%D0%BB%D0%B0%D0%B4%D0%B8%D0%BC%D0%B8%D1%80%D0%BE%D0%B2%D0%BD%D0%B0"", ""https://ru.wikipedia.org/wiki/%D0%A1%D0%BC%D0%B8%D1%80%D0%BD%D0%BE%D0%B2%D0%B0,_%D0%98%D1%80%D0%B8%D0%BD%D0%B0_%D0%92%D0%BB%D0%B0%D0%B4%D0%B8%D0%BC%D0%B8%D1%80%D0%BE%D0%B2%D0%BD%D0%B0_(%D1%81%D0%BF%D0%BE%D1%80%D1%82%D1%81%D0%BC%D0%B5%D0%BD%D0%BA%D0%B0)"", ""https://ru.wikipedia.org/wiki/%D0%A1%D0%BC%D0%B8%D1%80%D0%BD%D0%BE%D0%B2%D0%B0,_%D0%98%D1%80%D0%B8%D0%BD%D0%B0""]"	"[""Смирнова, Ирина Владимировна (политик) Википедия https://ru.wikipedia.org › wiki › С..."", ""Смирнова, Ирина Владимировна Википедия https://ru.wikipedia.org › wiki › С..."", ""Смирнова, Ирина Владимировна (спортсменка) Википедия https://ru.wikipedia.org › wiki › С..."", ""Смирнова, Ирина Википедия https://ru.wikipedia.org › wiki › С...""]"	true	2026-08-16T22:03:36Z
npk	65	Сұңқар Ислам Еркінұлы	1995	"""Сұңқар Ислам Еркінұлы"" (site:ru.wikipedia.org OR site:kk.wikipedia.org)"	[]	[]	false	2026-08-16T22:03:37Z
osdp	8	Ауесбаев Нурлан Сатыбалдиевич	1957	"""Ауесбаев Нурлан Сатыбалдиевич"" (site:ru.wikipedia.org OR site:kk.wikipedia.org)"	"[""https://ru.wikipedia.org/wiki/%D0%90%D1%83%D0%B5%D1%81%D0%B1%D0%B0%D0%B5%D0%B2,_%D0%9D%D1%83%D1%80%D0%BB%D0%B0%D0%BD_%D0%A1%D0%B0%D1%82%D1%8B%D0%B1%D0%B0%D0%BB%D0%B4%D0%B8%D0%B5%D0%B2%D0%B8%D1%87""]"	"[""Ауесбаев, Нурлан Сатыбалдиевич Википедия https://ru.wikipedia.org › wiki › А...""]"	true	2026-08-16T22:03:39Z
osdp	28	Рахимжанов Асхат Нурмагамбетович	1983	"""Рахимжанов Асхат Нурмагамбетович"" (site:ru.wikipedia.org OR site:kk.wikipedia.org)"	"[""https://ru.wikipedia.org/wiki/%D0%A0%D0%B0%D1%85%D0%B8%D0%BC%D0%B6%D0%B0%D0%BD%D0%BE%D0%B2,_%D0%90%D1%81%D1%85%D0%B0%D1%82_%D0%9D%D1%83%D1%80%D0%BC%D0%B0%D0%B3%D0%B0%D0%BC%D0%B1%D0%B5%D1%82%D0%BE%D0%B2%D0%B8%D1%87""]"	"[""Рахимжанов, Асхат Нурмагамбетович Википедия https://ru.wikipedia.org › wiki › Р...""]"	true	2026-08-16T22:03:41Z
osdp	29	Сагандыкова Ажар Бахитовна	1971	"""Сагандыкова Ажар Бахитовна"" (site:ru.wikipedia.org OR site:kk.wikipedia.org)"	"[""https://ru.wikipedia.org/wiki/%D0%A1%D0%B0%D0%B3%D0%B0%D0%BD%D0%B4%D1%8B%D0%BA%D0%BE%D0%B2%D0%B0,_%D0%90%D0%B6%D0%B0%D1%80_%D0%91%D0%B0%D1%85%D0%B8%D1%82%D0%BE%D0%B2%D0%BD%D0%B0""]"	"[""Сагандыкова, Ажар Бахитовна Википедия https://ru.wikipedia.org › wiki › С...""]"	true	2026-08-16T22:03:43Z
osdp	30	Сайлаубай Наурыз Саятұлы	1994	"""Сайлаубай Наурыз Саятұлы"" (site:ru.wikipedia.org OR site:kk.wikipedia.org)"	[]	[]	false	2026-08-16T22:03:45Z
respublica	43	Куспеков Олжас Хайроллаевич	1986	"""Куспеков Олжас Хайроллаевич"" (site:ru.wikipedia.org OR site:kk.wikipedia.org)"	"[""https://ru.wikipedia.org/wiki/%D0%9A%D1%83%D1%81%D0%BF%D0%B5%D0%BA%D0%BE%D0%B2,_%D0%9E%D0%BB%D0%B6%D0%B0%D1%81_%D0%A5%D0%B0%D0%B9%D1%80%D0%BE%D0%BB%D0%BB%D0%B0%D0%B5%D0%B2%D0%B8%D1%87""]"	"[""Куспеков, Олжас Хайроллаевич Википедия https://ru.wikipedia.org › wiki › К...""]"	true	2026-08-16T22:03:46Z
respublica	55	Наумова Динара Рустамовна	1997	"""Наумова Динара Рустамовна"" (site:ru.wikipedia.org OR site:kk.wikipedia.org)"	"[""https://ru.wikipedia.org/wiki/%D0%9D%D0%B0%D1%83%D0%BC%D0%BE%D0%B2%D0%B0,_%D0%94%D0%B8%D0%BD%D0%B0%D1%80%D0%B0_%D0%A0%D1%83%D1%81%D1%82%D0%B0%D0%BC%D0%BE%D0%B2%D0%BD%D0%B0""]"	"[""Наумова, Динара Рустамовна Википедия https://ru.wikipedia.org › wiki › Н...""]"	true	2026-08-16T22:03:48Z
respublica	60	Смолякова Екатерина Сергеевна	1987	"""Смолякова Екатерина Сергеевна"" (site:ru.wikipedia.org OR site:kk.wikipedia.org)"	"[""https://ru.wikipedia.org/wiki/%D0%A1%D0%BC%D0%BE%D0%BB%D1%8F%D0%BA%D0%BE%D0%B2%D0%B0,_%D0%95%D0%BA%D0%B0%D1%82%D0%B5%D1%80%D0%B8%D0%BD%D0%B0_%D0%A1%D0%B5%D1%80%D0%B3%D0%B5%D0%B5%D0%B2%D0%BD%D0%B0""]"	"[""Смолякова, Екатерина Сергеевна Википедия https://ru.wikipedia.org › wiki › С...""]"	true	2026-08-16T22:03:50Z
respublica	66	Тау Нургул	1973	"""Тау Нургул"" (site:ru.wikipedia.org OR site:kk.wikipedia.org)"	"[""https://ru.wikipedia.org/wiki/%D0%A2%D0%B0%D1%83,_%D0%9D%D1%83%D1%80%D0%B3%D1%83%D0%BB""]"	"[""Тау, Нургул Википедия https://ru.wikipedia.org › wiki › Т...""]"	true	2026-08-16T22:03:52Z
respublica	75	Ходжаназаров Айдарбек Асанович	1983	"""Ходжаназаров Айдарбек Асанович"" (site:ru.wikipedia.org OR site:kk.wikipedia.org)"	"[""https://ru.wikipedia.org/wiki/%D0%A5%D0%BE%D0%B4%D0%B6%D0%B0%D0%BD%D0%B0%D0%B7%D0%B0%D1%80%D0%BE%D0%B2,_%D0%90%D0%B9%D0%B4%D0%B0%D1%80%D0%B1%D0%B5%D0%BA_%D0%90%D1%81%D0%B0%D0%BD%D0%BE%D0%B2%D0%B8%D1%87""]"	"[""Ходжаназаров, Айдарбек Асанович Википедия https://ru.wikipedia.org › wiki › Х...""]"	true	2026-08-16T22:03:54Z
adilet	43	Беспалинов Берген Маратович	1975	"""Беспалинов Берген Маратович"" (site:ru.wikipedia.org OR site:kk.wikipedia.org)"	[]	[]	false	2026-08-16T22:06:10Z
adilet	54	Дәдебай Айбек Арқабайұлы	1980	"""Дәдебай Айбек Арқабайұлы"" (site:ru.wikipedia.org OR site:kk.wikipedia.org)"	[]	[]	false	2026-08-16T22:06:11Z
adilet	167	Толыбаев Нурлан Алишерович	1986	"""Толыбаев Нурлан Алишерович"" (site:ru.wikipedia.org OR site:kk.wikipedia.org)"	[]	[]	false	2026-08-16T22:06:13Z
adilet	169	Тулеушин Каныш Аманбаевич	1983	"""Тулеушин Каныш Аманбаевич"" (site:ru.wikipedia.org OR site:kk.wikipedia.org)"	[]	[]	false	2026-08-16T22:06:15Z
ak_zhol	1	Абильдин Ермек Толеуулы	1980	"""Абильдин Ермек Толеуулы"" (site:ru.wikipedia.org OR site:kk.wikipedia.org)"	[]	[]	false	2026-08-16T22:06:17Z
ak_zhol	12	Егинбаев Ермек Молдакулович	1965	"""Егинбаев Ермек Молдакулович"" (site:ru.wikipedia.org OR site:kk.wikipedia.org)"	[]	[]	false	2026-08-16T22:06:20Z
ak_zhol	19	Жутаев Махаббат Сагынбаевич	1968	"""Жутаев Махаббат Сагынбаевич"" (site:ru.wikipedia.org OR site:kk.wikipedia.org)"	[]	[]	false	2026-08-16T22:06:22Z
ak_zhol	28	Кожахметов Асылхан Тулеббергенович	1984	"""Кожахметов Асылхан Тулеббергенович"" (site:ru.wikipedia.org OR site:kk.wikipedia.org)"	[]	[]	false	2026-08-16T22:06:23Z
ak_zhol	46	Салыкбаев Абзал Мырзаханович	1990	"""Салыкбаев Абзал Мырзаханович"" (site:ru.wikipedia.org OR site:kk.wikipedia.org)"	[]	[]	false	2026-08-16T22:06:25Z
ak_zhol	49	Смагулов Аскар Сайлаубекович	1970	"""Смагулов Аскар Сайлаубекович"" (site:ru.wikipedia.org OR site:kk.wikipedia.org)"	[]	[]	false	2026-08-16T22:06:27Z
ak_zhol	62	Шынасилова Мейраш	1971	"""Шынасилова Мейраш"" (site:ru.wikipedia.org OR site:kk.wikipedia.org)"	[]	[]	false	2026-08-16T22:06:29Z
ak_zhol	63	Юсупов Ермеккалий Тулепкалиевич	1965	"""Юсупов Ермеккалий Тулепкалиевич"" (site:ru.wikipedia.org OR site:kk.wikipedia.org)"	[]	[]	false	2026-08-16T22:06:31Z
auyl	4	Абдыханов Улан Аманбекович	1974	"""Абдыханов Улан Аманбекович"" (site:ru.wikipedia.org OR site:kk.wikipedia.org)"	[]	[]	false	2026-08-16T22:06:32Z
auyl	5	Абитаев Фарид Кумашевич	1966	"""Абитаев Фарид Кумашевич"" (site:ru.wikipedia.org OR site:kk.wikipedia.org)"	[]	[]	false	2026-08-16T22:06:34Z
auyl	7	Айтуганов Кайрат Капарович	1962	"""Айтуганов Кайрат Капарович"" (site:ru.wikipedia.org OR site:kk.wikipedia.org)"	"[""https://ru.wikipedia.org/wiki/%D0%90%D0%B9%D1%82%D1%83%D0%B3%D0%B0%D0%BD%D0%BE%D0%B2,_%D0%9A%D0%B0%D0%B9%D1%80%D0%B0%D1%82_%D0%9A%D0%B0%D0%BF%D0%B0%D1%80%D0%BE%D0%B2%D0%B8%D1%87""]"	"[""Айтуганов, Кайрат Капарович Википедия https://ru.wikipedia.org › wiki › А...""]"	true	2026-08-16T22:06:36Z
auyl	15	Базилов Асхат Мауленович	1989	"""Базилов Асхат Мауленович"" (site:ru.wikipedia.org OR site:kk.wikipedia.org)"	[]	[]	false	2026-08-16T22:06:38Z
auyl	16	Байжанов Нуртас Жарылгасинович	1988	"""Байжанов Нуртас Жарылгасинович"" (site:ru.wikipedia.org OR site:kk.wikipedia.org)"	[]	[]	false	2026-08-16T22:06:40Z
auyl	18	Байманов Шахмардан Аскарович	1984	"""Байманов Шахмардан Аскарович"" (site:ru.wikipedia.org OR site:kk.wikipedia.org)"	[]	[]	false	2026-08-16T22:06:41Z
auyl	20	Бекиев Канат Ботаевич	1959	"""Бекиев Канат Ботаевич"" (site:ru.wikipedia.org OR site:kk.wikipedia.org)"	[]	[]	false	2026-08-16T22:06:43Z
auyl	28	Егізбаев Серік Рахметоллаұлы	1963	"""Егізбаев Серік Рахметоллаұлы"" (site:ru.wikipedia.org OR site:kk.wikipedia.org)"	[]	[]	false	2026-08-16T22:06:44Z
auyl	29	Жиенбаев Абзал Бахитович	1985	"""Жиенбаев Абзал Бахитович"" (site:ru.wikipedia.org OR site:kk.wikipedia.org)"	[]	[]	false	2026-08-16T22:06:46Z
auyl	36	Калмуратов Торегельды Оразалиевич	1971	"""Калмуратов Торегельды Оразалиевич"" (site:ru.wikipedia.org OR site:kk.wikipedia.org)"	[]	[]	false	2026-08-16T22:06:48Z
auyl	37	Карабеков Гани Ажединович	1968	"""Карабеков Гани Ажединович"" (site:ru.wikipedia.org OR site:kk.wikipedia.org)"	[]	[]	false	2026-08-16T22:06:50Z
auyl	41	Конырбаев Ахметбек Байрозович	1962	"""Конырбаев Ахметбек Байрозович"" (site:ru.wikipedia.org OR site:kk.wikipedia.org)"	[]	[]	false	2026-08-16T22:06:52Z
auyl	42	Курманбекова Слушаш Сатбековна	1963	"""Курманбекова Слушаш Сатбековна"" (site:ru.wikipedia.org OR site:kk.wikipedia.org)"	[]	[]	false	2026-08-16T22:06:53Z
auyl	47	Мұстафа Садық Шоңмұрынұлы	1966	"""Мұстафа Садық Шоңмұрынұлы"" (site:ru.wikipedia.org OR site:kk.wikipedia.org)"	[]	[]	false	2026-08-16T22:06:55Z
auyl	50	Озгамбаев Куанышбай Омирзакович	1968	"""Озгамбаев Куанышбай Омирзакович"" (site:ru.wikipedia.org OR site:kk.wikipedia.org)"	[]	[]	false	2026-08-16T22:06:57Z
baitaq	3	Амиртаев Азаматхан Сайлауович	1978	"""Амиртаев Азаматхан Сайлауович"" (site:ru.wikipedia.org OR site:kk.wikipedia.org)"	[]	[]	false	2026-08-16T22:06:58Z
baitaq	10	Баяжума Асылбек	1978	"""Баяжума Асылбек"" (site:ru.wikipedia.org OR site:kk.wikipedia.org)"	[]	[]	false	2026-08-16T22:07:00Z
baitaq	16	Иманалиев Аскар Муратович	1978	"""Иманалиев Аскар Муратович"" (site:ru.wikipedia.org OR site:kk.wikipedia.org)"	[]	[]	false	2026-08-16T22:07:02Z
baitaq	30	Мамытов Нургалый Киябаевич	1958	"""Мамытов Нургалый Киябаевич"" (site:ru.wikipedia.org OR site:kk.wikipedia.org)"	[]	[]	false	2026-08-16T22:07:04Z
npk	3	Агибаев Алимбек Тулегенович	1981	"""Агибаев Алимбек Тулегенович"" (site:ru.wikipedia.org OR site:kk.wikipedia.org)"	[]	[]	false	2026-08-16T22:07:06Z
npk	4	Аккозиев Рахман Сейлханович	1963	"""Аккозиев Рахман Сейлханович"" (site:ru.wikipedia.org OR site:kk.wikipedia.org)"	[]	[]	false	2026-08-16T22:07:07Z
npk	12	Аукенов Мирас Серикбекович	1985	"""Аукенов Мирас Серикбекович"" (site:ru.wikipedia.org OR site:kk.wikipedia.org)"	[]	[]	false	2026-08-16T22:07:09Z
npk	25	Досмухамбетова Балжан Ибатовна	1964	"""Досмухамбетова Балжан Ибатовна"" (site:ru.wikipedia.org OR site:kk.wikipedia.org)"	[]	[]	false	2026-08-16T22:07:11Z
npk	26	Дудабаев Еркебулан Бакытович	1983	"""Дудабаев Еркебулан Бакытович"" (site:ru.wikipedia.org OR site:kk.wikipedia.org)"	[]	[]	false	2026-08-16T22:07:13Z
npk	28	Ерназаров Кайрат Шаршыбекович	1965	"""Ерназаров Кайрат Шаршыбекович"" (site:ru.wikipedia.org OR site:kk.wikipedia.org)"	[]	[]	false	2026-08-16T22:07:15Z
npk	31	Ибраимов Олжас Бекдаулетович	1986	"""Ибраимов Олжас Бекдаулетович"" (site:ru.wikipedia.org OR site:kk.wikipedia.org)"	[]	[]	false	2026-08-16T22:07:16Z
npk	34	Исабаев Орынбасар Душанович	1955	"""Исабаев Орынбасар Душанович"" (site:ru.wikipedia.org OR site:kk.wikipedia.org)"	[]	[]	false	2026-08-16T22:07:18Z
npk	37	Кабдешев Дамир Каирович	1999	"""Кабдешев Дамир Каирович"" (site:ru.wikipedia.org OR site:kk.wikipedia.org)"	[]	[]	false	2026-08-16T22:07:20Z
npk	40	Камбарова Зухра Медеуовна	1967	"""Камбарова Зухра Медеуовна"" (site:ru.wikipedia.org OR site:kk.wikipedia.org)"	[]	[]	false	2026-08-16T22:07:22Z
npk	42	Куленова Лейла Искандеровна	1980	"""Куленова Лейла Искандеровна"" (site:ru.wikipedia.org OR site:kk.wikipedia.org)"	[]	[]	false	2026-08-16T22:07:24Z
npk	43	Курмангазин Бауржан Олжашевич	1986	"""Курмангазин Бауржан Олжашевич"" (site:ru.wikipedia.org OR site:kk.wikipedia.org)"	[]	[]	false	2026-08-16T22:07:25Z
npk	45	Кусаинов Бейбут Булатович	1985	"""Кусаинов Бейбут Булатович"" (site:ru.wikipedia.org OR site:kk.wikipedia.org)"	[]	[]	false	2026-08-16T22:07:27Z
npk	47	Лаврентьев Борис Георгиевич	1984	"""Лаврентьев Борис Георгиевич"" (site:ru.wikipedia.org OR site:kk.wikipedia.org)"	[]	[]	false	2026-08-16T22:07:29Z
npk	48	Максутов Калел Мухатаевич	1964	"""Максутов Калел Мухатаевич"" (site:ru.wikipedia.org OR site:kk.wikipedia.org)"	[]	[]	false	2026-08-16T22:07:31Z
npk	67	Тулеугалиев Рашид Бектурович	1973	"""Тулеугалиев Рашид Бектурович"" (site:ru.wikipedia.org OR site:kk.wikipedia.org)"	[]	[]	false	2026-08-16T22:07:33Z
npk	69	Умаров Баймырза Абденбаевич	1965	"""Умаров Баймырза Абденбаевич"" (site:ru.wikipedia.org OR site:kk.wikipedia.org)"	[]	[]	false	2026-08-16T22:07:35Z
npk	71	Шоканов Нурсултан Нурланович	1986	"""Шоканов Нурсултан Нурланович"" (site:ru.wikipedia.org OR site:kk.wikipedia.org)"	"[""https://ru.wikipedia.org/wiki/%D0%A8%D0%BE%D0%BA%D0%B0%D0%BD%D0%BE%D0%B2,_%D0%9D%D1%83%D1%80%D1%81%D1%83%D0%BB%D1%82%D0%B0%D0%BD_%D0%9D%D1%83%D1%80%D0%BB%D0%B0%D0%BD%D0%BE%D0%B2%D0%B8%D1%87""]"	"[""Шоканов, Нурсултан Нурланович Википедия https://ru.wikipedia.org › wiki""]"	true	2026-08-16T22:07:37Z
osdp	1	Абенова Анаргул Жаксагалиевна	1973	"""Абенова Анаргул Жаксагалиевна"" (site:ru.wikipedia.org OR site:kk.wikipedia.org)"	[]	[]	false	2026-08-16T22:07:39Z
osdp	3	Аленова Аружан Дарменовна	2000	"""Аленова Аружан Дарменовна"" (site:ru.wikipedia.org OR site:kk.wikipedia.org)"	[]	[]	false	2026-08-16T22:07:41Z
osdp	6	Аубакиров Нурлан Какимович	1970	"""Аубакиров Нурлан Какимович"" (site:ru.wikipedia.org OR site:kk.wikipedia.org)"	"[""https://ru.wikipedia.org/wiki/%D0%90%D1%83%D0%B1%D0%B0%D0%BA%D0%B8%D1%80%D0%BE%D0%B2,_%D0%9D%D1%83%D1%80%D0%BB%D0%B0%D0%BD_%D0%95%D1%80%D0%B8%D0%BA%D0%B1%D0%B0%D0%B5%D0%B2%D0%B8%D1%87""]"	"[""Аубакиров, Нурлан Ерикбаевич Википедия https://ru.wikipedia.org › wiki › А...""]"	true	2026-08-16T22:07:43Z
osdp	12	Бугабаев Сапарбай Дуйсенович	1959	"""Бугабаев Сапарбай Дуйсенович"" (site:ru.wikipedia.org OR site:kk.wikipedia.org)"	[]	[]	false	2026-08-16T22:07:44Z
osdp	13	Дауренбеков Ержан Каханович	1982	"""Дауренбеков Ержан Каханович"" (site:ru.wikipedia.org OR site:kk.wikipedia.org)"	[]	[]	false	2026-08-16T22:07:46Z
osdp	14	Джаканов Дамир Сатпаевич	1990	"""Джаканов Дамир Сатпаевич"" (site:ru.wikipedia.org OR site:kk.wikipedia.org)"	[]	[]	false	2026-08-16T22:07:48Z
osdp	15	Джусупова Роза Кенженовна	1967	"""Джусупова Роза Кенженовна"" (site:ru.wikipedia.org OR site:kk.wikipedia.org)"	[]	[]	false	2026-08-16T22:07:50Z
osdp	17	Жанғали Ілияс Әбілқазыұлы	1993	"""Жанғали Ілияс Әбілқазыұлы"" (site:ru.wikipedia.org OR site:kk.wikipedia.org)"	[]	[]	false	2026-08-16T22:07:52Z
osdp	18	Калгин Виктор Евгеньевич	1981	"""Калгин Виктор Евгеньевич"" (site:ru.wikipedia.org OR site:kk.wikipedia.org)"	[]	[]	false	2026-08-16T22:07:54Z
osdp	19	Камалова Нурайнаш Балтабаевна	1977	"""Камалова Нурайнаш Балтабаевна"" (site:ru.wikipedia.org OR site:kk.wikipedia.org)"	[]	[]	false	2026-08-16T22:07:55Z
osdp	23	Мукаманов Жасулан Мирзахметович	1978	"""Мукаманов Жасулан Мирзахметович"" (site:ru.wikipedia.org OR site:kk.wikipedia.org)"	[]	[]	false	2026-08-16T22:07:57Z
osdp	24	Мынбаев Сакен Саламатович	1988	"""Мынбаев Сакен Саламатович"" (site:ru.wikipedia.org OR site:kk.wikipedia.org)"	[]	[]	false	2026-08-16T22:07:59Z
osdp	25	Насибулов Мақсұт Бейбитұлы	1992	"""Насибулов Мақсұт Бейбитұлы"" (site:ru.wikipedia.org OR site:kk.wikipedia.org)"	[]	[]	false	2026-08-16T22:08:01Z
osdp	26	Нурлыбеков Нурым Комекович	1980	"""Нурлыбеков Нурым Комекович"" (site:ru.wikipedia.org OR site:kk.wikipedia.org)"	[]	[]	false	2026-08-16T22:08:03Z
osdp	27	Нұржау Қуандық Оңдасынұлы	1979	"""Нұржау Қуандық Оңдасынұлы"" (site:ru.wikipedia.org OR site:kk.wikipedia.org)"	[]	[]	false	2026-08-16T22:08:04Z
osdp	31	Самбетбай Тазабек Дакенайұлы	1980	"""Самбетбай Тазабек Дакенайұлы"" (site:ru.wikipedia.org OR site:kk.wikipedia.org)"	[]	[]	false	2026-08-16T22:08:06Z
osdp	32	Сарманов Рустем Сабитович	1989	"""Сарманов Рустем Сабитович"" (site:ru.wikipedia.org OR site:kk.wikipedia.org)"	[]	[]	false	2026-08-16T22:08:08Z
respublica	2	Абдихаликова Шолпан Аскаровна	1987	"""Абдихаликова Шолпан Аскаровна"" (site:ru.wikipedia.org OR site:kk.wikipedia.org)"	[]	[]	false	2026-08-16T22:08:10Z
respublica	5	Айткулов Бекжан Бахтыбекович	1991	"""Айткулов Бекжан Бахтыбекович"" (site:ru.wikipedia.org OR site:kk.wikipedia.org)"	[]	[]	false	2026-08-16T22:08:12Z
respublica	8	Амангелді Маханбет	1988	"""Амангелді Маханбет"" (site:ru.wikipedia.org OR site:kk.wikipedia.org)"	[]	[]	false	2026-08-16T22:08:13Z
respublica	9	Аубакиров Нурлан Ерикбаевич	1975	"""Аубакиров Нурлан Ерикбаевич"" (site:ru.wikipedia.org OR site:kk.wikipedia.org)"	"[""https://ru.wikipedia.org/wiki/%D0%90%D1%83%D0%B1%D0%B0%D0%BA%D0%B8%D1%80%D0%BE%D0%B2,_%D0%9D%D1%83%D1%80%D0%BB%D0%B0%D0%BD_%D0%95%D1%80%D0%B8%D0%BA%D0%B1%D0%B0%D0%B5%D0%B2%D0%B8%D1%87""]"	"[""Аубакиров, Нурлан Ерикбаевич Википедия https://ru.wikipedia.org › wiki › А...""]"	true	2026-08-16T22:08:15Z
respublica	25	Дуйсекенов Ержан Нусипбекович	1970	"""Дуйсекенов Ержан Нусипбекович"" (site:ru.wikipedia.org OR site:kk.wikipedia.org)"	[]	[]	false	2026-08-16T22:08:17Z
respublica	33	Искаков Жанат Маратович	1977	"""Искаков Жанат Маратович"" (site:ru.wikipedia.org OR site:kk.wikipedia.org)"	[]	[]	false	2026-08-16T22:08:18Z
respublica	38	Келимбетова Айнур Шайзханкызы	1990	"""Келимбетова Айнур Шайзханкызы"" (site:ru.wikipedia.org OR site:kk.wikipedia.org)"	[]	[]	false	2026-08-16T22:08:20Z
respublica	45	Мақатов Дулат Нұрланұлы	1992	"""Мақатов Дулат Нұрланұлы"" (site:ru.wikipedia.org OR site:kk.wikipedia.org)"	[]	[]	false	2026-08-16T22:08:22Z
respublica	71	Утебаев Галымжан Саламатович	1989	"""Утебаев Галымжан Саламатович"" (site:ru.wikipedia.org OR site:kk.wikipedia.org)"	[]	[]	false	2026-08-16T22:08:24Z
respublica	72	Хайруллаев Нуржигит Нурболатович	1980	"""Хайруллаев Нуржигит Нурболатович"" (site:ru.wikipedia.org OR site:kk.wikipedia.org)"	[]	[]	false	2026-08-16T22:08:26Z
adilet	50	Данағұлов Ербол Жеткергенұлы	1981	"""Данағұлов Ербол Жеткергенұлы"" (site:ru.wikipedia.org OR site:kk.wikipedia.org)"	[]	[]	false	2026-08-16T22:08:27Z
adilet	72	Жумагазиев Эльдар Тынышбаевич	1973	"""Жумагазиев Эльдар Тынышбаевич"" (site:ru.wikipedia.org OR site:kk.wikipedia.org)"	[]	[]	false	2026-08-16T22:08:29Z
adilet	80	Каипов Даурен Айтасович	1985	"""Каипов Даурен Айтасович"" (site:ru.wikipedia.org OR site:kk.wikipedia.org)"	[]	[]	false	2026-08-16T22:08:31Z
adilet	87	Каринова Шолпан Танаткызы	1972	"""Каринова Шолпан Танаткызы"" (site:ru.wikipedia.org OR site:kk.wikipedia.org)"	[]	[]	false	2026-08-16T22:08:33Z
adilet	88	Кәрібек Дәулет Жамаубайұлы	1990	"""Кәрібек Дәулет Жамаубайұлы"" (site:ru.wikipedia.org OR site:kk.wikipedia.org)"	[]	[]	false	2026-08-16T22:08:35Z
adilet	101	Құрмансейіт Ақжол Ахатұлы	1990	"""Құрмансейіт Ақжол Ахатұлы"" (site:ru.wikipedia.org OR site:kk.wikipedia.org)"	[]	[]	false	2026-08-16T22:08:37Z
adilet	107	Мекеева Жанат Жумагазиновна	1979	"""Мекеева Жанат Жумагазиновна"" (site:ru.wikipedia.org OR site:kk.wikipedia.org)"	[]	[]	false	2026-08-16T22:08:38Z
adilet	127	Петров Константин Викторович	1969	"""Петров Константин Викторович"" (site:ru.wikipedia.org OR site:kk.wikipedia.org)"	"[""https://ru.wikipedia.org/wiki/%D0%9F%D0%B5%D1%82%D1%80%D0%BE%D0%B2,_%D0%9A%D0%BE%D0%BD%D1%81%D1%82%D0%B0%D0%BD%D1%82%D0%B8%D0%BD_%D0%9F%D0%B0%D0%B2%D0%BB%D0%BE%D0%B2%D0%B8%D1%87""]"	"[""Петров, Константин Павлович Википедия https://ru.wikipedia.org › wiki › П...""]"	true	2026-08-16T22:08:40Z
adilet	137	Сагимбаева Жулдуз Абдипулатовна	1992	"""Сагимбаева Жулдуз Абдипулатовна"" (site:ru.wikipedia.org OR site:kk.wikipedia.org)"	[]	[]	false	2026-08-16T22:08:42Z
adilet	170	Туренова Калия Батталовна	1966	"""Туренова Калия Батталовна"" (site:ru.wikipedia.org OR site:kk.wikipedia.org)"	[]	[]	false	2026-08-16T22:08:44Z
ak_zhol	2	Арыстанова Айгерим Атыгаевна	1996	"""Арыстанова Айгерим Атыгаевна"" (site:ru.wikipedia.org OR site:kk.wikipedia.org)"	[]	[]	false	2026-08-16T22:08:45Z
ak_zhol	6	Бейсенбаев Ержан Алмабекович	1990	"""Бейсенбаев Ержан Алмабекович"" (site:ru.wikipedia.org OR site:kk.wikipedia.org)"	"[""https://ru.wikipedia.org/wiki/%D0%91%D0%B5%D0%B9%D1%81%D0%B5%D0%BD%D0%B1%D0%B0%D0%B5%D0%B2,_%D0%95%D1%80%D0%B6%D0%B0%D0%BD_%D0%90%D0%BB%D0%BC%D0%B0%D0%B1%D0%B5%D0%BA%D0%BE%D0%B2%D0%B8%D1%87""]"	"[""Бейсенбаев, Ержан Алмабекович Википедия https://ru.wikipedia.org › wiki › Б...""]"	true	2026-08-16T22:08:47Z
ak_zhol	10	Джумагалиев Рустам Айсултанович	1981	"""Джумагалиев Рустам Айсултанович"" (site:ru.wikipedia.org OR site:kk.wikipedia.org)"	[]	[]	false	2026-08-16T22:08:49Z
ak_zhol	11	Дюсембинов Берик Салимжанович	1971	"""Дюсембинов Берик Салимжанович"" (site:ru.wikipedia.org OR site:kk.wikipedia.org)"	[]	[]	false	2026-08-16T22:08:51Z
ak_zhol	27	Кинцель Евгений Юрьевич	1977	"""Кинцель Евгений Юрьевич"" (site:ru.wikipedia.org OR site:kk.wikipedia.org)"	[]	[]	false	2026-08-16T22:08:53Z
ak_zhol	45	Сағымбекұлы Абзалбек	1972	"""Сағымбекұлы Абзалбек"" (site:ru.wikipedia.org OR site:kk.wikipedia.org)"	[]	[]	false	2026-08-16T22:08:56Z
auyl	1	Абден Қарақат Жақсылыққызы	1974	"""Абден Қарақат Жақсылыққызы"" (site:ru.wikipedia.org OR site:kk.wikipedia.org)"	[]	[]	false	2026-08-16T22:08:58Z
auyl	3	Абдуразакова София Ринатовна	1979	"""Абдуразакова София Ринатовна"" (site:ru.wikipedia.org OR site:kk.wikipedia.org)"	[]	[]	false	2026-08-16T22:09:00Z
auyl	11	Арсютин Николай Геннадьевич	1970	"""Арсютин Николай Геннадьевич"" (site:ru.wikipedia.org OR site:kk.wikipedia.org)"	"[""https://ru.wikipedia.org/wiki/%D0%90%D1%80%D1%81%D1%8E%D1%82%D0%B8%D0%BD,_%D0%9D%D0%B8%D0%BA%D0%BE%D0%BB%D0%B0%D0%B9_%D0%93%D0%B5%D0%BD%D0%BD%D0%B0%D0%B4%D1%8C%D0%B5%D0%B2%D0%B8%D1%87""]"	"[""Арсютин, Николай Геннадьевич Википедия https://ru.wikipedia.org › wiki › А...""]"	true	2026-08-16T22:09:01Z
auyl	14	Бабамуратов Даурен Абуталипович	1984	"""Бабамуратов Даурен Абуталипович"" (site:ru.wikipedia.org OR site:kk.wikipedia.org)"	[]	[]	false	2026-08-16T22:09:03Z
auyl	23	Дайрабаев Жигули Молдакалыкович	1954	"""Дайрабаев Жигули Молдакалыкович"" (site:ru.wikipedia.org OR site:kk.wikipedia.org)"	"[""https://ru.wikipedia.org/wiki/%D0%94%D0%B0%D0%B9%D1%80%D0%B0%D0%B1%D0%B0%D0%B5%D0%B2,_%D0%96%D0%B8%D0%B3%D1%83%D0%BB%D0%B8_%D0%9C%D0%BE%D0%BB%D0%B4%D0%B0%D0%BA%D0%B0%D0%BB%D1%8B%D0%BA%D0%BE%D0%B2%D0%B8%D1%87""]"	"[""Дайрабаев, Жигули Молдакалыкович Википедия https://ru.wikipedia.org › wiki › Д...""]"	true	2026-08-16T22:09:05Z
auyl	52	Ораш Нұрхат Серікқалиұлы	1994	"""Ораш Нұрхат Серікқалиұлы"" (site:ru.wikipedia.org OR site:kk.wikipedia.org)"	[]	[]	false	2026-08-16T22:09:07Z
auyl	55	Рахымбек Дәурен Берікбайұлы	1998	"""Рахымбек Дәурен Берікбайұлы"" (site:ru.wikipedia.org OR site:kk.wikipedia.org)"	[]	[]	false	2026-08-16T22:09:09Z
auyl	61	Султанкулова Жазира Кайратовна	1980	"""Султанкулова Жазира Кайратовна"" (site:ru.wikipedia.org OR site:kk.wikipedia.org)"	[]	[]	false	2026-08-16T22:09:10Z
baitaq	5	Аскаров Бекзат Ерикович	1988	"""Аскаров Бекзат Ерикович"" (site:ru.wikipedia.org OR site:kk.wikipedia.org)"	[]	[]	false	2026-08-16T22:09:47Z
baitaq	13	Джакишев Алмаз Ажибекович	1997	"""Джакишев Алмаз Ажибекович"" (site:ru.wikipedia.org OR site:kk.wikipedia.org)"	[]	[]	false	2026-08-16T22:09:49Z
baitaq	23	Керей Бекберген Дүйсенбайұлы	1971	"""Керей Бекберген Дүйсенбайұлы"" (site:ru.wikipedia.org OR site:kk.wikipedia.org)"	[]	[]	false	2026-08-16T22:09:51Z
baitaq	44	Туртаев Алмат Керимбаевич	1969	"""Туртаев Алмат Керимбаевич"" (site:ru.wikipedia.org OR site:kk.wikipedia.org)"	[]	[]	false	2026-08-16T22:09:53Z
npk	9	Аргумбаев Данияр Даулеткелдиевич	1983	"""Аргумбаев Данияр Даулеткелдиевич"" (site:ru.wikipedia.org OR site:kk.wikipedia.org)"	[]	[]	false	2026-08-16T22:09:54Z
npk	17	Беглова Александра Леонидовна	1995	"""Беглова Александра Леонидовна"" (site:ru.wikipedia.org OR site:kk.wikipedia.org)"	[]	[]	false	2026-08-16T22:09:56Z
npk	21	Біләл Уатхан Қабылтайұлы	1995	"""Біләл Уатхан Қабылтайұлы"" (site:ru.wikipedia.org OR site:kk.wikipedia.org)"	[]	[]	false	2026-08-16T22:09:58Z
npk	55	Оразханов Нурдаулет Амантаевич	1983	"""Оразханов Нурдаулет Амантаевич"" (site:ru.wikipedia.org OR site:kk.wikipedia.org)"	[]	[]	false	2026-08-16T22:10:00Z
npk	66	Сыдыкова Карлыгаш Нурдаулетовна	1977	"""Сыдыкова Карлыгаш Нурдаулетовна"" (site:ru.wikipedia.org OR site:kk.wikipedia.org)"	[]	[]	false	2026-08-16T22:10:01Z
osdp	4	Алшынбай Ару Мұратқызы	2000	"""Алшынбай Ару Мұратқызы"" (site:ru.wikipedia.org OR site:kk.wikipedia.org)"	[]	[]	false	2026-08-16T22:10:03Z
osdp	5	Андрюшин Максим Валерьевич	1968	"""Андрюшин Максим Валерьевич"" (site:ru.wikipedia.org OR site:kk.wikipedia.org)"	[]	[]	false	2026-08-16T22:10:05Z
osdp	7	Аубакирова Раушан Абдрахманқызы	1987	"""Аубакирова Раушан Абдрахманқызы"" (site:ru.wikipedia.org OR site:kk.wikipedia.org)"	[]	[]	false	2026-08-16T22:10:07Z
osdp	9	Әбдиев Еркін Қайырбекұлы	1998	"""Әбдиев Еркін Қайырбекұлы"" (site:ru.wikipedia.org OR site:kk.wikipedia.org)"	[]	[]	false	2026-08-16T22:10:09Z
osdp	10	Баекенов Камбар Абдысатарович	1979	"""Баекенов Камбар Абдысатарович"" (site:ru.wikipedia.org OR site:kk.wikipedia.org)"	[]	[]	false	2026-08-16T22:10:10Z
osdp	16	Жабаев Нурлан Койшыбаевич	1979	"""Жабаев Нурлан Койшыбаевич"" (site:ru.wikipedia.org OR site:kk.wikipedia.org)"	[]	[]	false	2026-08-16T22:10:12Z
osdp	20	Кульмагамбетов Аслан Мухтарович	1978	"""Кульмагамбетов Аслан Мухтарович"" (site:ru.wikipedia.org OR site:kk.wikipedia.org)"	[]	[]	false	2026-08-16T22:10:14Z
osdp	22	Ли Лариса Юрьевна	1978	"""Ли Лариса Юрьевна"" (site:ru.wikipedia.org OR site:kk.wikipedia.org)"	[]	[]	false	2026-08-16T22:10:16Z
osdp	33	Татиков Талгат Кайруллович	1961	"""Татиков Талгат Кайруллович"" (site:ru.wikipedia.org OR site:kk.wikipedia.org)"	[]	[]	false	2026-08-16T22:10:18Z
respublica	15	Бейсембаева Сабина Сакеновна	1986	"""Бейсембаева Сабина Сакеновна"" (site:ru.wikipedia.org OR site:kk.wikipedia.org)"	[]	[]	false	2026-08-16T22:10:20Z
respublica	16	Бергенев Чингиз Адылгазыевич	1988	"""Бергенев Чингиз Адылгазыевич"" (site:ru.wikipedia.org OR site:kk.wikipedia.org)"	[]	[]	false	2026-08-16T22:10:21Z
respublica	17	Болысов Тохтар Коммунарович	1994	"""Болысов Тохтар Коммунарович"" (site:ru.wikipedia.org OR site:kk.wikipedia.org)"	[]	[]	false	2026-08-16T22:10:23Z
respublica	29	Жампеисов Думан Абильтаевич	1982	"""Жампеисов Думан Абильтаевич"" (site:ru.wikipedia.org OR site:kk.wikipedia.org)"	[]	[]	false	2026-08-16T22:10:25Z
respublica	68	Тогизбаева Айдана Кенбаевна	1990	"""Тогизбаева Айдана Кенбаевна"" (site:ru.wikipedia.org OR site:kk.wikipedia.org)"	[]	[]	false	2026-08-16T22:10:27Z
adilet	1	Абдикешов Алмат Жанболатович	1984	"""Абдикешов Алмат Жанболатович"" (site:ru.wikipedia.org OR site:kk.wikipedia.org)"	[]	[]	false	2026-08-16T22:10:29Z
adilet	3	Абилева Айымгул Акылбаевна	1990	"""Абилева Айымгул Акылбаевна"" (site:ru.wikipedia.org OR site:kk.wikipedia.org)"	[]	[]	false	2026-08-16T22:10:30Z
adilet	6	Адамбаева Алия Раймкуловна	1984	"""Адамбаева Алия Раймкуловна"" (site:ru.wikipedia.org OR site:kk.wikipedia.org)"	[]	[]	false	2026-08-16T22:10:32Z
adilet	7	Адамбек Кендебай Сарыбайұлы	1965	"""Адамбек Кендебай Сарыбайұлы"" (site:ru.wikipedia.org OR site:kk.wikipedia.org)"	[]	[]	false	2026-08-16T22:10:34Z
adilet	14	Амиргалиев Мадияр Орынтаевич	1986	"""Амиргалиев Мадияр Орынтаевич"" (site:ru.wikipedia.org OR site:kk.wikipedia.org)"	[]	[]	false	2026-08-16T22:10:36Z
adilet	15	Аскеров Эмин Халилович	1983	"""Аскеров Эмин Халилович"" (site:ru.wikipedia.org OR site:kk.wikipedia.org)"	[]	[]	false	2026-08-16T22:10:38Z
adilet	16	Атабаева Гульзира Нуржановна	1994	"""Атабаева Гульзира Нуржановна"" (site:ru.wikipedia.org OR site:kk.wikipedia.org)"	[]	[]	false	2026-08-16T22:10:40Z
adilet	18	Ахмедиев Дархан Мейрамулы	1990	"""Ахмедиев Дархан Мейрамулы"" (site:ru.wikipedia.org OR site:kk.wikipedia.org)"	[]	[]	false	2026-08-16T22:10:42Z
adilet	19	Ахметов Сабит Мейрамович	1979	"""Ахметов Сабит Мейрамович"" (site:ru.wikipedia.org OR site:kk.wikipedia.org)"	[]	[]	false	2026-08-16T22:10:44Z
adilet	20	Ахметов Съезбек Рахышевич	1971	"""Ахметов Съезбек Рахышевич"" (site:ru.wikipedia.org OR site:kk.wikipedia.org)"	[]	[]	false	2026-08-16T22:10:46Z
adilet	22	Ашимова Аяужан Турсынбековна	1982	"""Ашимова Аяужан Турсынбековна"" (site:ru.wikipedia.org OR site:kk.wikipedia.org)"	[]	[]	false	2026-08-16T22:10:48Z
adilet	25	Баденова Асель Жанбулатовна	1989	"""Баденова Асель Жанбулатовна"" (site:ru.wikipedia.org OR site:kk.wikipedia.org)"	[]	[]	false	2026-08-16T22:10:49Z
adilet	27	Байбеков Шалкар Заманбекович	1967	"""Байбеков Шалкар Заманбекович"" (site:ru.wikipedia.org OR site:kk.wikipedia.org)"	[]	[]	false	2026-08-16T22:10:51Z
adilet	28	Байсакова Зульфия Мухамедбековна	1966	"""Байсакова Зульфия Мухамедбековна"" (site:ru.wikipedia.org OR site:kk.wikipedia.org)"	[]	[]	false	2026-08-16T22:10:53Z
adilet	29	Байтурсынов Ғиззат Сейдахметұлы	1994	"""Байтурсынов Ғиззат Сейдахметұлы"" (site:ru.wikipedia.org OR site:kk.wikipedia.org)"	[]	[]	false	2026-08-16T22:10:55Z
adilet	30	Бақытбекұлы Нұркен	1978	"""Бақытбекұлы Нұркен"" (site:ru.wikipedia.org OR site:kk.wikipedia.org)"	[]	[]	false	2026-08-16T22:10:57Z
adilet	33	Басин Вадим Борисович	1962	"""Басин Вадим Борисович"" (site:ru.wikipedia.org OR site:kk.wikipedia.org)"	[]	[]	false	2026-08-16T22:11:00Z
adilet	34	Батырбеков Эрлан Гадлетович	1961	"""Батырбеков Эрлан Гадлетович"" (site:ru.wikipedia.org OR site:kk.wikipedia.org)"	"[""https://ru.wikipedia.org/wiki/%D0%91%D0%B0%D1%82%D1%8B%D1%80%D0%B1%D0%B5%D0%BA%D0%BE%D0%B2,_%D0%AD%D1%80%D0%BB%D0%B0%D0%BD_%D0%93%D0%B0%D0%B4%D0%BB%D0%B5%D1%82%D0%BE%D0%B2%D0%B8%D1%87""]"	"[""Батырбеков, Эрлан Гадлетович Википедия https://ru.wikipedia.org › wiki › Б...""]"	true	2026-08-16T22:11:02Z
adilet	35	Батырхан Жолдас Нұрланұлы	1978	"""Батырхан Жолдас Нұрланұлы"" (site:ru.wikipedia.org OR site:kk.wikipedia.org)"	[]	[]	false	2026-08-16T22:11:04Z
adilet	37	Баялиев Рустам Ахатханович	1975	"""Баялиев Рустам Ахатханович"" (site:ru.wikipedia.org OR site:kk.wikipedia.org)"	[]	[]	false	2026-08-16T22:11:06Z
adilet	38	Баялышбаев Елдос Кайыркенұлы	1992	"""Баялышбаев Елдос Кайыркенұлы"" (site:ru.wikipedia.org OR site:kk.wikipedia.org)"	[]	[]	false	2026-08-16T22:11:08Z
adilet	39	Бежецкий Сергей Владимирович	1969	"""Бежецкий Сергей Владимирович"" (site:ru.wikipedia.org OR site:kk.wikipedia.org)"	[]	[]	false	2026-08-16T22:11:10Z
adilet	41	Бектуров Ренат Нурмолдаевич	1984	"""Бектуров Ренат Нурмолдаевич"" (site:ru.wikipedia.org OR site:kk.wikipedia.org)"	[]	[]	false	2026-08-16T22:11:12Z
adilet	42	Беркимбаев Берик Серикович	1980	"""Беркимбаев Берик Серикович"" (site:ru.wikipedia.org OR site:kk.wikipedia.org)"	[]	[]	false	2026-08-16T22:11:14Z
adilet	44	Бирмагамбетов Наурызбек Мерекешевич	1992	"""Бирмагамбетов Наурызбек Мерекешевич"" (site:ru.wikipedia.org OR site:kk.wikipedia.org)"	[]	[]	false	2026-08-16T22:11:16Z
adilet	45	Битемиров Даурен Мухтарович	1984	"""Битемиров Даурен Мухтарович"" (site:ru.wikipedia.org OR site:kk.wikipedia.org)"	[]	[]	false	2026-08-16T22:11:18Z
adilet	47	Буршаков Сатыбалды Ересович	1968	"""Буршаков Сатыбалды Ересович"" (site:ru.wikipedia.org OR site:kk.wikipedia.org)"	[]	[]	false	2026-08-16T22:11:20Z
adilet	51	Данбаева Жулдыз Сейткамзиновна	1965	"""Данбаева Жулдыз Сейткамзиновна"" (site:ru.wikipedia.org OR site:kk.wikipedia.org)"	[]	[]	false	2026-08-16T22:11:21Z
adilet	52	Данилов Александр Сергеевич	1991	"""Данилов Александр Сергеевич"" (site:ru.wikipedia.org OR site:kk.wikipedia.org)"	[]	[]	false	2026-08-16T22:11:23Z
adilet	55	Джамалов Бауыржан Салдарович	1971	"""Джамалов Бауыржан Салдарович"" (site:ru.wikipedia.org OR site:kk.wikipedia.org)"	[]	[]	false	2026-08-16T22:11:25Z
adilet	56	Джаманкулова Карлыгаш Калибековна	1982	"""Джаманкулова Карлыгаш Калибековна"" (site:ru.wikipedia.org OR site:kk.wikipedia.org)"	[]	[]	false	2026-08-16T22:11:27Z
adilet	57	Джансенгиров Арман Серикович	1985	"""Джансенгиров Арман Серикович"" (site:ru.wikipedia.org OR site:kk.wikipedia.org)"	[]	[]	false	2026-08-16T22:11:29Z
adilet	58	Ділдәбек Дидарбек Жұмағалиұлы	1997	"""Ділдәбек Дидарбек Жұмағалиұлы"" (site:ru.wikipedia.org OR site:kk.wikipedia.org)"	[]	[]	false	2026-08-16T22:11:30Z
adilet	59	Дулатбеков Нурлан Орынбасарович	1962	"""Дулатбеков Нурлан Орынбасарович"" (site:ru.wikipedia.org OR site:kk.wikipedia.org)"	"[""https://ru.wikipedia.org/wiki/%D0%94%D1%83%D0%BB%D0%B0%D1%82%D0%B1%D0%B5%D0%BA%D0%BE%D0%B2,_%D0%9D%D1%83%D1%80%D0%BB%D0%B0%D0%BD_%D0%9E%D1%80%D1%8B%D0%BD%D0%B1%D0%B0%D1%81%D0%B0%D1%80%D0%BE%D0%B2%D0%B8%D1%87""]"	"[""Дулатбеков, Нурлан Орынбасарович Википедия https://ru.wikipedia.org › wiki › Д...""]"	true	2026-08-16T22:11:32Z
adilet	60	Егамбердиева Динара Асиловна	1988	"""Егамбердиева Динара Асиловна"" (site:ru.wikipedia.org OR site:kk.wikipedia.org)"	[]	[]	false	2026-08-16T22:11:34Z
adilet	61	Елеусизова Бота Сериковна	1975	"""Елеусизова Бота Сериковна"" (site:ru.wikipedia.org OR site:kk.wikipedia.org)"	[]	[]	false	2026-08-16T22:11:36Z
adilet	62	Ералиев Бегалы Ералиевич	1970	"""Ералиев Бегалы Ералиевич"" (site:ru.wikipedia.org OR site:kk.wikipedia.org)"	[]	[]	false	2026-08-16T22:11:38Z
adilet	63	Ералиев Магжан Абзалович	1989	"""Ералиев Магжан Абзалович"" (site:ru.wikipedia.org OR site:kk.wikipedia.org)"	[]	[]	false	2026-08-16T22:11:39Z
adilet	68	Есимханов Сунгат Куатович	1973	"""Есимханов Сунгат Куатович"" (site:ru.wikipedia.org OR site:kk.wikipedia.org)"	[]	[]	false	2026-08-16T22:11:41Z
adilet	70	Жакселекова Ботагоз Шаймардановна	1980	"""Жакселекова Ботагоз Шаймардановна"" (site:ru.wikipedia.org OR site:kk.wikipedia.org)"	[]	[]	false	2026-08-16T22:11:43Z
adilet	71	Жукебаев Алмат Отаубаевич	1983	"""Жукебаев Алмат Отаубаевич"" (site:ru.wikipedia.org OR site:kk.wikipedia.org)"	[]	[]	false	2026-08-16T22:11:45Z
adilet	73	Жылкыбаева Ляззат Ауесхановна	1975	"""Жылкыбаева Ляззат Ауесхановна"" (site:ru.wikipedia.org OR site:kk.wikipedia.org)"	[]	[]	false	2026-08-16T22:11:47Z
adilet	74	Закиева Динара Болатовна	1982	"""Закиева Динара Болатовна"" (site:ru.wikipedia.org OR site:kk.wikipedia.org)"	"[""https://ru.wikipedia.org/wiki/%D0%97%D0%B0%D0%BA%D0%B8%D0%B5%D0%B2%D0%B0,_%D0%94%D0%B8%D0%BD%D0%B0%D1%80%D0%B0_%D0%91%D0%BE%D0%BB%D0%B0%D1%82%D0%BE%D0%B2%D0%BD%D0%B0""]"	"[""Закиева, Динара Болатовна Википедия https://ru.wikipedia.org › wiki › З...""]"	true	2026-08-16T22:11:48Z
adilet	75	Зенченко Геннадий Геннадьевич	1964	"""Зенченко Геннадий Геннадьевич"" (site:ru.wikipedia.org OR site:kk.wikipedia.org)"	"[""https://ru.wikipedia.org/wiki/%D0%97%D0%B5%D0%BD%D1%87%D0%B5%D0%BD%D0%BA%D0%BE,_%D0%93%D0%B5%D0%BD%D0%BD%D0%B0%D0%B4%D0%B8%D0%B9_%D0%93%D0%B5%D0%BD%D0%BD%D0%B0%D0%B4%D1%8C%D0%B5%D0%B2%D0%B8%D1%87"", ""https://ru.wikipedia.org/wiki/%D0%97%D0%B5%D0%BD%D1%87%D0%B5%D0%BD%D0%BA%D0%BE,_%D0%93%D0%B5%D0%BD%D0%BD%D0%B0%D0%B4%D0%B8%D0%B9""]"	"[""Зенченко, Геннадий Геннадьевич Википедия https://ru.wikipedia.org › wiki › З..."", ""Зенченко, Геннадий Википедия https://ru.wikipedia.org › wiki › З...""]"	true	2026-08-16T22:11:50Z
adilet	76	Ильясов Еркебулан Сайдуллаевич	1985	"""Ильясов Еркебулан Сайдуллаевич"" (site:ru.wikipedia.org OR site:kk.wikipedia.org)"	[]	[]	false	2026-08-16T22:11:52Z
adilet	78	Искандерова Ақерке Нұрғалиқызы	1997	"""Искандерова Ақерке Нұрғалиқызы"" (site:ru.wikipedia.org OR site:kk.wikipedia.org)"	[]	[]	false	2026-08-16T22:11:54Z
adilet	79	Кажибаева Раушан Жанабергеновна	1978	"""Кажибаева Раушан Жанабергеновна"" (site:ru.wikipedia.org OR site:kk.wikipedia.org)"	[]	[]	false	2026-08-16T22:11:55Z
adilet	82	Калижанова Сандугаш Каиргельдиновна	1973	"""Калижанова Сандугаш Каиргельдиновна"" (site:ru.wikipedia.org OR site:kk.wikipedia.org)"	[]	[]	false	2026-08-16T22:11:57Z
adilet	84	Карабасова Лаура Чапаевна	1987	"""Карабасова Лаура Чапаевна"" (site:ru.wikipedia.org OR site:kk.wikipedia.org)"	[]	[]	false	2026-08-16T22:11:59Z
adilet	85	Кариева Шолпан Кайратовна	1991	"""Кариева Шолпан Кайратовна"" (site:ru.wikipedia.org OR site:kk.wikipedia.org)"	[]	[]	false	2026-08-16T22:12:01Z
adilet	86	Карин Ерлан Тынымбайұлы	1976	"""Карин Ерлан Тынымбайұлы"" (site:ru.wikipedia.org OR site:kk.wikipedia.org)"	"[""https://ru.wikipedia.org/wiki/%D0%9A%D0%B0%D1%80%D0%B8%D0%BD,_%D0%95%D1%80%D0%BB%D0%B0%D0%BD_%D0%A2%D1%8B%D0%BD%D1%8B%D0%BC%D0%B1%D0%B0%D0%B9%D1%83%D0%BB%D1%8B""]"	"[""Карин, Ерлан Тынымбайулы Википедия https://ru.wikipedia.org › wiki › К...""]"	true	2026-08-16T22:12:03Z
adilet	90	Кенжеханұлы Рауан	1979	"""Кенжеханұлы Рауан"" (site:ru.wikipedia.org OR site:kk.wikipedia.org)"	[]	[]	false	2026-08-16T22:12:04Z
adilet	91	Керимбаева Наргиза Абайдуллаевна	1981	"""Керимбаева Наргиза Абайдуллаевна"" (site:ru.wikipedia.org OR site:kk.wikipedia.org)"	[]	[]	false	2026-08-16T22:12:06Z
adilet	92	Кисикова Актоты Жанараловна	1975	"""Кисикова Актоты Жанараловна"" (site:ru.wikipedia.org OR site:kk.wikipedia.org)"	[]	[]	false	2026-08-16T22:12:08Z
adilet	93	Кобеева Алтынай Орманкалиевна	1972	"""Кобеева Алтынай Орманкалиевна"" (site:ru.wikipedia.org OR site:kk.wikipedia.org)"	[]	[]	false	2026-08-16T22:12:10Z
adilet	97	Кузиева Замира Закиржановна	1996	"""Кузиева Замира Закиржановна"" (site:ru.wikipedia.org OR site:kk.wikipedia.org)"	[]	[]	false	2026-08-16T22:12:12Z
adilet	98	Куйкабаев Аскар Нуртуганович	1987	"""Куйкабаев Аскар Нуртуганович"" (site:ru.wikipedia.org OR site:kk.wikipedia.org)"	[]	[]	false	2026-08-16T22:12:14Z
adilet	100	Қамзабекұлы Дихан	1966	"""Қамзабекұлы Дихан"" (site:ru.wikipedia.org OR site:kk.wikipedia.org)"	[]	[]	false	2026-08-16T22:12:16Z
adilet	102	Құрметұлы Абылай	1994	"""Құрметұлы Абылай"" (site:ru.wikipedia.org OR site:kk.wikipedia.org)"	[]	[]	false	2026-08-16T22:12:17Z
adilet	103	Лаврентьев Андрей Сергеевич	1979	"""Лаврентьев Андрей Сергеевич"" (site:ru.wikipedia.org OR site:kk.wikipedia.org)"	[]	[]	false	2026-08-16T22:12:19Z
adilet	104	Маралов Даурен Адилмырзаевич	1980	"""Маралов Даурен Адилмырзаевич"" (site:ru.wikipedia.org OR site:kk.wikipedia.org)"	[]	[]	false	2026-08-16T22:12:22Z
adilet	108	Мусин Багдат Батырбекович	1983	"""Мусин Багдат Батырбекович"" (site:ru.wikipedia.org OR site:kk.wikipedia.org)"	"[""https://ru.wikipedia.org/wiki/%D0%9C%D1%83%D1%81%D0%B8%D0%BD,_%D0%91%D0%B0%D0%B3%D0%B4%D0%B0%D1%82_%D0%91%D0%B0%D1%82%D1%8B%D1%80%D0%B1%D0%B5%D0%BA%D0%BE%D0%B2%D0%B8%D1%87""]"	"[""Мусин, Багдат Батырбекович Википедия https://ru.wikipedia.org › wiki""]"	true	2026-08-16T22:12:24Z
adilet	109	Муталип Шахмурат	1990	"""Муталип Шахмурат"" (site:ru.wikipedia.org OR site:kk.wikipedia.org)"	"[""https://ru.wikipedia.org/wiki/%D0%9C%D1%83%D1%82%D0%B0%D0%BB%D0%B8%D0%BF,_%D0%A8%D0%B0%D1%85%D0%BC%D1%83%D1%80%D0%B0%D1%82""]"	"[""Муталип, Шахмурат Википедия https://ru.wikipedia.org › wiki""]"	true	2026-08-16T22:12:26Z
adilet	110	Мухамбедиев Муратбек Кайрсапиевич	1987	"""Мухамбедиев Муратбек Кайрсапиевич"" (site:ru.wikipedia.org OR site:kk.wikipedia.org)"	[]	[]	false	2026-08-16T22:12:27Z
adilet	111	Муханбетжанова Алия Бигазиевна	1978	"""Муханбетжанова Алия Бигазиевна"" (site:ru.wikipedia.org OR site:kk.wikipedia.org)"	[]	[]	false	2026-08-16T22:12:29Z
adilet	113	Мұсылманбек Ерқанат Серікұлы	1992	"""Мұсылманбек Ерқанат Серікұлы"" (site:ru.wikipedia.org OR site:kk.wikipedia.org)"	[]	[]	false	2026-08-16T22:12:31Z
adilet	114	Мырзағараев Мади Жомартұлы	1975	"""Мырзағараев Мади Жомартұлы"" (site:ru.wikipedia.org OR site:kk.wikipedia.org)"	[]	[]	false	2026-08-16T22:12:33Z
adilet	115	Наимбекова Айжан Избасхановна	1972	"""Наимбекова Айжан Избасхановна"" (site:ru.wikipedia.org OR site:kk.wikipedia.org)"	[]	[]	false	2026-08-16T22:12:35Z
adilet	116	Нарымбетов Бахадыр Мадалиевич	1972	"""Нарымбетов Бахадыр Мадалиевич"" (site:ru.wikipedia.org OR site:kk.wikipedia.org)"	[]	[]	false	2026-08-16T22:12:36Z
adilet	117	Нахбаева Гүлісхан Сайфулинқызы	1991	"""Нахбаева Гүлісхан Сайфулинқызы"" (site:ru.wikipedia.org OR site:kk.wikipedia.org)"	[]	[]	false	2026-08-16T22:12:38Z
adilet	118	Ниязалиев Нуржан Ауезович	1989	"""Ниязалиев Нуржан Ауезович"" (site:ru.wikipedia.org OR site:kk.wikipedia.org)"	[]	[]	false	2026-08-16T22:12:40Z
adilet	119	Нургалиев Ербол Жолдаспекович	1975	"""Нургалиев Ербол Жолдаспекович"" (site:ru.wikipedia.org OR site:kk.wikipedia.org)"	[]	[]	false	2026-08-16T22:12:41Z
adilet	120	Нурмухамедов Бурихан Жолбарисович	1963	"""Нурмухамедов Бурихан Жолбарисович"" (site:ru.wikipedia.org OR site:kk.wikipedia.org)"	[]	[]	false	2026-08-16T22:12:43Z
adilet	121	Осин Кирилл Владимирович	1986	"""Осин Кирилл Владимирович"" (site:ru.wikipedia.org OR site:kk.wikipedia.org)"	[]	[]	false	2026-08-16T22:12:45Z
adilet	122	Оспанбеков Амирбек Канатбекович	1982	"""Оспанбеков Амирбек Канатбекович"" (site:ru.wikipedia.org OR site:kk.wikipedia.org)"	[]	[]	false	2026-08-16T22:12:47Z
adilet	124	Павленко Дмитрий Иванович	1971	"""Павленко Дмитрий Иванович"" (site:ru.wikipedia.org OR site:kk.wikipedia.org)"	[]	[]	false	2026-08-16T22:12:49Z
adilet	129	Пулатов Шерзод Аббозович	1978	"""Пулатов Шерзод Аббозович"" (site:ru.wikipedia.org OR site:kk.wikipedia.org)"	[]	[]	false	2026-08-16T22:12:50Z
adilet	130	Разбекова Ляззат Муратовна	1974	"""Разбекова Ляззат Муратовна"" (site:ru.wikipedia.org OR site:kk.wikipedia.org)"	[]	[]	false	2026-08-16T22:12:56Z
adilet	131	Рамазанова Наталья Сергеевна	1991	"""Рамазанова Наталья Сергеевна"" (site:ru.wikipedia.org OR site:kk.wikipedia.org)"	[]	[]	false	2026-08-16T22:12:58Z
adilet	132	Рахметова Айзада Нурлановна	1991	"""Рахметова Айзада Нурлановна"" (site:ru.wikipedia.org OR site:kk.wikipedia.org)"	[]	[]	false	2026-08-16T22:13:00Z
adilet	134	Рымжанов Мади Рысбекович	1978	"""Рымжанов Мади Рысбекович"" (site:ru.wikipedia.org OR site:kk.wikipedia.org)"	[]	[]	false	2026-08-16T22:13:02Z
adilet	135	Сабитова Айнур Алимхановна	1975	"""Сабитова Айнур Алимхановна"" (site:ru.wikipedia.org OR site:kk.wikipedia.org)"	[]	[]	false	2026-08-16T22:13:04Z
adilet	138	Сагинов Замир Садыкович	1966	"""Сагинов Замир Садыкович"" (site:ru.wikipedia.org OR site:kk.wikipedia.org)"	[]	[]	false	2026-08-16T22:13:05Z
adilet	142	Сапарова Эльмира Карифуллаевна	1978	"""Сапарова Эльмира Карифуллаевна"" (site:ru.wikipedia.org OR site:kk.wikipedia.org)"	[]	[]	false	2026-08-16T22:13:07Z
adilet	147	Скакова Айжан Амангельдиевна	1977	"""Скакова Айжан Амангельдиевна"" (site:ru.wikipedia.org OR site:kk.wikipedia.org)"	"[""https://ru.wikipedia.org/wiki/%D0%A1%D0%BA%D0%B0%D0%BA%D0%BE%D0%B2%D0%B0,_%D0%90%D0%B9%D0%B6%D0%B0%D0%BD_%D0%90%D0%BC%D0%B0%D0%BD%D0%B3%D0%B5%D0%BB%D1%8C%D0%B4%D0%B8%D0%B5%D0%B2%D0%BD%D0%B0""]"	"[""Скакова, Айжан Амангельдиевна Википедия https://ru.wikipedia.org › wiki › С...""]"	true	2026-08-16T22:13:09Z
adilet	149	Соловьёва Ирина Анатольевна	1970	"""Соловьёва Ирина Анатольевна"" (site:ru.wikipedia.org OR site:kk.wikipedia.org)"	"[""https://ru.wikipedia.org/wiki/%D0%A1%D0%BE%D0%BB%D0%BE%D0%B2%D1%8C%D1%91%D0%B2%D0%B0,_%D0%98%D1%80%D0%B8%D0%BD%D0%B0_%D0%90%D0%BD%D0%B0%D1%82%D0%BE%D0%BB%D1%8C%D0%B5%D0%B2%D0%BD%D0%B0"", ""https://ru.wikipedia.org/wiki/%D0%A1%D0%BE%D0%BB%D0%BE%D0%B2%D1%8C%D1%91%D0%B2%D0%B0,_%D0%98%D1%80%D0%B8%D0%BD%D0%B0""]"	"[""Соловьёва, Ирина Анатольевна Википедия https://ru.wikipedia.org › wiki › С..."", ""Соловьёва, Ирина Википедия https://ru.wikipedia.org › wiki › С...""]"	true	2026-08-16T22:13:11Z
adilet	150	Солтабаева Эльзира Ауесхановна	1982	"""Солтабаева Эльзира Ауесхановна"" (site:ru.wikipedia.org OR site:kk.wikipedia.org)"	[]	[]	false	2026-08-16T22:13:13Z
adilet	151	Сулаймонова Русана Руслановна	1999	"""Сулаймонова Русана Руслановна"" (site:ru.wikipedia.org OR site:kk.wikipedia.org)"	[]	[]	false	2026-08-16T22:13:14Z
adilet	153	Сулейменова Жулдыз Досбергеновна	1983	"""Сулейменова Жулдыз Досбергеновна"" (site:ru.wikipedia.org OR site:kk.wikipedia.org)"	"[""https://ru.wikipedia.org/wiki/%D0%A1%D1%83%D0%BB%D0%B5%D0%B9%D0%BC%D0%B5%D0%BD%D0%BE%D0%B2%D0%B0,_%D0%96%D1%83%D0%BB%D0%B4%D1%8B%D0%B7_%D0%94%D0%BE%D1%81%D0%B1%D0%B5%D1%80%D0%B3%D0%B5%D0%BD%D0%BE%D0%B2%D0%BD%D0%B0""]"	"[""Сулейменова, Жулдыз Досбергеновна Википедия https://ru.wikipedia.org › wiki › С...""]"	true	2026-08-16T22:13:16Z
adilet	154	Сүгірбай Аят Исатайұлы	1982	"""Сүгірбай Аят Исатайұлы"" (site:ru.wikipedia.org OR site:kk.wikipedia.org)"	[]	[]	false	2026-08-16T22:13:18Z
adilet	155	Талаева Таттыгуль Жаксыбаевна	1967	"""Талаева Таттыгуль Жаксыбаевна"" (site:ru.wikipedia.org OR site:kk.wikipedia.org)"	[]	[]	false	2026-08-16T22:13:20Z
adilet	156	Талғатбекова Нұргүл Ахатқызы	2000	"""Талғатбекова Нұргүл Ахатқызы"" (site:ru.wikipedia.org OR site:kk.wikipedia.org)"	[]	[]	false	2026-08-16T22:13:22Z
adilet	157	Тамабек Әбілхайыр Ғалымұлы	1994	"""Тамабек Әбілхайыр Ғалымұлы"" (site:ru.wikipedia.org OR site:kk.wikipedia.org)"	[]	[]	false	2026-08-16T22:13:23Z
adilet	158	Тауан Мухамедкали Эдуардович	1987	"""Тауан Мухамедкали Эдуардович"" (site:ru.wikipedia.org OR site:kk.wikipedia.org)"	[]	[]	false	2026-08-16T22:13:25Z
adilet	159	Темербаева Айжан Маратовна	1990	"""Темербаева Айжан Маратовна"" (site:ru.wikipedia.org OR site:kk.wikipedia.org)"	[]	[]	false	2026-08-16T22:13:27Z
adilet	161	Теңізбаев Нұрбақыт Молдахметұлы	1983	"""Теңізбаев Нұрбақыт Молдахметұлы"" (site:ru.wikipedia.org OR site:kk.wikipedia.org)"	"[""https://kk.wikipedia.org/wiki/%D0%9D%D2%B1%D1%80%D0%B1%D0%B0%D2%9B%D1%8B%D1%82_%D0%9C%D0%BE%D0%BB%D0%B4%D0%B0%D1%85%D0%BC%D0%B5%D1%82%D2%B1%D0%BB%D1%8B_%D0%A2%D0%B5%D2%A3%D1%96%D0%B7%D0%B1%D0%B0%D0%B5%D0%B2""]"	"[""Нұрбақыт Молдахметұлы Теңізбаев Wikipedia https://kk.wikipedia.org › wiki""]"	true	2026-08-16T22:13:29Z
adilet	162	Теренченко Илья Сергеевич	1983	"""Теренченко Илья Сергеевич"" (site:ru.wikipedia.org OR site:kk.wikipedia.org)"	[]	[]	false	2026-08-16T22:13:30Z
adilet	163	Тлемисов Турарбек Тлемисович	1972	"""Тлемисов Турарбек Тлемисович"" (site:ru.wikipedia.org OR site:kk.wikipedia.org)"	[]	[]	false	2026-08-16T22:13:32Z
adilet	164	Тойлыбаева Гулнар Кожагуловна	1967	"""Тойлыбаева Гулнар Кожагуловна"" (site:ru.wikipedia.org OR site:kk.wikipedia.org)"	[]	[]	false	2026-08-16T22:13:34Z
adilet	166	Тоқшалық Ерлан Бейсенұлы	1977	"""Тоқшалық Ерлан Бейсенұлы"" (site:ru.wikipedia.org OR site:kk.wikipedia.org)"	[]	[]	false	2026-08-16T22:13:36Z
adilet	171	Урисбаев Аббат Жангирханович	1981	"""Урисбаев Аббат Жангирханович"" (site:ru.wikipedia.org OR site:kk.wikipedia.org)"	[]	[]	false	2026-08-16T22:13:37Z
adilet	173	Фазылжан Анар Мұратқызы	1974	"""Фазылжан Анар Мұратқызы"" (site:ru.wikipedia.org OR site:kk.wikipedia.org)"	[]	[]	false	2026-08-16T22:13:39Z
adilet	174	Хаирова Асель Ануаровна	1972	"""Хаирова Асель Ануаровна"" (site:ru.wikipedia.org OR site:kk.wikipedia.org)"	[]	[]	false	2026-08-16T22:13:42Z
adilet	175	Хайруллиев Мұса Қарашаұлы	1984	"""Хайруллиев Мұса Қарашаұлы"" (site:ru.wikipedia.org OR site:kk.wikipedia.org)"	[]	[]	false	2026-08-16T22:13:43Z
adilet	176	Хайруллин Арман Габидуллаевич	1984	"""Хайруллин Арман Габидуллаевич"" (site:ru.wikipedia.org OR site:kk.wikipedia.org)"	[]	[]	false	2026-08-16T22:13:45Z
adilet	178	Чинкисбаева Лаззат Алтынбековна	1977	"""Чинкисбаева Лаззат Алтынбековна"" (site:ru.wikipedia.org OR site:kk.wikipedia.org)"	[]	[]	false	2026-08-16T22:13:47Z
adilet	179	Шагиртаев Имамзада Куанышбаевич	1969	"""Шагиртаев Имамзада Куанышбаевич"" (site:ru.wikipedia.org OR site:kk.wikipedia.org)"	[]	[]	false	2026-08-16T22:13:49Z
adilet	180	Шалбаева Айгуль Дуйсеновна	1973	"""Шалбаева Айгуль Дуйсеновна"" (site:ru.wikipedia.org OR site:kk.wikipedia.org)"	[]	[]	false	2026-08-16T22:13:52Z
adilet	183	Шермағанбет Мейрамбек Зинабдинұлы	1972	"""Шермағанбет Мейрамбек Зинабдинұлы"" (site:ru.wikipedia.org OR site:kk.wikipedia.org)"	"[""https://kk.wikipedia.org/wiki/%D0%9C%D0%B5%D0%B9%D1%80%D0%B0%D0%BC%D0%B1%D0%B5%D0%BA_%D0%97%D0%B8%D0%BD%D0%B0%D0%B1%D0%B4%D0%B8%D0%BD%D2%B1%D0%BB%D1%8B_%D0%A8%D0%B5%D1%80%D0%BC%D0%B0%D2%93%D0%B0%D0%BD%D0%B1%D0%B5%D1%82""]"	"[""Мейрамбек Зинабдинұлы Шермағанбет Wikipedia https://kk.wikipedia.org › wiki""]"	true	2026-08-16T22:13:53Z
adilet	186	Юлдашев Мамирхан Муталибович	1979	"""Юлдашев Мамирхан Муталибович"" (site:ru.wikipedia.org OR site:kk.wikipedia.org)"	[]	[]	false	2026-08-16T22:13:55Z
ak_zhol	3	Ахметжаев Даурен Хайруллаевич	1982	"""Ахметжаев Даурен Хайруллаевич"" (site:ru.wikipedia.org OR site:kk.wikipedia.org)"	[]	[]	false	2026-08-16T22:13:57Z
ak_zhol	7	Белшер Нұрлан Тукмағанбетұлы	1973	"""Белшер Нұрлан Тукмағанбетұлы"" (site:ru.wikipedia.org OR site:kk.wikipedia.org)"	[]	[]	false	2026-08-16T22:13:59Z
ak_zhol	16	Жалмуканова Лаззат Жумагуловна	1962	"""Жалмуканова Лаззат Жумагуловна"" (site:ru.wikipedia.org OR site:kk.wikipedia.org)"	[]	[]	false	2026-08-16T22:14:01Z
ak_zhol	17	Жампиисов Рамазан Купесбаевич	1982	"""Жампиисов Рамазан Купесбаевич"" (site:ru.wikipedia.org OR site:kk.wikipedia.org)"	[]	[]	false	2026-08-16T22:14:02Z
ak_zhol	20	Ибатуллина Эльмира Павловна	1974	"""Ибатуллина Эльмира Павловна"" (site:ru.wikipedia.org OR site:kk.wikipedia.org)"	[]	[]	false	2026-08-16T22:14:04Z
ak_zhol	22	Исин Алибек Ерликович	1989	"""Исин Алибек Ерликович"" (site:ru.wikipedia.org OR site:kk.wikipedia.org)"	[]	[]	false	2026-08-16T22:14:06Z
ak_zhol	23	Кабдыгалиева Мейрамгуль Кенжелагиевна	1977	"""Кабдыгалиева Мейрамгуль Кенжелагиевна"" (site:ru.wikipedia.org OR site:kk.wikipedia.org)"	[]	[]	false	2026-08-16T22:14:08Z
ak_zhol	24	Кайркан Азат Серикжанулы	1992	"""Кайркан Азат Серикжанулы"" (site:ru.wikipedia.org OR site:kk.wikipedia.org)"	[]	[]	false	2026-08-16T22:14:10Z
ak_zhol	25	Калинкин Анатолий Дмитриевич	1997	"""Калинкин Анатолий Дмитриевич"" (site:ru.wikipedia.org OR site:kk.wikipedia.org)"	[]	[]	false	2026-08-16T22:14:11Z
ak_zhol	26	Кинсфатер Артур Сергеевич	1995	"""Кинсфатер Артур Сергеевич"" (site:ru.wikipedia.org OR site:kk.wikipedia.org)"	[]	[]	false	2026-08-16T22:14:13Z
ak_zhol	31	Ли Юрий Виссарионович	1977	"""Ли Юрий Виссарионович"" (site:ru.wikipedia.org OR site:kk.wikipedia.org)"	"[""https://ru.wikipedia.org/wiki/%D0%9B%D0%B8,_%D0%AE%D1%80%D0%B8%D0%B9_%D0%92%D0%B8%D1%81%D1%81%D0%B0%D1%80%D0%B8%D0%BE%D0%BD%D0%BE%D0%B2%D0%B8%D1%87""]"	"[""Ли, Юрий Виссарионович Википедия https://ru.wikipedia.org › wiki › Л...""]"	true	2026-08-16T22:14:15Z
ak_zhol	33	Логутов Константин Николаевич	1981	"""Логутов Константин Николаевич"" (site:ru.wikipedia.org OR site:kk.wikipedia.org)"	[]	[]	false	2026-08-16T22:14:17Z
ak_zhol	34	Малимов Бакдаулет Алиакбарович	1985	"""Малимов Бакдаулет Алиакбарович"" (site:ru.wikipedia.org OR site:kk.wikipedia.org)"	[]	[]	false	2026-08-16T22:14:19Z
ak_zhol	35	Мендыханов Алим Болатулы	1994	"""Мендыханов Алим Болатулы"" (site:ru.wikipedia.org OR site:kk.wikipedia.org)"	[]	[]	false	2026-08-16T22:14:20Z
ak_zhol	36	Мергалиев Аскар Серикович	1981	"""Мергалиев Аскар Серикович"" (site:ru.wikipedia.org OR site:kk.wikipedia.org)"	[]	[]	false	2026-08-16T22:14:22Z
ak_zhol	37	Микрюков Виктор Николаевич	1981	"""Микрюков Виктор Николаевич"" (site:ru.wikipedia.org OR site:kk.wikipedia.org)"	[]	[]	false	2026-08-16T22:14:24Z
ak_zhol	39	Найзакулов Бауыржан Онланбекулы	1980	"""Найзакулов Бауыржан Онланбекулы"" (site:ru.wikipedia.org OR site:kk.wikipedia.org)"	[]	[]	false	2026-08-16T22:14:25Z
ak_zhol	44	Раманкулов Максат Базаралыевич	1974	"""Раманкулов Максат Базаралыевич"" (site:ru.wikipedia.org OR site:kk.wikipedia.org)"	[]	[]	false	2026-08-16T22:14:27Z
ak_zhol	50	Смагулов Рустем Сагадатович	1991	"""Смагулов Рустем Сагадатович"" (site:ru.wikipedia.org OR site:kk.wikipedia.org)"	[]	[]	false	2026-08-16T22:14:29Z
ak_zhol	51	Сыздыков Саят Толегенулы	1977	"""Сыздыков Саят Толегенулы"" (site:ru.wikipedia.org OR site:kk.wikipedia.org)"	[]	[]	false	2026-08-16T22:14:30Z
ak_zhol	52	Тастекей Дулат Тұрсынұлы	1982	"""Тастекей Дулат Тұрсынұлы"" (site:ru.wikipedia.org OR site:kk.wikipedia.org)"	"[""https://kk.wikipedia.org/wiki/%D0%94%D1%83%D0%BB%D0%B0%D1%82_%D0%A2%D2%B1%D1%80%D1%81%D1%8B%D0%BD%D2%B1%D0%BB%D1%8B_%D0%A2%D0%B0%D1%81%D1%82%D0%B5%D0%BA%D0%B5%D0%B9"", ""https://kk.wikipedia.org/wiki/%D0%A2%D0%B0%D0%BB%D2%9B%D1%8B%D0%BB%D0%B0%D1%83:%D0%94%D1%83%D0%BB%D0%B0%D1%82_%D0%A2%D2%B1%D1%80%D1%81%D1%8B%D0%BD%D2%B1%D0%BB%D1%8B_%D0%A2%D0%B0%D1%81%D1%82%D0%B5%D0%BA%D0%B5%D0%B9"", ""https://kk.wikipedia.org/wiki/%D0%A1%D1%83%D1%80%D0%B5%D1%82:%D0%94%D1%83%D0%BB%D0%B0%D1%82_%D0%A2%D0%B0%D1%81%D1%82%D0%B5%D0%BA%D0%B5%D0%B9_2024_%D1%81%D1%83%D1%80%D0%B5%D1%82.jpg""]"	"[""Дулат Тұрсынұлы Тастекей Wikipedia https://kk.wikipedia.org › wiki"", ""Талқылау:Дулат Тұрсынұлы Тастекей Wikipedia https://kk.wikipedia.org › wiki › Т..."", ""Сурет:Дулат Тастекей 2024 сурет.jpg Wikipedia https://kk.wikipedia.org › wiki › С...""]"	true	2026-08-16T22:14:32Z
ak_zhol	53	Тлеужанов Ержан Хамитович	1989	"""Тлеужанов Ержан Хамитович"" (site:ru.wikipedia.org OR site:kk.wikipedia.org)"	[]	[]	false	2026-08-16T22:14:34Z
ak_zhol	54	Тулебаев Исламбек Насруллаевич	1980	"""Тулебаев Исламбек Насруллаевич"" (site:ru.wikipedia.org OR site:kk.wikipedia.org)"	[]	[]	false	2026-08-16T22:14:36Z
ak_zhol	60	Шардинов Бахтияр Ахметжанович	1972	"""Шардинов Бахтияр Ахметжанович"" (site:ru.wikipedia.org OR site:kk.wikipedia.org)"	[]	[]	false	2026-08-16T22:14:37Z
ak_zhol	61	Шимиров Мухтар Аскарович	1982	"""Шимиров Мухтар Аскарович"" (site:ru.wikipedia.org OR site:kk.wikipedia.org)"	[]	[]	false	2026-08-16T22:14:39Z
auyl	2	Абдижаппаров Жандос	1991	"""Абдижаппаров Жандос"" (site:ru.wikipedia.org OR site:kk.wikipedia.org)"	[]	[]	false	2026-08-16T22:14:41Z
auyl	6	Айтбаев Талгат Ергенович	1966	"""Айтбаев Талгат Ергенович"" (site:ru.wikipedia.org OR site:kk.wikipedia.org)"	[]	[]	false	2026-08-16T22:14:43Z
auyl	9	Алтангадас Жанат	1983	"""Алтангадас Жанат"" (site:ru.wikipedia.org OR site:kk.wikipedia.org)"	[]	[]	false	2026-08-16T22:14:45Z
auyl	10	Ануарбеков Жакыпбек Жылкыбаевич	1983	"""Ануарбеков Жакыпбек Жылкыбаевич"" (site:ru.wikipedia.org OR site:kk.wikipedia.org)"	[]	[]	false	2026-08-16T22:14:46Z
auyl	19	Бегалиева Захира Онгарбаевна	1971	"""Бегалиева Захира Онгарбаевна"" (site:ru.wikipedia.org OR site:kk.wikipedia.org)"	[]	[]	false	2026-08-16T22:14:48Z
auyl	21	Берікқожа Серікбол Қайратұлы	1991	"""Берікқожа Серікбол Қайратұлы"" (site:ru.wikipedia.org OR site:kk.wikipedia.org)"	[]	[]	false	2026-08-16T22:14:50Z
auyl	22	Білеш Ерали Нұржанұлы	1999	"""Білеш Ерали Нұржанұлы"" (site:ru.wikipedia.org OR site:kk.wikipedia.org)"	[]	[]	false	2026-08-16T22:14:52Z
auyl	24	Двуреченский Андрей Валентинович	1976	"""Двуреченский Андрей Валентинович"" (site:ru.wikipedia.org OR site:kk.wikipedia.org)"	[]	[]	false	2026-08-16T22:14:54Z
auyl	30	Жолдығали Алшын Әділханұлы	1994	"""Жолдығали Алшын Әділханұлы"" (site:ru.wikipedia.org OR site:kk.wikipedia.org)"	[]	[]	false	2026-08-16T22:14:55Z
auyl	34	Исмаилов Арман Оразалиевич	1974	"""Исмаилов Арман Оразалиевич"" (site:ru.wikipedia.org OR site:kk.wikipedia.org)"	[]	[]	false	2026-08-16T22:14:57Z
auyl	38	Каримбаев Сейтжапар Ноянович	1972	"""Каримбаев Сейтжапар Ноянович"" (site:ru.wikipedia.org OR site:kk.wikipedia.org)"	[]	[]	false	2026-08-16T22:14:59Z
auyl	40	Клишина Ольга Геннадьевна	1961	"""Клишина Ольга Геннадьевна"" (site:ru.wikipedia.org OR site:kk.wikipedia.org)"	[]	[]	false	2026-08-16T22:15:01Z
auyl	43	Қуатбаев Айбек Нурланұлы	1992	"""Қуатбаев Айбек Нурланұлы"" (site:ru.wikipedia.org OR site:kk.wikipedia.org)"	[]	[]	false	2026-08-16T22:15:03Z
auyl	49	Нурбеков Болатжан Саймасаевич	1972	"""Нурбеков Болатжан Саймасаевич"" (site:ru.wikipedia.org OR site:kk.wikipedia.org)"	[]	[]	false	2026-08-16T22:15:05Z
auyl	51	Омарова Гульназ Шинтуриновна	1973	"""Омарова Гульназ Шинтуриновна"" (site:ru.wikipedia.org OR site:kk.wikipedia.org)"	[]	[]	false	2026-08-16T22:15:07Z
auyl	53	Разинков Александр Александрович	1982	"""Разинков Александр Александрович"" (site:ru.wikipedia.org OR site:kk.wikipedia.org)"	[]	[]	false	2026-08-16T22:15:09Z
auyl	54	Райханова Динара Куанышевна	1979	"""Райханова Динара Куанышевна"" (site:ru.wikipedia.org OR site:kk.wikipedia.org)"	[]	[]	false	2026-08-16T22:15:10Z
auyl	56	Рзаханов Максат Кикбаевич	1966	"""Рзаханов Максат Кикбаевич"" (site:ru.wikipedia.org OR site:kk.wikipedia.org)"	[]	[]	false	2026-08-16T22:15:12Z
auyl	57	Савин Тимур Владимирович	1983	"""Савин Тимур Владимирович"" (site:ru.wikipedia.org OR site:kk.wikipedia.org)"	[]	[]	false	2026-08-16T22:15:14Z
auyl	59	Саурыков Ерболат Байузакович	1971	"""Саурыков Ерболат Байузакович"" (site:ru.wikipedia.org OR site:kk.wikipedia.org)"	[]	[]	false	2026-08-16T22:15:16Z
auyl	62	Сүйін Бейімбет Жұмабекұлы	1993	"""Сүйін Бейімбет Жұмабекұлы"" (site:ru.wikipedia.org OR site:kk.wikipedia.org)"	[]	[]	false	2026-08-16T22:15:18Z
auyl	67	Турмухамбетова Анар Акылбековна	1969	"""Турмухамбетова Анар Акылбековна"" (site:ru.wikipedia.org OR site:kk.wikipedia.org)"	[]	[]	false	2026-08-16T22:15:20Z
baitaq	1	Абдуалиева Айгуль Кадесовна	1974	"""Абдуалиева Айгуль Кадесовна"" (site:ru.wikipedia.org OR site:kk.wikipedia.org)"	[]	[]	false	2026-08-16T22:15:22Z
baitaq	2	Айбеков Елдос Айбекұлы	1990	"""Айбеков Елдос Айбекұлы"" (site:ru.wikipedia.org OR site:kk.wikipedia.org)"	[]	[]	false	2026-08-16T22:15:24Z
baitaq	6	Әмірова Шолпан Кеңесқызы	1983	"""Әмірова Шолпан Кеңесқызы"" (site:ru.wikipedia.org OR site:kk.wikipedia.org)"	[]	[]	false	2026-08-16T22:15:26Z
baitaq	7	Байзаханов Аслан Адильханович	1988	"""Байзаханов Аслан Адильханович"" (site:ru.wikipedia.org OR site:kk.wikipedia.org)"	[]	[]	false	2026-08-16T22:15:28Z
baitaq	8	Байтемиров Турсынбек Шерниязович	1967	"""Байтемиров Турсынбек Шерниязович"" (site:ru.wikipedia.org OR site:kk.wikipedia.org)"	[]	[]	false	2026-08-16T22:15:30Z
baitaq	9	Баубек Нариман Асқарұлы	1982	"""Баубек Нариман Асқарұлы"" (site:ru.wikipedia.org OR site:kk.wikipedia.org)"	[]	[]	false	2026-08-16T22:15:32Z
baitaq	14	Джаппарова Ардак Сарсенбековна	1981	"""Джаппарова Ардак Сарсенбековна"" (site:ru.wikipedia.org OR site:kk.wikipedia.org)"	[]	[]	false	2026-08-16T22:15:34Z
baitaq	17	Иманбаев Айдос Бейбитович	1981	"""Иманбаев Айдос Бейбитович"" (site:ru.wikipedia.org OR site:kk.wikipedia.org)"	[]	[]	false	2026-08-16T22:15:36Z
baitaq	18	Кажиев Сериккан Ергалиевич	1967	"""Кажиев Сериккан Ергалиевич"" (site:ru.wikipedia.org OR site:kk.wikipedia.org)"	[]	[]	false	2026-08-16T22:15:37Z
baitaq	19	Каметов Бакыт Хабидуллаевич	1967	"""Каметов Бакыт Хабидуллаевич"" (site:ru.wikipedia.org OR site:kk.wikipedia.org)"	[]	[]	false	2026-08-16T22:15:39Z
baitaq	22	Кенжебекова Роза Темуркуловна	1971	"""Кенжебекова Роза Темуркуловна"" (site:ru.wikipedia.org OR site:kk.wikipedia.org)"	[]	[]	false	2026-08-16T22:15:41Z
baitaq	25	Кудеринов Мурат Тасбулатович	1977	"""Кудеринов Мурат Тасбулатович"" (site:ru.wikipedia.org OR site:kk.wikipedia.org)"	[]	[]	false	2026-08-16T22:15:43Z
baitaq	34	Мұратұлы Руслан	1989	"""Мұратұлы Руслан"" (site:ru.wikipedia.org OR site:kk.wikipedia.org)"	[]	[]	false	2026-08-16T22:15:45Z
baitaq	36	Ордабеков Алтай Еркебекович	1980	"""Ордабеков Алтай Еркебекович"" (site:ru.wikipedia.org OR site:kk.wikipedia.org)"	[]	[]	false	2026-08-16T22:15:46Z
baitaq	38	Сабурова Нургул Едигеевна	1982	"""Сабурова Нургул Едигеевна"" (site:ru.wikipedia.org OR site:kk.wikipedia.org)"	[]	[]	false	2026-08-16T22:15:48Z
baitaq	41	Сексенова Айман Казиевна	1980	"""Сексенова Айман Казиевна"" (site:ru.wikipedia.org OR site:kk.wikipedia.org)"	[]	[]	false	2026-08-16T22:15:50Z
baitaq	43	Скаков Ануарбек Адылбекович	1980	"""Скаков Ануарбек Адылбекович"" (site:ru.wikipedia.org OR site:kk.wikipedia.org)"	[]	[]	false	2026-08-16T22:15:52Z
baitaq	47	Ысматуллаев Руслан Серікұлы	1990	"""Ысматуллаев Руслан Серікұлы"" (site:ru.wikipedia.org OR site:kk.wikipedia.org)"	[]	[]	false	2026-08-16T22:15:54Z
npk	5	Актаева Лязат Мейрашевна	1965	"""Актаева Лязат Мейрашевна"" (site:ru.wikipedia.org OR site:kk.wikipedia.org)"	[]	[]	false	2026-08-16T22:15:55Z
npk	7	Амантаев Кайыркен Калкенович	1975	"""Амантаев Кайыркен Калкенович"" (site:ru.wikipedia.org OR site:kk.wikipedia.org)"	[]	[]	false	2026-08-16T22:15:57Z
