party_id	list_order	candidate_name	official_name	official_position	official_summary_ru	biography_ru	official_source_url	photo_source_url	match_score	match_margin	match_status	photo_status	r2_key	public_photo_url	asset_rights_note	collected_at
npk	12	Аукенов Мирас Серикбекович	Аукенов Мирас Серикбекович	Заместитель Председателя партии	Юрист и специалист по корпоративному праву, государственному управлению и стратегическому развитию. Заместитель Председателя партии с 2023 года.	"ОБЩАЯ ИНФОРМАЦИЯ

Аукенов Мирас Серикбекович — юрист, специалист в области корпоративного права, государственного управления, стратегического развития и общественно-политической деятельности. С 2023 года — заместитель Председателя Народной партии Казахстана.

Работал в банковском секторе, строительстве, промышленности, корпоративном управлении, экспертно-аналитической и государственно-общественной сферах. Руководил проектами правового сопровождения, аналитики и институционального развития.

ОБРАЗОВАНИЕ

• Карагандинский государственный университет имени Е. А. Букетова, юридический факультет, специальность «Юриспруденция»
• РАНХиГС при Президенте Российской Федерации, MBA по направлению «Международный бизнес»

ПРОФЕССИОНАЛЬНАЯ ДЕЯТЕЛЬНОСТЬ

• 2006–2009 — юрист, затем главный юрист АО «Цеснабанк»
• 2009–2011 — заместитель директора юридического департамента строительной компании в Астане
• 2011–2013 — начальник отдела таможенно-правового обеспечения Казахстанской промышленной корпорации
• 2013–2015 — член Правления АО «Кокшетауские минеральные воды», руководил юридическим направлением
• 2015–2022 — исполнительный директор аналитического центра TALAP: организационное развитие, экспертно-аналитические исследования и взаимодействие с государственными органами, бизнесом и экспертным сообществом

ПАРТИЙНАЯ ДЕЯТЕЛЬНОСТЬ

• Член Народной партии Казахстана с 2022 года
• 2022 — советник Председателя партии
• 2022–2023 — руководитель Центрального аппарата партии
• С 2023 года — заместитель Председателя партии; курирует организационное развитие, региональные филиалы, партийное управление, политические проекты, выборные кампании и взаимодействие с государством и гражданским обществом

НАГРАДЫ

• Благодарность Президента Республики Казахстан
• Медаль «Ерен еңбегі үшін»
• Медаль «Халық алғысы»

КЛЮЧЕВЫЕ КОМПЕТЕНЦИИ

• Государственное управление, корпоративное и банковское право
• Корпоративное управление и стратегическое развитие
• Институциональное и организационное развитие
• Политический менеджмент и взаимодействие с государственными органами
• Экспертно-аналитическая деятельность и законотворчество
• Проектное управление"	https://halykpartiyasy.kz/api/v1/team	https://halykpartiyasy.kz/images/leader-aukenov.jpg	1.000	0.339	MATCHED	UPLOADED	candidates/npk/12/npk-team.jpg	https://assets.open-quryltai.org/candidates/npk/12/npk-team.jpg	Official NPK party source; no separate image license declaration found.	2026-08-16T23:43:58Z
npk	42	Куленова Лейла Искандеровна	Куленова Лейла Искандеровна	Заместитель Председателя партии	Общественный деятель, предприниматель и эксперт в сфере образовательной политики. Развивает женское предпринимательство и систему непрерывного образования.	"ОБЩАЯ ИНФОРМАЦИЯ

Куленова Лейла Искандеровна — общественный деятель, предприниматель и эксперт в сфере образовательной политики. Обладает многолетним опытом в предпринимательстве, дошкольном образовании, развитии профессиональных объединений и взаимодействии бизнеса с государственными органами.

Председатель Комитета по развитию женского предпринимательства НПП «Атамекен». Руководитель Казахстанской ассоциации непрерывного образования, сформированной на базе профессионального объединения, созданного по её инициативе в 2012 году.

ОБРАЗОВАНИЕ

• 2001 — Карагандинский государственный университет имени Е. А. Букетова, юридический факультет
• 2018 — Московский государственный педагогический университет, магистратура

ТЕКУЩАЯ ДЕЯТЕЛЬНОСТЬ

• Народная партия Казахстана — заместитель Председателя
• Национальная палата предпринимателей Республики Казахстан «Атамекен» — член Президиума
• Комитет по развитию женского предпринимательства НПП «Атамекен» — председатель
• Казахстанская ассоциация непрерывного образования — руководитель

ПРОФЕССИОНАЛЬНЫЙ ОПЫТ

Трудовую деятельность начала в 2002 году в качестве индивидуального предпринимателя. Сформировала и успешно развила сеть предприятий, внедряя современные подходы к управлению и повышению качества услуг.

В 2005 году открыла первый частный детский сад. В дальнейшем сформировала сеть дошкольных организаций, внедрив современные образовательные, организационные и управленческие стандарты.

В 2012 году выступила инициатором создания профессионального объединения, которое впоследствии трансформировалось в Казахстанскую ассоциацию непрерывного образования — одно из крупнейших отраслевых объединений частного образования в стране. Ассоциация работает как профессиональная экспертная площадка, консолидирует предпринимателей и готовит предложения по развитию системы образования.

КЛЮЧЕВЫЕ ДОСТИЖЕНИЯ

• Участие в разработке и экспертной оценке нормативно-правовых инициатив
• Подготовка предложений по совершенствованию финансирования и регулирования образовательной отрасли
• Руководство проектом «Электронный детский сад» и внедрение автоматизированных решений для образовательных организаций
• Разработка и регистрация более 15 учебно-методических пособий
• Экспертная работа в сфере повышения квалификации педагогов и развития инклюзивного образования
• Консультирование предпринимателей в сфере образования и запуск региональной системы поддержки «Офис Забота»

ГОСУДАРСТВЕННЫЕ И ОБЩЕСТВЕННЫЕ НАГРАДЫ

• Медаль «Ерен еңбегі үшін», 2026 год
• Медаль «Ибрай Алтынсарин», 2017 год
• Медаль «Білім беру ісінің құрметті қызметкері», 2020 год
• Медаль «Ісіне адалдығы үшін», 2019 год
• Благодарственные письма Президента Республики Казахстан, Парламента Республики Казахстан, Министерства просвещения и акимата города Астаны

КЛЮЧЕВЫЕ КОМПЕТЕНЦИИ

• Системное и стратегическое мышление
• Практический управленческий опыт
• Развитие профессиональных сообществ
• Взаимодействие государства, бизнеса и отраслевых организаций
• Долгосрочные и устойчивые управленческие решения"	https://halykpartiyasy.kz/api/v1/team	https://halykpartiyasy.kz/images/leader-kulenova.jpg	1.000	0.404	MATCHED	UPLOADED	candidates/npk/42/npk-team.jpg	https://assets.open-quryltai.org/candidates/npk/42/npk-team.jpg	Official NPK party source; no separate image license declaration found.	2026-08-16T23:44:02Z
npk	45	Кусаинов Бейбут Булатович	Кусаинов Бейбит Булатович	Заместитель Председателя партии	Государственный и общественный деятель, специалист по международному праву и корпоративному управлению. Возглавляет Алматинский городской филиал партии.	"ОБЩАЯ ИНФОРМАЦИЯ

Кусаинов Бейбит Булатович — казахстанский государственный и общественный деятель, управленец, специалист в области международного права, корпоративного управления, стратегического развития и общественно-политической деятельности.

Заместитель Председателя Народной партии Казахстана, председатель Алматинского городского филиала партии, депутат Маслихата города Алматы VIII созыва и председатель постоянной комиссии по культуре, спорту, внутренней политике, религии и молодёжи. Имеет опыт работы в государственном секторе, международных интеграционных структурах, крупном бизнесе и общественно-политической сфере.

ОБРАЗОВАНИЕ

• 2008 — Казахский национальный университет имени аль-Фараби, факультет международных отношений, специальность «Международное право»
• 2019 — МГУ имени М. В. Ломоносова, MBA по направлению «Деловое администрирование»

ПРОФЕССИОНАЛЬНАЯ ДЕЯТЕЛЬНОСТЬ

• Начал карьеру со стажировки в РГП «Информационно-производственный центр» Комитета регистрационной службы Министерства юстиции Республики Казахстан
• 2006–2007 — помощник председателя совета директоров АО «Алма-Ата Голд Трейд»
• 2007–2008 — юридический консультант налогово-юридического департамента Ernst & Young
• 2008–2010 — генеральный директор ТОО «АКА Транс»
• 2010–2012 — главный специалист департамента энергетической политики и экологии Секретариата Евразийского экономического сообщества
• 2012–2015 — генеральный директор Vendor Holding
• 2015 — руководитель отдела продаж Allies Distribution
• 2015–2017 — коммерческий директор Allies Industrial
• 2015–2020 — генеральный директор ADVANTA INDUSTRIES
• 2018–2022 — директор ТОО «Бетпак Дала-2005»

ПАРТИЙНАЯ И ОБЩЕСТВЕННАЯ ДЕЯТЕЛЬНОСТЬ

• 2022–2025 — заместитель председателя Алматинского городского филиала партии
• С 2025 года — председатель Алматинского городского филиала партии
• Депутат Маслихата города Алматы VIII созыва
• Председатель постоянной комиссии по культуре, спорту, внутренней политике, религии и молодёжи
• С 2026 года — заместитель Председателя Народной партии Казахстана по взаимодействию с государственными органами

КЛЮЧЕВЫЕ КОМПЕТЕНЦИИ

• Государственное управление и международное право
• Корпоративное управление и стратегическое развитие
• Региональная политика и общественно-политическая деятельность
• Взаимодействие с государственными органами
• Развитие бизнеса, инвестиции и коммерческое управление
• Переговоры, международное сотрудничество и организационное развитие"	https://halykpartiyasy.kz/api/v1/team	https://halykpartiyasy.kz/images/leader-kusainov.jpg	0.950	0.391	MATCHED	UPLOADED	candidates/npk/45/npk-team.jpg	https://assets.open-quryltai.org/candidates/npk/45/npk-team.jpg	Official NPK party source; no separate image license declaration found.	2026-08-16T23:43:56Z
npk	48	Максутов Калел Мухатаевич	Максутов Калел Мукатаевич	Заместитель Председателя партии	Государственный и общественный деятель, юрист и экономист с более чем 35-летним опытом. Возглавляет Карагандинский областной филиал партии.	"ОБЩАЯ ИНФОРМАЦИЯ

Максутов Калел Мукатаевич — казахстанский государственный и общественный деятель, управленец, юрист и экономист. Заместитель Председателя Народной партии Казахстана и председатель Карагандинского областного филиала партии.

Имеет более 35 лет опыта государственной службы и регионального развития. Работал в государственном и региональном управлении, экономике, внутренней и земельной политике, молодёжной и общественной сферах.

ОБРАЗОВАНИЕ

• Атырауский государственный университет имени Халела Досмухамедова, юриспруденция
• Атырауский государственный университет имени Халела Досмухамедова, экономика
• Владеет казахским и русским языками

ПРОФЕССИОНАЛЬНАЯ ДЕЯТЕЛЬНОСТЬ

• Начал трудовую деятельность водителем Каркаралинского автопредприятия
• 1987–1993 — работа в комсомольских органах
• Председатель Комитета по делам молодёжи Карагандинской области
• Заместитель руководителя управления по делам молодёжи, туризма и спорта; заместитель главы Мичуринской районной администрации; заместитель акима Абайского района; руководитель управления информации и общественного согласия
• 1999–2009 — руководящие должности в Атырауской области: заместитель акима города Атырау, аким города Кульсары Жылыойского района, заместитель руководителя управления предпринимательства и промышленности, руководитель управления мобилизационной подготовки, гражданской обороны, аварий и чрезвычайных ситуаций
• 2009–2011 — заместитель акима города Караганды
• Май 2011 — декабрь 2019 — аким Каркаралинского района
• Декабрь 2019 — август 2021 — руководитель Управления земельных отношений Карагандинской области

ПАРТИЙНАЯ ДЕЯТЕЛЬНОСТЬ

• После завершения государственной службы возглавил Карагандинский областной филиал Народной партии Казахстана
• С 2026 года — заместитель Председателя партии; участвует в организационном и региональном развитии, работе филиалов, взаимодействии с государством и гражданским обществом, развитии партийной инфраструктуры

КЛЮЧЕВЫЕ КОМПЕТЕНЦИИ

• Государственное и региональное управление
• Социально-экономическое и территориальное развитие
• Внутренняя и земельная политика
• Местное самоуправление и государственная служба
• Организационное управление и развитие региональных структур
• Взаимодействие с общественными институтами"	https://halykpartiyasy.kz/api/v1/team	https://halykpartiyasy.kz/images/leader-maksutov.jpg	0.986	0.412	MATCHED	UPLOADED	candidates/npk/48/npk-team.jpg	https://assets.open-quryltai.org/candidates/npk/48/npk-team.jpg	Official NPK party source; no separate image license declaration found.	2026-08-16T23:44:00Z
npk	71	Шоканов Нурсултан Нурланович	Шоканов Нурсултан Нурланович	Председатель партии	Государственный и общественный деятель, управленец, финансист и предприниматель. С 2026 года возглавляет Народную партию Казахстана.	"ОБЩАЯ ИНФОРМАЦИЯ

Шоканов Нурсултан Нурланович — казахстанский государственный и общественный деятель, управленец, финансист и предприниматель. С 2026 года — Председатель Народной партии Казахстана. Президент Федерации альпинизма и спортивного скалолазания Казахстана.

Обладает более чем двадцатилетним опытом в финансах, корпоративном и государственном управлении, промышленности, нефтесервисном и инвестиционном бизнесе. Руководил крупными производственными, торговыми и инвестиционными компаниями, проектами развития бизнеса, корпоративных финансов и общественно-политических институтов.

ОБРАЗОВАНИЕ

• 2007 — Казахстанский институт менеджмента, экономики и прогнозирования (KIMEP), специальность «Финансы»
• 2018 — IMD Business School, Швейцария, Executive MBA

ПРОФЕССИОНАЛЬНАЯ ДЕЯТЕЛЬНОСТЬ

• 2006–2007 — специалист и старший специалист Ernst & Young: аудит нефтегазовых компаний, корпоративная отчётность и оценка финансовых процессов
• 2007–2008 — консультант «Казахстан Девелопмент Груп»: корпоративное управление, инвестиционное развитие и финансовый консалтинг
• 2008–2009 — консультант, директор административного департамента, директор по корпоративным финансам и заместитель генерального директора «СанДриллинг»
• 2009–2010 — генеральный директор ТОО «Центр Развития Карьеры»: стратегическое руководство и развитие человеческого капитала
• 2010–2019 — руководитель Allies Industrial: промышленное производство, операционное управление, развитие и модернизация предприятий
• 2011 — генеральный директор ТОО ASIA INTER INVEST
• 2012–2019 — генеральный директор ТОО ANTTEC
• 2012–2016 — директор ТОО «Эталон KZ»
• 2012–2013 — генеральный директор ТОО «Монета Монолит Казахстан»
• 2014–2020 — генеральный директор ТОО Allies Distribution
• 2018 — генеральный директор ТОО SYNTECO GROUP
• 2020 — генеральный директор ТОО Fast Meals & Goods
• 2020–2022 — председатель Правления Ассоциации поставщиков промышленных предприятий: поддержка отечественных производителей и взаимодействие бизнеса с государством

ПАРТИЙНАЯ И ОБЩЕСТВЕННАЯ ДЕЯТЕЛЬНОСТЬ

• Член Народной партии Казахстана с 2020 года
• 2022–2025 — руководитель Алматинского городского филиала партии
• 2024–2025 — одновременно председатель Алматинского областного филиала
• Депутат Маслихата города Алматы VIII созыва, председатель комиссии по коммунальной инфраструктуре, строительству, урбанистике, архитектуре, городской мобильности, энергетике и водоснабжению
• С 2026 года — Председатель Народной партии Казахстана; отвечает за стратегию, организационное развитие, региональную и общественно-политическую работу, идеологию и цифровую трансформацию
• Президент Федерации альпинизма и спортивного скалолазания Казахстана; поддерживает массовый спорт, здоровый образ жизни и молодёжные инициативы

КЛЮЧЕВЫЕ КОМПЕТЕНЦИИ

• Стратегические коммуникации и управление
• Корпоративное, государственное и антикризисное управление
• Организационное развитие и региональная политика
• Инфраструктурное и общественно-политическое управление
• Взаимодействие бизнеса и государства, промышленная политика
• Управление производственными предприятиями
• Финансы, инвестиции и корпоративные финансы"	https://halykpartiyasy.kz/api/v1/team	https://halykpartiyasy.kz/images/leader-shokanov.jpg	1.000	0.395	MATCHED	UPLOADED	candidates/npk/71/npk-team.jpg	https://assets.open-quryltai.org/candidates/npk/71/npk-team.jpg	Official NPK party source; no separate image license declaration found.	2026-08-16T23:43:54Z
