id	position_raw
0	управляющий партнер медиахолдинга First Media Group
1	председатель Алматинского городского филиала партии «Respublica»
2	руководитель отдела РГУ «Департамент комитета государственной инспекции труда Северо-Казахстанской области»
3	директор КГКП «Филармония им.Тайжана Калмагамбетова области Ұлытау»
4	председатель Туркестанского областного филиала партии «Respublica»
5	директор департамента по взаимодействию с государственными органами «Центра развития цифровой экономики» АО «Казахтелеком»
6	заместитель директора ТОО «Akmola Industry»
7	председатель Павлодарского областного филиала партии «Respublica»
8	председатель Карагандинского областного филиала партии «Respublica»
9	учредитель ТОО «Семей Көркем»
10	вице-президент Федерации Кокпара РК
11	заместитель председателя Комитета государственных доходов Министерства финансов РК
12	ИП «Байконова», руководитель
13	заведующий сектором государственно-правового отдела Администрации Президента Республики Казахстан
14	специалист Мангистауского областного филиала партии «Respublica»
15	советник Руководителя Центрального аппарата партии «Respublica»
16	аким сельского округа имени Магжан Жумабаева, Северо-Казахстанской области
17	ИП «Royal Event», директор ТОО «Shanyraq Partners»
18	генеральный директор «Smartest Prep LTD»
19	Центр спортивной подготовки для лиц с ограниченными физическими возможностями, параспортсмен
20	директор ТОО «Venera Print»
21	генеральный директор ТОО «Б-Агро-Север»
22	директор по стратегии и науке АО «Национальный центр нейрохирургии»
23	председатель Алматинского областного филиала партии «Respublica»
24	ИП «Malika Duisenbayeva»
25	вице-президент Федерации борьбы РК
26	учредитель и директор группы компаний «Sign Tech»
27	главный менеджер-аналитик Фракции партии «Respublica»
28	директор колледжа «Отырар»
29	заместитель директора ТОО «Global Foods»
30	председатель правления АО «УлыТау Холдинг»
31	руководитель Центрального аппарата партии «Respublica»
32	директор ТОО «Espresso Day»
33	управляющий партнер ТОО «Finex-Audit»
34	генеральный директор ТОО «Atelier Arunaz», ИП «Ателье Аруназ Дизайн»
35	председатель наблюдательного совета ТОО «Capital Road Construction»
36	председатель Жамбылского областного филиала партии «Respublica»
37	директор центра кино и искусства «BN Prodaction»
38	генеральный директор - член наблюдательного совета «Dala Edge Creative Park»
39	ИП «Алия Конилхан», руоводитель
40	ТОО «B2C», директор
41	депутат Мажилиса Парламента VIII созыва
42	президент ТОО «Балмуздак»
43	председатель Западно-Казахстанского областного филиала партии «Respublica»
44	ИП «Марклен», руководитель
45	ТОО «Телевидение Астана», продюсер
46	GR директор, АО «Костанайские минералы»
47	секретарь Высшего Судебного Совета РК - руководитель аппарата
48	советник директора Телерадиокомплекса Президента РК
49	Индивидуальный предприниматель
50	заместитель Генерального директора АО «КазАзот» по корпоративному и устойчивому развитию
51	генеральный директор группы компаний ТОО «NQDC GROUP»
52	Центр спортивной подготовки для лиц с ограниченными физическими возможностями, инструктор-спортсмен
53	депутат Мажилиса Парламента РК VIII созыва
54	директор школы-гимназии № 58
55	директор ТОО «Art school 2020»
56	директор департамента экономики и планирования АО «НК «Казахстан инжиниринг»
57	руководитель ТОО «Алматы Лакшери Трэвел»
58	независимый директор АО «KEGOC», генеральный директор АО «НацЭКС»
59	генеральный директор ТОО «КДЛ «Олимп»
60	учредительный директор ТОО «КАС Консалтинг софт», Президент Казахстанской ассоциации информационных технологий и инноваций»
61	профессор Nazarbayev University, академик НАН
62	учредитель ТОО «Энерджи Тараз»
63	заместитель председателя Ассоциации по развитию искусственного интеллекта в Казахстане
64	руководитель ИП «Евротекстиль»
65	председатель Атырауского областного филиала партии «Respublica»
66	председатель Мангистауского областного филиала партии «Respublica»
67	генеральный директор ТОО «Special oil Projets»
68	председатель правления НАО «Turar Healthcare»
69	председатель Карагандинского областного филиала ДПК «Ак жол»
70	Руководитель службы поддержки молодежного предпринимательства ДПК «Ак жол»
71	директор ТОО «Даниял құрылыс дизайн»
72	заместитель Председателя ДПК «Ак жол», депутат Мажилиса Парламента РК VII, VIII созыва
73	заместитель председателя Алматинского городского филиала ДПК «Ак жол»
74	президент АО «KazPetroDrilling»
75	директор филиала ТОО «Texol Транс»
76	директор Атырауского филиала ТОО «КМG EP-Catering»
77	секретарь Политического совета ДПК «Ак жол»
78	депутат Мажилиса Парламента РК VII созыва, секретарь Политического совета ДПК «Ақ жол»
79	председатель филиала ДПК «Ак жол» области Жетісу, председатель постоянной комиссии областного маслихата области Жетісу, область Жетісу
80	декан школы педиатрии НАО «Карагандинский Медицинский университет»
81	заместитель председателя ДПК «Ак жол», депутат Мажилиса Парламента РК VII, VIII созыва
82	председатель ДПК «Ақ жол», депутат Мажилиса Парламента РК VII, VIII созыва
83	директор КГУ «Средняя школа комплекс национального возрождения № 17» города Петропавловска
84	исполнительный директор «Ассоциации ECOJER»
85	инженер ТОО «Connectivity Solutions»
86	председатель Костанайского областного филиала ДПК «Ак жол», председатель постоянной комиссии по вопросам социальной сферы Костанайского областного маслихата
87	управляющий партнер ТОО «First Legal Consulting group»
88	Генеральный директор ТОО «Samadi A Group»
89	управляющий директор ТОО «Казахстанский завод магнезитовых изделий»
90	председатель наблюдательного Совета ТОО «Best Product Pavlodar»
91	директор ТОО «Discovery Coffee Semey», депутат городского маслихата г. Семей
92	директор ОЮЛ «ИП «КАПиСУ»; заместитель председателя по правовым вопросам Карагандинского областного филиала ДПК «Ак жол»
93	председатель партийной комиссии ДПК «Ак жол»
94	секретарь Полититического совета, руководитель аппарата ДПК «Ак жол»
95	заместитель директора ТОО «Astana Energo Hub»
96	директор филиала ТОО «KMG Security» в городе Жанаозен
97	Генеральный директор ОФ «Финансовая культура Казахстана»
98	советник ТОО «Aspara Munay»
99	Генеральный директор ТОО «Billboards Empire», директор ТОО «Terra Invest Group», директор ТОО «Энерго Трэйдинг Групп»
100	Генеральный директор ТОО «Смарт-энергетика»
101	Генеральный директор ТОО «ENCOS Group»
102	директор ТОО «Урал Пром Энерго»
103	президент ОЮЛ «Ассоциация Застройщиков Казахстана»
104	руководитель департамента экологии по Павлодарской области
105	Генеральный директор ТОО «Таразкий кожевенный завод»
106	депутат Мажилиса Парламента РК VІІІ созыва
107	предприниматель
108	депутат Мажилиса Парламента РК V, VI, VII, VIII созыва
109	директор департамента ПХВ «Информационно-вычислительный центр»
110	директор СКФ «Туркестан», директор ТОО «DG-art», советник Генерального директора ТОО «Mabex Trade LTD»
111	заместитель председателя Алматинского областного филиала ДПК «Ак жол»
112	председатель Туркестанского областного филилала ДПК «Ак жол», предприниматель
113	первый заместитель Генерального директора ТОО «Dostyk Gaz Terminal»
114	заместитель директора ТОО «Газета «Наш Костанай», редактор ИА «Тобол Инфо»
115	председатель Астанинского филиала ДПК «Ак жол», председатель постоянной комиссии маслихата города Астана по вопросам социально-культурного развития
116	директор ТОО «Стройгрупп PVL»
117	председатель постоянной комиссии по социальным вопросам Акмолинского областного маслихата
118	основатель и управляющий группы компаний «TASGROUP», Генеральный директор ТОО «МФО «TAS FINANSCE GROUP»
119	директор ресторана «Жібек жолы»
120	председатель постоянной комиссии по инвестициям и развитию городской комфортной среды маслихата города Шымкент
121	заместитель директора ТОО «Арал газ»
122	индивидуальный предприниматель, юрист международного фонда защиты свободы слова «Адил сөз»
123	заместитель директора департамента стратегии ТОО «Корпорация «Казахмыс»
124	директор ИП «Мағжан», депутат областного маслихата по Западно-Казахстанской области
125	учитель истории Назарбаев интеллектуальная школа в городе Астана
126	Генеральный директор ТОО ДП «Жаркент»
127	депутат городского маслихата города Шымкент, директор кооператива «BIOMAK»
128	председатель Алматинского областного филиала ДПК «Ак жол», заместитель директора ТОО «Специализированное предприятие по обработке камня»
129	председатель Атырауского областного филиала ДПК «Ак жол», директор ТОО «Атырау көлік құрылыс»
130	член Политсовета «Партии «Ауыл»
131	руководитель ТОО «Бірлік АЖА»
132	советник председателя «Партии «Ауыл»
133	председатель регионального филиала «Партии «Ауыл» по городу Астана, генеральный директор горнодобывающего ТОО «Aksenger mining»
134	председатель регионального филиала «Партии «Ауыл» по Восточно-Казахстанской области , директор ТОО «Опытное хозяйство масличных культур», депутат маслихата Восточно-Казахстанской области
135	директор ТОО «АвтоНурМах»
136	председатель «Партии «Ауыл»
137	редактор газеты «Сыр Дидары»
138	руководитель ТОО «Алтын Жулдыз»
139	директор ТОО «Ремспецстрой», директор ТОО «Улдана»
140	директор филиала «Есиль су» РГП на ПХВ» Казводхоз» МВРИ РК
141	заведующая кафедрой Шәкәрім университета
142	председатель Жетысуского регионального филиала «Партии «Ауыл», руководитель Жетысуского филиала РГП «Республиканский противоэпизоотический отряд»
143	председатель регионального филиала «Партии «Ауыл» по Атырауской области
144	декан факультета экономики и права Костанайского университета им. А. Байтұрсынұлы
145	заместитель председателя «Партии «Ауыл»-руководитель Центрального аппарата
146	директор Общественного фонда «ITeachMe» центр развития компетенций», внештатный советник министра труда и социальной защиты населения Республики Казахстан
147	председатель регионального филиала «Партии «Ауыл» по Алматинской области
148	исполнительный директор общественного фонда «Саналы Қоғам»
149	руководитель ТОО «Металл-инжениринг»
150	член Политсовета «Партии «Ауыл», председатель правления «Ассоциация фермеров Казахстана»
151	директор ТОО «Александровское»
152	учредитель ТОО «Basic Agro»
153	член совета директоров ТОО «Батыс Пауэр»
154	частное учреждение «Samruk Business Academy», заместитель генерального директора
155	первый заместитель председателя «Партии «Ауыл»
156	председатель регионального филиала «Партии «Ауыл» по области Ұлытау, ТОО «Корпорация Казахмыс», главный специалист
157	директор ТОО «Батыс Өнім»
158	индивидуальный предприниматель, ИП «Жумагулова»
159	заместитель директора филиала Академии государственного управления при Президенте Республики Казахстан по городу Алматы
160	заместитель председателя Комитета государственной инспекции в агропромышленном комплексе Министерства сельского хозяйства Республики Казахстан
161	ректор Костанайского инженерно-экономического университета им. М. Дулатова
162	руководитель Управления сельского хозяйства Восточно-Казахстанской области
163	председатель Туркестанского областного филиала «Партии «Ауыл»
164	председатель Шымкентского городского регионального филиала «Партии «Ауыл»
165	директор ТОО «BS Aqro продукт»
166	ТОО «Национальный центр биотехнологии», заведующий лабораторией биоразнообразия и генетических ресурсов
167	Северо-Казахстанский областной маслихат, председатель постоянной комиссии Северо-Казахстанского областного маслихата по вопросам охраны здоровья населения, его социальной защиты, образования, культуры и делам молодежи
168	председатель Алматинского городского филиала «Партии «Ауыл»
169	председатель регионального филиала «Партии «Ауыл» по Жамбылской области
170	генеральный директор ТОО «Bugin Holding Corp»
171	директор департамента стратегического планирования и анализа Министерства экологии и природных ресурсов Республики Казахстан
172	ведущий научный сотрудник РГП на ПХВ «Институт биологии и биотехнологии растений» КН МНВО РК
173	советник генерального директора ТОО «Гранит Талес-Электроникс»
174	председатель регионального филиала «Партии «Ауыл» по Кызылординской области, депутат областного маслихата
175	заместитель директора филиала НАО «Государственная корпорация «Правительство для граждан»
176	председатель постоянной комиссии Алматинского областного маслихата по вопросам здравоохранения, образования, социальной защиты населения, развития культуры и спорта»
177	председатель регионального филиала «Партии «Ауыл» по Мангистауской области
178	депутат маслихата области Ұлытау, председатель сельскохозяйственного производственного кооператива «Жетіконыр»
179	заместитель руководителя аппарата «Партии «Ауыл»
180	директор ТОО «Vista Company 2010»
181	генеральный директор ТОО «ЮДИ принт»
182	председатель молодежного крыла «Аuyl jastary» при «Партии «Ауыл»
183	председатель постоянной комиссии Мангистауского областного маслихата
184	руководитель научно-производственного центра зернового хозяйства им. А.И. Бараева
185	профессор Павлодарского педагогического университета им. А. Маргулана
186	учредитель учреждения «Международный Таразский университет им. Шерхана Муртазы»
187	директор Актюбинского филиала «Национального центра экспертизы и сертификации»
188	руководитель аппарата фракции «Партии «Ауыл» в Мажилисе Парламента Республики Казахстан
189	председатель Общественного объединения «Общество инвалидов» Capable Group», директор ТОО «Төрт Таға»
190	декан аграрного факультета ЮКЗУ им. М. Ауэзова
191	вице-президент холдинговой компании АО «Aitas-KZ»
192	учитель Школа-гимназия №34 им. Асана Тайманова города Уральска
193	менеджер проекта в КХ «Нуралы»
194	НАО «Медицинский университет Астана», председатель правления - ректор
195	заведующая отделом аппарата Мажилиса Парламента Республики Казахстан
196	индивидуальный предприниматель «Bilgir Studio»
197	президент учреждения «Международная академия экологии», председатель ОЮЛ «Международная ассоциация производителей экологической чистой продукции»
198	директор НИИ «Центр исследования цифрового права и глобальных технологий»
199	председатель Казахстанской партии зеленых «Байтақ»
200	адвокат Туркестанской областной коллегии адвокатов
201	юрист Казахстанской партии зеленых «Байтақ»
202	директор ТОО «Tau Ken Geology»
203	главный врач ТОО «Медицинский центр клеточных технологий»
204	генеральный директор ТОО «БатысСуШар»
205	директор ТОО «Baiterek Engineering»
206	председатель Акмолинского областного филиала Казахстанской партии зеленых «Байтақ»
207	заместитель директора ТОО «Paradigm Shift»
208	ИП «ArtLab»
209	исполнительный секретарь Восточно- Казахстанского областного филиала Казахстанской партии зеленых «Байтақ»
210	директор ТОО «СПМК-5»
211	заместитель директора АО «НК «ҚТЖ» - дирекция магистральной сети
212	общественный деятель
213	председатель Президиума Республиканской палаты частных судебных исполнителей
214	директор ТОО «Семстройлидер»
215	председатель постоянной комиссии по социальному и культурному развитию Атырауского областного маслихата
216	заместитель заведующего отделом аппарата Мажилиса Парламента РК
217	менеджер проекта ТОО «Salplanet»
218	исполнительный директор KTZ Express
219	секретарь по вопросам зеленой экономики Казахстанской партии зелёных «Байтақ»
220	заместитель директора ТОО «ATON+»
221	директор ТОО «Наше право»
222	первый заместитель председателя правления НАО «Республиканская физико- математическая школа»
223	специалист по коммерциализацииТОО «Азия-Auto Казахстан»
224	самозанятая
225	ИП «Alma»
226	руководитель Центрального аппарата Казахстанской партии зеленых «Байтақ»
227	самозанятый
228	начальник отдела охраны окружающей среды ТОО «ПетроКазахстан Ойл Продактс»
229	учитель школы-гимназии № 131
230	директор ТОО «КазОйлЭнерджи»
231	ИП «Томирис»
232	директор ТОО «Bbi Project»
233	руководитель аппарата ГУ «Аппарат акима Толебийского района Туркестанской области»
234	генеральный директор ТОО «Атыраугидрогеология»
235	врач стамотолог стоматологии ALFA-DENT»
236	заместитель директора ГККП «Колледж № 7» управления образования Туркестанской области
237	директор ТОО «Eco Madeniet»
238	управляющий директор по безопасности ТОО «RS-ЖОЛ СЕРВИС»
239	директор ТОО «Астанинская Энергосбытовая компания»
240	исполнительный секретарь Казахстанской партии зеленых «Байтақ»
241	начальник отдела бурения и КПРС ТОО «KazPetrol Group»
242	директор ТОО «АS-ЖОЛ СЕРВИС»
243	советник директора ТОО «Inter Group Story Invest»
244	член правления Союза машиностроителей Казахстана
245	председатель Павлодарского областного филиала ОО «Народная партия Казахстана»
246	председатель Жамбылского областного филиала ОО «Народная партия Казахстана»
247	генеральный директор РГП на ПХВ «Республиканский научно-исследовательский институт по охране труда»
248	артист-солист эстрадного отдела РГКП Государственная академическая концертная организация «Қазақконцерт имени Розы Баглановой» Комитета культуры Министерства культуры и информации Республики Казахстан. председатель Комиссии по культуре Общественного совета Министерства культуры и информации Республики Казахстан
249	председатель совета директоров ТОО «Астана Авто Снаб Сервис-НС»
250	директор Союза проектных компаний Казахстана
251	советник председателя ОО «Народная партия Казахстана»
252	руководитель индивидуального предприятия «Аскарбекова»
253	старший преподаватель КазНУ имени Аль-Фараби
254	заместитель председателя ОО «Народная партия Казахстана»
255	генеральный директор ТОО «Жигалма»
256	главный хормейстер Туркестанского музыкального драматического театра
257	руководитель отдела финансов РГУ «Департамента юстиции города Астаны Министерства юстиции РК»
258	исполняющий обязанности ассоциированного профессора в Международном университете информационных технологий
259	ведущая Youtube-канала ОО «Народная партия Казахстана»
260	директор департамента юридической службы Министерства труда и социальной защиты населения Республики Казахстан
261	заместитель директора департамента законодательства НПП РК «Атамекен»
262	независимый эксперт по банковским вопросам
263	журналист-редактор ОО «Народная партия Казахстана»
264	генеральный директор частной компании «Omir Group»
265	учитель начальных классов КГУ «Средняя школа №40»
266	вице-президент группы компаний «Шин-Лайн»
267	председатель Атырауского областного филиала ОО «Народная партия Казахстана»
268	исполняющий обязанности председателя Алматинского областного филиала ОО «Народная партия Казахстана»
269	руководитель центра научных исследований Министерства труда и социальной защиты населения Республики Казахстан
270	председатель Кызылординского областного филиала ОО «Народная партия Казахстана»
271	солист Мангистауской областной филармонии им. М. Өскінбаева
272	учредитель ТОО «Ясли Сад Айшатай», директор и редактор ТОО «Информационное агентство «SERT-inform.kz»
273	председатель филиала ОО «Народная партия Казахстана» в области Жетісу
274	председатель правления Алматинского городского Общества инвалидов
275	председатель филиала ОО «Народная партия Казахстана» в области Абай
276	ректор АО «Казахский медицинский университет непрерывного образования»
277	директор ТОО «Sadu»
278	руководитель Центрального аппарата ОО «Народная партия Казахстана»
279	руководитель филиала Республиканской палаты частных судебных исполнителей
280	управляющий партнер адвокатской конторы «QALQAN ADVISORS»
281	председатель Туркестанского областного филиала ОО «Народная партия Казахстана»
282	генеральный директор ТОО «Light Engineering»
283	председатель Актюбинского областного филиала ОО «Народная партия Казахстана»
284	заместитель председателя Комитета государственных услуг Министерства искусственного интеллекта и цифрового развития Республики Казахстан
285	тренер по правам лиц с инвалидностью в ОФ «Асыл Дария»
286	председатель Западно-Казахстанского областного филиала ОО «Народная партия Казахстана»
287	заместитель председателя ОО «Народная партия Казахстана», председатель Карагандинского областного филиала ОО «Народная партия Казахстана» и филиала ОО «Народная партия Казахстана» в области Ұлытау
288	генеральный директор ТОО «Nigin Industry»
289	заместитель председателя правления НПП РК «Атамекен»
290	коммерческий директор ТОО «Объединенная сырьевая компания»
291	актриса, продюсер
292	депутат VIII созыва Мажилиса Парламента Республики Казахстан, председатель ОО «Казахстанский отраслевой горно-металлургический профсоюз»
293	управляющий директор частной школы International Future School
294	руководитель организационного отдела Центрального аппарата ОО «Народная партия Казахстана»
295	директор ТОО «Camrades Group»
296	вице-президент по БИОТ ТОО «Холдинговая компания Базис»
297	генеральный директор ТОО «Kap Logistics»
298	нотариус города Алматы
299	советник директора «Государственный фонд развития молодежной политики города Алматы»
300	депутат VIII созыва Мажилиса Парламента Республики Казахстан, уполномоченный по правам социально уязвимых слоев населения при Президенте Республики Казахстан
301	генеральный директор Международной ассоциации «Глобальный шёлковый путь»
302	депутат VIII созыва Мажилиса Парламента Республики Казахстан, государственный и общественный деятель
303	государственный и общественный деятель, заместитель председателя Национальной комиссии по делам женщин и семейно-демографической политике при Президенте Республики Казахстан
304	депутат VIII созыва Мажилиса Парламента Республики Казахстан, руководитель молодежного крыла ОО «Народная партия Казахстана»
305	менеджер Центрального аппарата ОО «Народная партия Казахстана»
306	председатель Мангистауского областного филиала ОО «Народная партия Казахстана»
307	преподаватель в КазНПУ имени Абая
308	председатель Шымкентского городского филиала ОО «Народная партия Казахстана»
309	директор ТОО «NK-CARGO»
310	председатель ОО «Народная партия Казахстана»
311	руководитель управления тарифообразования и методологии оплаты медицинских услуг Министерства здравоохранения Республики Казахстан
312	председатель Западно-Казахстанского областного филиала «ОСДП»
313	Министерство юстиции Республики Казахстан, директор департамента по работе с персоналом
314	исполняющий обязанности председателя Актюбинского областного филиала «ОСДП»
315	руководитель женского крыла Акмолинского областного филиала «ОСДП»
316	журналист центрального аппарата «ОСДП»
317	председатель Карагандинского областного филиала «ОСДП»
318	руководитель женского крыла Столичного филиала «ОСДП»
319	руководитель молодежного крыла Жамбылского областного филиала «ОСДП»
320	специалист «ОСДП» по Алматинской области
321	председатель национальной ассоциации «AUTISM KAZAKHSTAN»
322	председатель Туркестанского областного филиала «ОСДП»
323	председатель Жамбылского областного филиала «ОСДП»
324	председатель Костанайского областного филиала «ОСДП»
325	председатель Павлодарского областного филиала «ОСДП»
326	исполнительный секретарь центрального аппарата «ОСДП»
327	председатель Акмолинского областного филиала «ОСДП»
328	председатель Восточно-Казахстанского областного филиала «ОСДП»
329	председатель Атырауского областного филиала «ОСДП»
330	аналитик Столичного филиала «ОСДП»
331	адвокат коллегии адвокатов Восточно-Казахстанской области, член президиума Республиканской коллегии адвокатов
332	руководитель партийного проекта PANA
333	председатель филиала области Жетысу «ОСДП»
334	исполняющий обязанности председателя Мангистауского областного филиала «ОСДП»
335	руководитель центрального аппарата «ОСДП», председатель молодежного крыла
336	председатель Алматинского областного филиала «ОСДП»
337	исполняющий обязанности председателя Шымкентского городского филиала «ОСДП»
338	председатель партии «ОСДП», Депутат Мажилиса Парламента VIII созыва
339	руководитель Женского крыла «ОСДП», Депутат Мажилиса Парламента VIII созыва
340	руководитель молодежного крыла «ОСДП», Депутат Мажилиса Парламента VIII созыва
341	заместитель председателя партии «ОСДП»
342	председатель филиала «ОСДП» области Абай
343	эксперт Столичного филиала «ОСДП» по жилищно-коммунальному хозяйству и объединению собственников имущества
344	исполнительный директор ТОО «Казахмыс Барлау»
345	президент Казахстанской ассоциации IT-компаний
346	заведующий Общим отделом Администрации Президента Республики Казахстан
347	президент Фонда Президентских инициатив «Dara»
348	депутат маслихата города Астаны
349	депутат Мажилиса Парламента РК VIII созыва, преподаватель МNU
350	экс-начальник управления прокуратуры по городу Астана
351	заместитель исполнительного директора Некоммерческая организация «Atomic Industry Development Association Non-profit Organisation»
352	заместитель управляющего Управления делами Президента Республики Казахстан
353	председатель маслихата Жамбылского района Алматинской области
354	председатель «Social Innovation Hub»
355	председатель РОО ПОФ «Казахстанский отраслевой профессиональный союз малого и среднего бизнеса»
356	независимый директор, член комитета АО «Самрук-Казына»
357	заместитель министра обороны Республики Казахстан
358	директор РГП «Национальный институт интеллектуальной собственности» Министерства юстиции Республики Казахстан
359	учредитель медицинского центра «Жан-Ер», доцент НАО «Медицинский университет Семей»
360	депутат Мажилиса Парламента Республики Казахстан VIII созыва
361	директор Института анализа и прогнозирования
362	журналист телеканала «Jibek Joly/Silk Way» РГП «Телерадиокомплекс Президента Республики Казахстан»
363	пресс-секретарь МОО «Жаңа адамдар»
364	директор МОО «Жаңа адамдар»
365	проректор института Алихана Бокейхана
366	председатель маслихата области Абай
367	директор ОЮЛ «Союз кризисных центров»
368	вице-министр искусственного интеллекта и цифрового развития Республики Казахстан
369	директор ТОО «Ер-Ару»
370	шеф-редактор Агентства «Хабар», телеканала «24KZ»
371	руководитель Управления образования Акмолинской области
372	генеральный директор АО «QARMET»
373	генеральный директор РГП «Национальный ядерный центр Республики Казахстан»
374	заместитель акима Актюбинской области
375	посол по особым поручениям Министерства иностранных дел Республики Казахстан
376	директор реабилитационного центра
377	председатель правления АО «Ульбинский металлургический завод»
378	депутат Сената Парламента Республики Казахстан
379	управляющий Международным финансовым центром «Астана»
380	заместитель акима города Шымкент
381	председатель филиала «Партия «Әділет» Акмолинской области
382	председатель ОФ «Экологический клуб «NECO»
383	директор ТОО «Зерде-Фарм»
384	чрезвычайный и полномочный посол Казахстана в Республике Северная Македония
385	ассоциированный профессор кафедры общего языкознания и литературы Кокшетауского университета им. Ш. Уалиханова, разработка курсов по лингвистике, билингвизму, мультилингвизму и языковой политике; руководство студенческими и магистерскими исследованиями
386	независимый директор совета директоров АО НК «КТЖ»
387	секретарь Актюбинского областного филиала «Партия «Әділет»
388	директор ГКП на ПХВ «Многопрофильная городская больница №3»
389	сооснователь аналитической платформы «Astana open dialogue»
390	директор филиала Академии государственного управления при Президенте Республики Казахстан по Алматинской области
391	председатель «Партии «Әділет»
392	председатель Совета директоров ТОО «AZALA Group» и АО «Жалтырбулак»
393	президент Международного фонда защиты свободы слова «Әділ сөз»
394	директор Талдыкорганской городской многопрофильной больницы
395	председатель Алматинского городского филиала Жастар Рухы
396	ректор Карагандинского национального исследовательского университета им. Е.А. Букетова
397	директор «Асыл – LTD»
398	аким Уйгурского района Алматинской области
399	директор ТОО «Азия Газкубыры»
400	директор полного товарищества «Абзал и К»
401	заведующий отделом правоохранительной системы Администрации Президента Республики Казахстан
402	советник акима Туркестанской области
403	заместитель председателя правления, член правления АО «Жасыл даму»
404	руководитель Управления по вопросам молодежной политики Карагандинской области
405	вице-министр энергетики Республики Казахстан
406	паралимпиец
407	вице-министр юстиции Республики Казахстан
408	директор ТОО «GR Kenes»
409	внештатный советник Председателя «Партии «Әділет» по предпринимательскому крылу
410	аким района Жетысу города Алматы
411	соучредитель Благотворительного фонда «Қасиетті жол»
412	директор КТ «Зенченко и компания»
413	генеральный директор ТОО «Alageum Electric»
414	председатель Молодежного крыла «Жастар Рухы»
415	директор РГП на ПХВ «Телерадиокомплекс Президента РК» Управления делами Президента Республики Казахстан
416	секретарь Жамбылского областного филиала «Партии «Әділет»
417	первый проректор Казахского Национального медицинского университета имени С.Д.Асфендиярова
418	председатель комиссии экономики и бюджета маслихата Павлодарской области
419	председатель правления-ректор НАО «Актюбинский региональный университет имени К.Жубанова»
420	председатель межотраслевого совета женского предпринимательства
421	первый заместитель руководителя Администрации Президента Республики Казахстан
422	внештатный советник Председателя «Партии «Әділет» по вопросам образования
423	внештатный советник Председателя «Партии «Әділет» по проектам
424	пенсионер
425	президент ОО «Международный фонд казахского языка»
426	генеральный директор ТОО «Retail Stores Kazakhstan», президент БОФ «Mobil Plus Komek»
427	директор средней школы № 7 города Аркалык
428	директор ОФ «Информационно-ресурсный центр»
429	вице-президент АО «Петро Казахстан Құмкөл»
430	заместитель директора «Қоғамдық келісім»
431	председатель правления группы компаний «Универсал»
432	директор «КБТО», руководитель филиала ТОО «Корпорация Казахмыс»
433	генеральный директор ТОО «Қазақ газеттері»
434	секретарь областного филиала «Партия «Әділет» области Ұлытау
435	руководитель Атырауского областного филиала МК «Жастар Рухы»
436	председатель Совета директоров АО «Группа компаний «Аллюр»
437	председатель Совета директоров АО «Алтын»
438	ведущий РГП на ПХВ «Телерадиокомплекс Президента Республики Казахстан Управления делами Президента Республики Казахстан»
439	менеджер ТОО «ДЦР Funny School»
440	секретарь Восточно-Казахстанского областного филиала партии «Әділет»
441	председатель правления АО «Казахтелеком»
442	председатель наблюдательного совета ТОО «Интегра Констракшн КЗ», президент Федерации бокса Казахстана, член Совета менеджеров ERG
443	учредитель ТОО «КазКонстракшн Групп»
444	аким Теректинского района Западно-Казахстанской области
445	заведующий сектором Канцелярии Президента Республики Казахстан
446	директор Палаты предпринимателей Акмолинской области
447	председатель республиканской палаты адвокатов
448	директор ТОО «Барыс 2007»
449	председатель маслихата города Шымкент
450	директор научно-исследовательского центра «Молодежь»
451	председатель наблюдательного совета ТОО «РСИТА АЗИЯ»
452	заместитель акима Восточно-Казахстанской области
453	директор ТОО «Salem Turkestan»
454	директор «ЭкоМангистау»
455	экс-руководитель Представительства Президента Республики Казахстан в Парламенте
456	советник акима Костанайской области
457	директор КГКП «Костанайский высший колледж автомобильного транспорта»
458	индивидуальный предприниматель «Парсегова А.Б.»
459	заместитель руководителя службы правового обеспечения «Партии «Әділет»
460	председатель ОО «Узбекский этнокультурный центр города Астаны»
461	директор колледжа Технологий
462	руководитель КГУ «Қоғамдық келісім» Управления общественного развития акимата Костанайской области
463	председатель маслихата района Магжана Жумабаева Северо-Казахстанской области
464	директор Общественного Фонда «Национальный фонд поддержки спорта «Дала Қырандары»
465	директор Института Сорбонна-Казахстан
466	заместитель секретаря Карагандинского областного филиала «Партия «Әділет»
467	председатель правления АО «Автобусный парк 1»
468	главный консультант Қазақстан Халық Кеңесі
469	управляющий директор АО «Национальные информационные технологии»
470	директор КГП на ПХВ «Атырауский областной онкологический диспансер»
471	директор PR департамента «Қазатомпром өнеркәсіп»
472	заместитель директора департамента «Қаражанбасмұнай»
473	индивидуальный предприниматель «Семидоцкая»
474	председатель ОО «Қазақ табиғат қорғау»
475	директор Литературно-мемориального музея им. Ф.М. Достоевского
476	региональный уполномоченный по правам ребенка в области Абай, руководитель ОЮЛ «Гражданский Альянс» области Абай
477	директор Общественного Фонда «Павлодарский штаб студенческих строительных и молодежных отрядов «Жасыл Ел»
478	ведущий инженер ТОО «Корпорация Казахмыс»
479	Министр образования и просвещения
480	председатель Общественного объединения «Ұлттық рух»
481	генеральный директор «ТОО ТРК «Тандым»
482	председатель Улытауского областного филиала МОО «Жастар Рухы»
483	заместитель акима Жамбылской области
484	генеральный директор Медиахолдинга Uni-Q Group
485	ректор META University
486	телеведущая РТРК «Qazaqstan»
487	аким Кегенского района области Жетісу
488	председатель маслихата Павлодарской области
489	учредитель ТОО «Жайык-Таза қала»
490	председатель маслихата области Жетісу
491	ведущий и продюсер интерактивного проекта АО РТРК «Qazaqstan», «Жедел желі»
492	директор ТОО «Муниципальное телевидение»
493	председатель Туркестанского областного филиала «Партия «Әділет»
494	главный специалист по внутреннему контролю Департамента риск-менеджмента ТОО «Корпорация Казахмыс»
495	заместитель председателя «Партия «Әділет»
496	секретарь Северо-Казахстанского областного филиала «Партия «Әділет»
497	заместитель акима Мангистауской области
498	заместитель директора РГП «Қоғамдык келісім», КМО МКИ РК
499	директор Института языкознания имени А.Байтурсынулы
500	генеральный директор ТОО «Сенчури Интегрейшн»
501	председатель маслихата Атырауский области
502	председатель постоянной комиссии Атырауского областного маслихата по вопросам экологии и природопользования
503	региональный руководитель по городу Кокшетау МОО «Дала Қырандары»
504	председатель правления Общественного фонда «Қазақстан халқына»
505	директор «ТАН ЛТД»
506	председатель постоянной комиссии по здравоохранению, образованию и занятости маслихата города Алматы
507	заместитель акима Кызылординской области
508	заместитель директора ОФ «Международный институт»
509	заместитель Генерального директора ТОО «АЛАСЕМ»
510	директор «Туркестан ет өнімдері»
