topic	unit_id	party_id	char_start	char_end	page	reason
T15	adilet-0842	adilet	95069	95246	44	Прямо: «противодействие семейному насилию»
T15	adilet-0866	adilet	97324	97438	45	ПОГРАНИЧНЫЙ. «Насилие» без уточнения, но в ряду с социальным сиротством — семейный контекст. Второй кодировщик мог бы отклонить
T15	adilet-1258	adilet	144171	144288	68	Прямо: «подразделения по защите женщин от насилия»
T15	auyl-0153	auyl	17897	18062		Прямо: «нулевая терпимость к насилию в семье»
T15	npk-0257	npk	27255	27318	27	Прямо: «кризисные центры для пострадавших от насилия»
T15	respublica-0218	respublica	23177	23462	13	Сталкинг, похищение с целью брака, причинение вреда женщинам — гендерное насилие названо через деяния, без слова «насилие». Приоритет T15 над T02 по §4
T15	respublica-0219	respublica	23463	23542	14	Прямо: «защита детей и семьи от бытового насилия и буллинга»
T16	adilet-1189	adilet	135684	135783	64	Прямо: ответственность за содержание животных и жестокое обращение
T16	respublica-0146	respublica	15470	15581	9	Прямо: «приюты для животных»
