party_id	list_order	candidate_name	birth_year	wiki_language	page_id	page_title	page_url	wikidata_id	verification_status	evidence	country_context	current_extract	verified_at
respublica	9	Аубакиров Нурлан Ерикбаевич	1975	ru	7338828	Аубакиров, Нурлан Ерикбаевич	https://ru.wikipedia.org/wiki/%D0%90%D1%83%D0%B1%D0%B0%D0%BA%D0%B8%D1%80%D0%BE%D0%B2,_%D0%9D%D1%83%D1%80%D0%BB%D0%B0%D0%BD_%D0%95%D1%80%D0%B8%D0%BA%D0%B1%D0%B0%D0%B5%D0%B2%D0%B8%D1%87	Q51667881	NEEDS_REVIEW	exact-current-title,birth-year-match,country-context:unknown	UNKNOWN	Нурла́н Ери́кбаевич Аубакиров (каз. Нұрлан Ерікбайұлы Әубәкіров; род. 29 декабря 1975, Караганда) — аким города Караганды с 2014 по 2020 гг.	2026-08-16T22:25:34Z
respublica	21	Габбасов Еркин Тлеугабылович	1983	ru	10740311	Габбасов, Еркин Тлеугабылович	https://ru.wikipedia.org/wiki/%D0%93%D0%B0%D0%B1%D0%B1%D0%B0%D1%81%D0%BE%D0%B2,_%D0%95%D1%80%D0%BA%D0%B8%D0%BD_%D0%A2%D0%BB%D0%B5%D1%83%D0%B3%D0%B0%D0%B1%D1%8B%D0%BB%D0%BE%D0%B2%D0%B8%D1%87	Q130210100	VERIFIED	exact-current-title,birth-year-match,country-context:kazakhstan	KAZAKHSTAN	Еркин Тлеугабылович Габбасов (каз. Еркін Тілеуғабылұлы Ғаббасов; род. 9 сентября 1983 года) — казахстанский спортсмен, стрелок-паралимпиец. Серебряный призёр летних Паралимпийских игр 2024 в Париже.	2026-08-16T22:25:35Z
respublica	21	Габбасов Еркин Тлеугабылович	1983	ru	5287495	Габбасов	https://ru.wikipedia.org/wiki/%D0%93%D0%B0%D0%B1%D0%B1%D0%B0%D1%81%D0%BE%D0%B2	Q30878181	NEEDS_REVIEW	birth-year-match,country-context:kazakhstan	KAZAKHSTAN	Габбасов — фамилия. Известные носители: Габбасов, Араб Махич (1903—2002) — советский и казахстанский растениевод. Габбасов, Еркин Тлеугабылович (род. 1983) — казахстанский спортсмен-стрелок, призёр Паралимпийских игр. Габбасов, Радек Фатыхович (1934—2020) — доктор технических наук (1989), профессор. Габбасов, Халел Ахметжанулы (1888—1931) — участник Алашского движения, заместитель председателя правительства Алашской автономии. Габбасов, Энгельс Габбасович (1937—2014) — казахский писатель, общественный деятель. Габбасова, Яна (род. 2003) — российская певица, победительница 9 сезона шоу «Голос».	2026-08-16T22:25:35Z
respublica	43	Куспеков Олжас Хайроллаевич	1986	ru	11332818	Куспеков, Олжас Хайроллаевич	https://ru.wikipedia.org/wiki/%D0%9A%D1%83%D1%81%D0%BF%D0%B5%D0%BA%D0%BE%D0%B2,_%D0%9E%D0%BB%D0%B6%D0%B0%D1%81_%D0%A5%D0%B0%D0%B9%D1%80%D0%BE%D0%BB%D0%BB%D0%B0%D0%B5%D0%B2%D0%B8%D1%87	Q131744492	VERIFIED	exact-current-title,birth-year-match,country-context:kazakhstan	KAZAKHSTAN	Олжас Хайроллаевич Куспеков (каз. Олжас Хайроллаұлы Құспеков; род. 7 января 1986, Карагандинская область) — казахстанский государственный деятель. Депутат Мажилиса Парламента Республики Казахстан VIII созыва от партии Respublica с 2023 до упразднения Парламента в 2026 году.	2026-08-16T22:25:36Z
respublica	54	Науатбек Ақмарал Маратқызы	1999	ru	10745766	Науатбек, Акмарал Мараткызы	https://ru.wikipedia.org/wiki/%D0%9D%D0%B0%D1%83%D0%B0%D1%82%D0%B1%D0%B5%D0%BA,_%D0%90%D0%BA%D0%BC%D0%B0%D1%80%D0%B0%D0%BB_%D0%9C%D0%B0%D1%80%D0%B0%D1%82%D0%BA%D1%8B%D0%B7%D1%8B	Q63243375	NEEDS_REVIEW	birth-year-match,country-context:kazakhstan	KAZAKHSTAN	Акмарал Мараткызы Науатбек (каз. Ақмарал Маратқызы Науатбек; род. 8 января 1999 года, Астана, Казахстан) — казахстанская парадзюдоистка. Чемпионка летних Паралимпийских игр 2024 года в Париже.	2026-08-16T22:25:37Z
respublica	55	Наумова Динара Рустамовна	1997	ru	10173797	Наумова, Динара Рустамовна	https://ru.wikipedia.org/wiki/%D0%9D%D0%B0%D1%83%D0%BC%D0%BE%D0%B2%D0%B0,_%D0%94%D0%B8%D0%BD%D0%B0%D1%80%D0%B0_%D0%A0%D1%83%D1%81%D1%82%D0%B0%D0%BC%D0%BE%D0%B2%D0%BD%D0%B0	Q120277635	VERIFIED	exact-current-title,birth-year-match,country-context:kazakhstan	KAZAKHSTAN	Динара Рустамовна Наумова (каз. Динара Рустамқызы Наумова; род. 8 сентября 1997, Акмола, Казахстан) — казахстанский общественный деятель. Депутат Мажилиса Парламента Казахстана VIII созыва (2023—2026).	2026-08-16T22:25:38Z
respublica	60	Смолякова Екатерина Сергеевна	1987	ru	11090989	Смолякова, Екатерина Сергеевна	https://ru.wikipedia.org/wiki/%D0%A1%D0%BC%D0%BE%D0%BB%D1%8F%D0%BA%D0%BE%D0%B2%D0%B0,_%D0%95%D0%BA%D0%B0%D1%82%D0%B5%D1%80%D0%B8%D0%BD%D0%B0_%D0%A1%D0%B5%D1%80%D0%B3%D0%B5%D0%B5%D0%B2%D0%BD%D0%B0	Q134725109	VERIFIED	exact-current-title,birth-year-match,country-context:kazakhstan	KAZAKHSTAN	Екатерина Сергеевна Смолякова (род. 2 августа 1987) — казахстанский политик. Депутат Мажилиса Парламента Казахстана VIII созыва (2025—2026).	2026-08-16T22:25:38Z
respublica	65	Сураган Дурвудхан	1988	ru	11199130	Сураган, Дурвудхан	https://ru.wikipedia.org/wiki/%D0%A1%D1%83%D1%80%D0%B0%D0%B3%D0%B0%D0%BD,_%D0%94%D1%83%D1%80%D0%B2%D1%83%D0%B4%D1%85%D0%B0%D0%BD	Q136816333	VERIFIED	exact-current-title,birth-year-match,country-context:kazakhstan	KAZAKHSTAN	Дурвудхан Сураган (каз. Дөрбетхан Сұраған; род. 25 апреля 1988, Баян-Улгий, Монголия) — казахстанский учёный-математик, профессор АОО «Назарбаев Университет», член-корреспондент (2017), академик (2024) Национальной академии наук Казахстана. Ведущий учёный-математик Казахстана. Один из наиболее высоко цитируемых за рубежом казахстанских учёных, общее количество цитирований 1 107 (индекс Хирша — 20) согласно базе данных Scopus. Самый молодой академик в истории НАН РК. Лауреат Государственной премии Республики Казахстана в области науки и техники имени аль-Фараби (2020). Лауреат премии Феррана Суньер-и-Балагера (2018).	2026-08-16T22:25:39Z
respublica	66	Тау Нургул	1973	ru	11251034	Тау, Нургул	https://ru.wikipedia.org/wiki/%D0%A2%D0%B0%D1%83,_%D0%9D%D1%83%D1%80%D0%B3%D1%83%D0%BB	Q136816823	VERIFIED	exact-current-title,birth-year-match,country-context:kazakhstan	KAZAKHSTAN	Нургу́л Та́у (в точной транслитерации Нургу́ль Та́у; род. 3 января 1973, Баян-Ульгий, Монголия) — казахстанский государственный деятель, политик и педагог. Депутат Мажилиса Казахстана с 2023 до упразднения Мажилиса в 2026 году.	2026-08-16T22:25:40Z
respublica	75	Ходжаназаров Айдарбек Асанович	1983	ru	10702934	Ходжаназаров, Айдарбек Асанович	https://ru.wikipedia.org/wiki/%D0%A5%D0%BE%D0%B4%D0%B6%D0%B0%D0%BD%D0%B0%D0%B7%D0%B0%D1%80%D0%BE%D0%B2,_%D0%90%D0%B9%D0%B4%D0%B0%D1%80%D0%B1%D0%B5%D0%BA_%D0%90%D1%81%D0%B0%D0%BD%D0%BE%D0%B2%D0%B8%D1%87	Q97210689	VERIFIED	exact-current-title,birth-year-match,country-context:kazakhstan	KAZAKHSTAN	Айдарбек Асанулы Кожаназаров (каз. Айдарбек Асанұлы Қожаназаров; род. 26 ноября 1983, Кзыл-Ординская область или Кзыл-Орда, Казахская ССР, СССР) — казахский бизнесмен и политик. Депутат Мажилиса Парламента Казахстана VIII созыва с 2023 до упразднения Парламента в 2026 году.	2026-08-16T22:25:40Z
ak_zhol	5	Барлыбаев Ерлан Хайланович	1967	ru	11310703	Барлыбаев, Ерлан Хайланович	https://ru.wikipedia.org/wiki/%D0%91%D0%B0%D1%80%D0%BB%D1%8B%D0%B1%D0%B0%D0%B5%D0%B2,_%D0%95%D1%80%D0%BB%D0%B0%D0%BD_%D0%A5%D0%B0%D0%B9%D0%BB%D0%B0%D0%BD%D0%BE%D0%B2%D0%B8%D1%87	Q136914094	NEEDS_REVIEW	fetch-error:HTTPError	UNKNOWN		2026-08-16T22:25:41Z
ak_zhol	5	Барлыбаев Ерлан Хайланович	1967	ru	1307074	Барлыбаев	https://ru.wikipedia.org/wiki/%D0%91%D0%B0%D1%80%D0%BB%D1%8B%D0%B1%D0%B0%D0%B5%D0%B2	Q85858275	NEEDS_REVIEW	fetch-error:HTTPError	UNKNOWN		2026-08-16T22:25:42Z
ak_zhol	6	Бейсенбаев Ержан Алмабекович	1990	ru	11226227	Бейсенбаев, Ержан Алмабекович	https://ru.wikipedia.org/wiki/%D0%91%D0%B5%D0%B9%D1%81%D0%B5%D0%BD%D0%B1%D0%B0%D0%B5%D0%B2,_%D0%95%D1%80%D0%B6%D0%B0%D0%BD_%D0%90%D0%BB%D0%BC%D0%B0%D0%B1%D0%B5%D0%BA%D0%BE%D0%B2%D0%B8%D1%87	Q136302810	NEEDS_REVIEW	fetch-error:HTTPError	UNKNOWN		2026-08-16T22:25:42Z
ak_zhol	11	Дюсембинов Берик Салимжанович	1971	ru	11329078	Дюсембинов, Берик Салимжанович	https://ru.wikipedia.org/wiki/%D0%94%D1%8E%D1%81%D0%B5%D0%BC%D0%B1%D0%B8%D0%BD%D0%BE%D0%B2,_%D0%91%D0%B5%D1%80%D0%B8%D0%BA_%D0%A1%D0%B0%D0%BB%D0%B8%D0%BC%D0%B6%D0%B0%D0%BD%D0%BE%D0%B2%D0%B8%D1%87	Q137301422	NEEDS_REVIEW	fetch-error:HTTPError	UNKNOWN		2026-08-16T22:25:43Z
ak_zhol	11	Дюсембинов Берик Салимжанович	1971	ru	11329484	Дюсембинов	https://ru.wikipedia.org/wiki/%D0%94%D1%8E%D1%81%D0%B5%D0%BC%D0%B1%D0%B8%D0%BD%D0%BE%D0%B2	Q138440101	NEEDS_REVIEW	fetch-error:HTTPError	UNKNOWN		2026-08-16T22:25:44Z
ak_zhol	14	Ерубаев Серик Сарсенович	1968	ru	11351842	Ерубаев, Серик Сарсенович	https://ru.wikipedia.org/wiki/%D0%95%D1%80%D1%83%D0%B1%D0%B0%D0%B5%D0%B2,_%D0%A1%D0%B5%D1%80%D0%B8%D0%BA_%D0%A1%D0%B0%D1%80%D1%81%D0%B5%D0%BD%D0%BE%D0%B2%D0%B8%D1%87	Q137665715	NEEDS_REVIEW	fetch-error:HTTPError	UNKNOWN		2026-08-16T22:25:45Z
ak_zhol	14	Ерубаев Серик Сарсенович	1968	ru	11327658	Ерубаев	https://ru.wikipedia.org/wiki/%D0%95%D1%80%D1%83%D0%B1%D0%B0%D0%B5%D0%B2		NEEDS_REVIEW	fetch-error:HTTPError	UNKNOWN		2026-08-16T22:25:45Z
ak_zhol	15	Еспаева Дания Мадиевна	1961	ru	7866540	Еспаева, Дания Мадиевна	https://ru.wikipedia.org/wiki/%D0%95%D1%81%D0%BF%D0%B0%D0%B5%D0%B2%D0%B0,_%D0%94%D0%B0%D0%BD%D0%B8%D1%8F_%D0%9C%D0%B0%D0%B4%D0%B8%D0%B5%D0%B2%D0%BD%D0%B0	Q64494872	NEEDS_REVIEW	fetch-error:HTTPError	UNKNOWN		2026-08-16T22:25:46Z
ak_zhol	21	Иса Қазыбек Жарылқасынұлы	1962	ru	8658945	Иса, Казыбек Жарылкасынулы	https://ru.wikipedia.org/wiki/%D0%98%D1%81%D0%B0,_%D0%9A%D0%B0%D0%B7%D1%8B%D0%B1%D0%B5%D0%BA_%D0%96%D0%B0%D1%80%D1%8B%D0%BB%D0%BA%D0%B0%D1%81%D1%8B%D0%BD%D1%83%D0%BB%D1%8B	Q12573678	NEEDS_REVIEW	fetch-error:HTTPError	UNKNOWN		2026-08-16T22:25:47Z
ak_zhol	21	Иса Қазыбек Жарылқасынұлы	1962	kk	55092	Қазыбек Жарылқасынұлы Иса	https://kk.wikipedia.org/wiki/%D2%9A%D0%B0%D0%B7%D1%8B%D0%B1%D0%B5%D0%BA_%D0%96%D0%B0%D1%80%D1%8B%D0%BB%D2%9B%D0%B0%D1%81%D1%8B%D0%BD%D2%B1%D0%BB%D1%8B_%D0%98%D1%81%D0%B0	Q12573678	NEEDS_REVIEW	fetch-error:HTTPError	UNKNOWN		2026-08-16T22:25:47Z
ak_zhol	31	Ли Юрий Виссарионович	1977	ru	9229210	Ли, Юрий Виссарионович	https://ru.wikipedia.org/wiki/%D0%9B%D0%B8,_%D0%AE%D1%80%D0%B8%D0%B9_%D0%92%D0%B8%D1%81%D1%81%D0%B0%D1%80%D0%B8%D0%BE%D0%BD%D0%BE%D0%B2%D0%B8%D1%87	Q112991645	NEEDS_REVIEW	fetch-error:HTTPError	UNKNOWN		2026-08-16T22:25:48Z
ak_zhol	31	Ли Юрий Виссарионович	1977	ru	3010	Сталин, Иосиф Виссарионович	https://ru.wikipedia.org/wiki/%D0%A1%D1%82%D0%B0%D0%BB%D0%B8%D0%BD,_%D0%98%D0%BE%D1%81%D0%B8%D1%84_%D0%92%D0%B8%D1%81%D1%81%D0%B0%D1%80%D0%B8%D0%BE%D0%BD%D0%BE%D0%B2%D0%B8%D1%87	Q855	NEEDS_REVIEW	fetch-error:HTTPError	UNKNOWN		2026-08-16T22:25:49Z
ak_zhol	32	Линник Андрей Григорьевич	1974	ru	9867294	Линник, Андрей Григорьевич	https://ru.wikipedia.org/wiki/%D0%9B%D0%B8%D0%BD%D0%BD%D0%B8%D0%BA,_%D0%90%D0%BD%D0%B4%D1%80%D0%B5%D0%B9_%D0%93%D1%80%D0%B8%D0%B3%D0%BE%D1%80%D1%8C%D0%B5%D0%B2%D0%B8%D1%87	Q115000973	NEEDS_REVIEW	fetch-error:HTTPError	UNKNOWN		2026-08-16T22:25:49Z
ak_zhol	40	Нуралдинов Олжас Ельтайулы	1989	ru	11294539	Нуралдинов, Олжас Ельтайулы	https://ru.wikipedia.org/wiki/%D0%9D%D1%83%D1%80%D0%B0%D0%BB%D0%B4%D0%B8%D0%BD%D0%BE%D0%B2,_%D0%9E%D0%BB%D0%B6%D0%B0%D1%81_%D0%95%D0%BB%D1%8C%D1%82%D0%B0%D0%B9%D1%83%D0%BB%D1%8B	Q136817328	NEEDS_REVIEW	fetch-error:HTTPError	UNKNOWN		2026-08-16T22:25:50Z
ak_zhol	42	Перуашев Азат Турлыбекулы	1967	ru	3884228	Перуашев, Азат Турлыбекулы	https://ru.wikipedia.org/wiki/%D0%9F%D0%B5%D1%80%D1%83%D0%B0%D1%88%D0%B5%D0%B2,_%D0%90%D0%B7%D0%B0%D1%82_%D0%A2%D1%83%D1%80%D0%BB%D1%8B%D0%B1%D0%B5%D0%BA%D1%83%D0%BB%D1%8B	Q17489784	NEEDS_REVIEW	fetch-error:HTTPError	UNKNOWN		2026-08-16T22:25:51Z
ak_zhol	52	Тастекей Дулат Тұрсынұлы	1982	kk	635711	Дулат Тұрсынұлы Тастекей	https://kk.wikipedia.org/wiki/%D0%94%D1%83%D0%BB%D0%B0%D1%82_%D0%A2%D2%B1%D1%80%D1%81%D1%8B%D0%BD%D2%B1%D0%BB%D1%8B_%D0%A2%D0%B0%D1%81%D1%82%D0%B5%D0%BA%D0%B5%D0%B9	Q97211898	NEEDS_REVIEW	fetch-error:HTTPError	UNKNOWN		2026-08-16T22:25:51Z
auyl	1	Абден Қарақат Жақсылыққызы	1974	ru	9972927	Абден, Каракат Жаксылыккызы	https://ru.wikipedia.org/wiki/%D0%90%D0%B1%D0%B4%D0%B5%D0%BD,_%D0%9A%D0%B0%D1%80%D0%B0%D0%BA%D0%B0%D1%82_%D0%96%D0%B0%D0%BA%D1%81%D1%8B%D0%BB%D1%8B%D0%BA%D0%BA%D1%8B%D0%B7%D1%8B	Q114900150	NEEDS_REVIEW	fetch-error:HTTPError	UNKNOWN		2026-08-16T22:25:52Z
auyl	7	Айтуганов Кайрат Капарович	1962	ru	11534119	Айтуганов, Кайрат Капарович	https://ru.wikipedia.org/wiki/%D0%90%D0%B9%D1%82%D1%83%D0%B3%D0%B0%D0%BD%D0%BE%D0%B2,_%D0%9A%D0%B0%D0%B9%D1%80%D0%B0%D1%82_%D0%9A%D0%B0%D0%BF%D0%B0%D1%80%D0%BE%D0%B2%D0%B8%D1%87	Q140345417	NEEDS_REVIEW	fetch-error:HTTPError	UNKNOWN		2026-08-16T22:25:53Z
auyl	11	Арсютин Николай Геннадьевич	1970	ru	11304699	Арсютин, Николай Геннадьевич	https://ru.wikipedia.org/wiki/%D0%90%D1%80%D1%81%D1%8E%D1%82%D0%B8%D0%BD,_%D0%9D%D0%B8%D0%BA%D0%BE%D0%BB%D0%B0%D0%B9_%D0%93%D0%B5%D0%BD%D0%BD%D0%B0%D0%B4%D1%8C%D0%B5%D0%B2%D0%B8%D1%87	Q136817499	NEEDS_REVIEW	fetch-error:HTTPError	UNKNOWN		2026-08-16T22:25:54Z
auyl	23	Дайрабаев Жигули Молдакалыкович	1954	ru	9903194	Дайрабаев, Жигули Молдакалыкович	https://ru.wikipedia.org/wiki/%D0%94%D0%B0%D0%B9%D1%80%D0%B0%D0%B1%D0%B0%D0%B5%D0%B2,_%D0%96%D0%B8%D0%B3%D1%83%D0%BB%D0%B8_%D0%9C%D0%BE%D0%BB%D0%B4%D0%B0%D0%BA%D0%B0%D0%BB%D1%8B%D0%BA%D0%BE%D0%B2%D0%B8%D1%87	Q114347425	NEEDS_REVIEW	fetch-error:HTTPError	UNKNOWN		2026-08-16T22:25:54Z
auyl	23	Дайрабаев Жигули Молдакалыкович	1954	ru	4411148	Дайрабаев	https://ru.wikipedia.org/wiki/%D0%94%D0%B0%D0%B9%D1%80%D0%B0%D0%B1%D0%B0%D0%B5%D0%B2		NEEDS_REVIEW	fetch-error:HTTPError	UNKNOWN		2026-08-16T22:25:55Z
auyl	23	Дайрабаев Жигули Молдакалыкович	1954	kk	688750	Жигули Молдақалықұлы Дайрабаев	https://kk.wikipedia.org/wiki/%D0%96%D0%B8%D0%B3%D1%83%D0%BB%D0%B8_%D0%9C%D0%BE%D0%BB%D0%B4%D0%B0%D2%9B%D0%B0%D0%BB%D1%8B%D2%9B%D2%B1%D0%BB%D1%8B_%D0%94%D0%B0%D0%B9%D1%80%D0%B0%D0%B1%D0%B0%D0%B5%D0%B2	Q114347425	NEEDS_REVIEW	fetch-error:HTTPError	UNKNOWN		2026-08-16T22:25:56Z
auyl	28	Егізбаев Серік Рахметоллаұлы	1963	kk	754074	Серік Рахметоллаұлы Егізбаев	https://kk.wikipedia.org/wiki/%D0%A1%D0%B5%D1%80%D1%96%D0%BA_%D0%A0%D0%B0%D1%85%D0%BC%D0%B5%D1%82%D0%BE%D0%BB%D0%BB%D0%B0%D2%B1%D0%BB%D1%8B_%D0%95%D0%B3%D1%96%D0%B7%D0%B1%D0%B0%D0%B5%D0%B2	Q132775605	NEEDS_REVIEW	fetch-error:HTTPError	UNKNOWN		2026-08-16T22:25:56Z
auyl	59	Саурыков Ерболат Байузакович	1971	ru	10991399	Саурыков, Ерболат Байузакович	https://ru.wikipedia.org/wiki/%D0%A1%D0%B0%D1%83%D1%80%D1%8B%D0%BA%D0%BE%D0%B2,_%D0%95%D1%80%D0%B1%D0%BE%D0%BB%D0%B0%D1%82_%D0%91%D0%B0%D0%B9%D1%83%D0%B7%D0%B0%D0%BA%D0%BE%D0%B2%D0%B8%D1%87	Q133797887	NEEDS_REVIEW	fetch-error:HTTPError	UNKNOWN		2026-08-16T22:25:57Z
auyl	65	Траисова Эльмара Аскаровна	1967	ru	10959270	Траисова, Эльмара Аскаровна	https://ru.wikipedia.org/wiki/%D0%A2%D1%80%D0%B0%D0%B8%D1%81%D0%BE%D0%B2%D0%B0,_%D0%AD%D0%BB%D1%8C%D0%BC%D0%B0%D1%80%D0%B0_%D0%90%D1%81%D0%BA%D0%B0%D1%80%D0%BE%D0%B2%D0%BD%D0%B0	Q133797580	NEEDS_REVIEW	fetch-error:HTTPError	UNKNOWN		2026-08-16T22:25:58Z
npk	61	Сейтжан Кенжеғұл Социалұлы	1982	ru	10290432	Сейтжан, Кенжегул Социалулы	https://ru.wikipedia.org/wiki/%D0%A1%D0%B5%D0%B9%D1%82%D0%B6%D0%B0%D0%BD,_%D0%9A%D0%B5%D0%BD%D0%B6%D0%B5%D0%B3%D1%83%D0%BB_%D0%A1%D0%BE%D1%86%D0%B8%D0%B0%D0%BB%D1%83%D0%BB%D1%8B	Q124769456	NEEDS_REVIEW	fetch-error:HTTPError	UNKNOWN		2026-08-16T22:25:59Z
npk	61	Сейтжан Кенжеғұл Социалұлы	1982	kk	740263	Кенжеғұл Социалұлы Сейтжан	https://kk.wikipedia.org/wiki/%D0%9A%D0%B5%D0%BD%D0%B6%D0%B5%D2%93%D2%B1%D0%BB_%D0%A1%D0%BE%D1%86%D0%B8%D0%B0%D0%BB%D2%B1%D0%BB%D1%8B_%D0%A1%D0%B5%D0%B9%D1%82%D0%B6%D0%B0%D0%BD	Q124769456	NEEDS_REVIEW	country-context:kazakhstan	KAZAKHSTAN	Кенжеғұл Социалұлы Сейтжан (29 шілде 1982, Амангелді ауылы, Амангелді ауданы, Қостанай облысы, Қазақ КСР) — қазақстандық қоғам қайраткер, паралимпиадалық спортшы, Қазақстан Парламенті Мәжілісінің VIII сайланым депутаты (2023 жылдан бастап).	2026-08-16T22:25:59Z
npk	63	Смирнова Ирина Владимировна	1960	ru	8291406	Смирнова, Ирина Владимировна	https://ru.wikipedia.org/wiki/%D0%A1%D0%BC%D0%B8%D1%80%D0%BD%D0%BE%D0%B2%D0%B0,_%D0%98%D1%80%D0%B8%D0%BD%D0%B0_%D0%92%D0%BB%D0%B0%D0%B4%D0%B8%D0%BC%D0%B8%D1%80%D0%BE%D0%B2%D0%BD%D0%B0	Q97316001	VERIFIED	exact-current-title,birth-year-match,country-context:kazakhstan	KAZAKHSTAN	Смирнова, Ирина Владимировна: Смирнова, Ирина Владимировна (род. 1960) — депутат Мажилиса Парламента Казахстана VI созыва. Смирнова, Ирина Владимировна (род. 1981) — российская волейболистка сидя.	2026-08-16T22:26:00Z
npk	63	Смирнова Ирина Владимировна	1960	ru	8426792	Смирнова, Ирина Владимировна (политик)	https://ru.wikipedia.org/wiki/%D0%A1%D0%BC%D0%B8%D1%80%D0%BD%D0%BE%D0%B2%D0%B0,_%D0%98%D1%80%D0%B8%D0%BD%D0%B0_%D0%92%D0%BB%D0%B0%D0%B4%D0%B8%D0%BC%D0%B8%D1%80%D0%BE%D0%B2%D0%BD%D0%B0_(%D0%BF%D0%BE%D0%BB%D0%B8%D1%82%D0%B8%D0%BA)	Q97591795	NEEDS_REVIEW	birth-year-match,country-context:kazakhstan	KAZAKHSTAN	Ирина Владимировна Смирнова (род. 21 июля 1960 года, Иссык-Кульская область, Киргизская ССР) — казахстанский политический деятель, депутат мажилиса парламента Казахстана VI—VIII созывов (2016—2026). Заслуженный учитель Казахстана (2026).	2026-08-16T22:26:01Z
npk	63	Смирнова Ирина Владимировна	1960	kk	746472	Ирина Владимировна Смирнова	https://kk.wikipedia.org/wiki/%D0%98%D1%80%D0%B8%D0%BD%D0%B0_%D0%92%D0%BB%D0%B0%D0%B4%D0%B8%D0%BC%D0%B8%D1%80%D0%BE%D0%B2%D0%BD%D0%B0_%D0%A1%D0%BC%D0%B8%D1%80%D0%BD%D0%BE%D0%B2%D0%B0	Q97591795	NEEDS_REVIEW	country-context:kazakhstan	KAZAKHSTAN	Ирина Владимировна Смирнова (21 шілде 1960 ,Ыстықкөл облысы, Қырғыз КСР) — қазақстандық мемлекеттік қайраткер, мәжілісмен (2016-).	2026-08-16T22:26:02Z
npk	64	Сүлеймен Ләззат Жаңылысқызы	1961	kk	117109	Ләззат Жаңылысқызы Сүлеймен	https://kk.wikipedia.org/wiki/%D0%9B%D3%99%D0%B7%D0%B7%D0%B0%D1%82_%D0%96%D0%B0%D2%A3%D1%8B%D0%BB%D1%8B%D1%81%D2%9B%D1%8B%D0%B7%D1%8B_%D0%A1%D2%AF%D0%BB%D0%B5%D0%B9%D0%BC%D0%B5%D0%BD	Q12552161	NEEDS_REVIEW	country-context:kazakhstan	KAZAKHSTAN	Ләззат Жаңылысқызы Сүлеймен. 1961 жылы 10 ақпанда Талдықорған облысы Ақсу ауданы Жансүгіров ауылында туған. Қазақ. Әкесі - Сүлейменов Жаңылыс Қожаханұлы, бөлімше меңгерушісі болған. Анасы - Жексембекова Тұрарбану, жұмысшы болған. Абай атындағы Қазақ педагогикалық институтының математика факультетін (1983) математика пәнінің мұғалімі мамандығы бойынша; Ресей мемлекеттік әлеуметтік институтының экономика факультетін (Мәскеу қаласы, 1992) экономист-менеджер мамандығы бойынша бітірген. Қазақ және орыс тілдерін біледі. 1977-1979 жылдары - Талдықорған облысы Ақсу ауданы ҚҒЗИЗ-ы Ақсу Тәжірибе жасау шаруашылығының жұмысшысы. 1983 жылдан -Талдықорған облысы Ақсу ауданы Жансүгіров кентінде Чапаев атындағы орта мектепте математика пәнінің мұғалімі, директордың орынбасары. 1986-1990 жылдары - Талдықорған облысы Қазақстан ЛКЖО Ақсу аудандық комитетінің бірінші хатшысы. 1992 жылдан - Талдықорған облыстық Жастар ісі комитетінің төрағасы, Талдықорған облыстық Жастар ісі, туризм және спорт басқармасының...	2026-08-16T22:26:02Z
npk	71	Шоканов Нурсултан Нурланович	1986	ru	11513606	Шоканов, Нурсултан Нурланович	https://ru.wikipedia.org/wiki/%D0%A8%D0%BE%D0%BA%D0%B0%D0%BD%D0%BE%D0%B2,_%D0%9D%D1%83%D1%80%D1%81%D1%83%D0%BB%D1%82%D0%B0%D0%BD_%D0%9D%D1%83%D1%80%D0%BB%D0%B0%D0%BD%D0%BE%D0%B2%D0%B8%D1%87	Q140367191	VERIFIED	exact-current-title,birth-year-match,country-context:kazakhstan	KAZAKHSTAN	Нурсулта́н Нурла́нович Шока́нов (каз. Нұрсұлтан Нұрланұлы Шоқанов; род. 20 января 1986, Алматы, Казахская ССР, СССР) — казахстанский общественный деятель и предприниматель. Председатель Народной партии Казахстана с 2026 года. Депутат Маслихата Алматы с 2021 по 2025 годы.	2026-08-16T22:26:03Z
osdp	8	Ауесбаев Нурлан Сатыбалдиевич	1957	ru	9915948	Ауесбаев, Нурлан Сатыбалдиевич	https://ru.wikipedia.org/wiki/%D0%90%D1%83%D0%B5%D1%81%D0%B1%D0%B0%D0%B5%D0%B2,_%D0%9D%D1%83%D1%80%D0%BB%D0%B0%D0%BD_%D0%A1%D0%B0%D1%82%D1%8B%D0%B1%D0%B0%D0%BB%D0%B4%D0%B8%D0%B5%D0%B2%D0%B8%D1%87	Q114569007	VERIFIED	exact-current-title,birth-year-match,country-context:kazakhstan	KAZAKHSTAN	Нурлан Сатыбалдиевич Ауесбаев (каз. Нұрлан Сатыбалдыұлы Әуесбаев; род. 17 мая 1957, Алгабас, Чаяновский район, Южно-Казахстанская область) — казахстанский политический деятель. Депутат Мажилиса парламента Казахстана VIII созыва от Общенациональной социал-демократической партии с 2023 до упразднения Парламента в 2026 году. Кандидат в президенты Казахстана на выборах 2022 года от ОСДП.	2026-08-16T22:26:04Z
osdp	28	Рахимжанов Асхат Нурмагамбетович	1983	ru	11297583	Рахимжанов, Асхат Нурмагамбетович	https://ru.wikipedia.org/wiki/%D0%A0%D0%B0%D1%85%D0%B8%D0%BC%D0%B6%D0%B0%D0%BD%D0%BE%D0%B2,_%D0%90%D1%81%D1%85%D0%B0%D1%82_%D0%9D%D1%83%D1%80%D0%BC%D0%B0%D0%B3%D0%B0%D0%BC%D0%B1%D0%B5%D1%82%D0%BE%D0%B2%D0%B8%D1%87	Q100429767	VERIFIED	exact-current-title,birth-year-match,country-context:kazakhstan	KAZAKHSTAN	Асхат Нурмагамбетович Рахимжанов (каз. Асхат Нұрмағамбетұлы Рақымжанов, род. 10 июня 1983) — казахстанский государственный деятель, депутат, член Комитета по международным делам, обороне и безопасности Мажилиса Парламента Республики Казахстан VIII созыва с 2023 до до упразднения Парламента в 2026 году. Председатель Общенациональной социал-демократической партии.	2026-08-16T22:26:05Z
osdp	29	Сагандыкова Ажар Бахитовна	1971	ru	11334351	Сагандыкова, Ажар Бахитовна	https://ru.wikipedia.org/wiki/%D0%A1%D0%B0%D0%B3%D0%B0%D0%BD%D0%B4%D1%8B%D0%BA%D0%BE%D0%B2%D0%B0,_%D0%90%D0%B6%D0%B0%D1%80_%D0%91%D0%B0%D1%85%D0%B8%D1%82%D0%BE%D0%B2%D0%BD%D0%B0	Q137383873	VERIFIED	exact-current-title,birth-year-match,country-context:kazakhstan	KAZAKHSTAN	Ажар Бахитовна Сагандыкова (каз. Ажар Бақытқызы Сағандықова; род. 16 августа 1971, Павлодар) — казахстанский государственный деятель. Депутат Мажилиса Парламента Республики Казахстан VIII созыва от «Общенациональной социал-демократической партии» с 2023 до упразднения Парламента в 2026 году.	2026-08-16T22:26:05Z
osdp	30	Сайлаубай Наурыз Саятұлы	1994	ru	11356624	Сайлаубай, Наурыз Саятулы	https://ru.wikipedia.org/wiki/%D0%A1%D0%B0%D0%B9%D0%BB%D0%B0%D1%83%D0%B1%D0%B0%D0%B9,_%D0%9D%D0%B0%D1%83%D1%80%D1%8B%D0%B7_%D0%A1%D0%B0%D1%8F%D1%82%D1%83%D0%BB%D1%8B	Q138609495	NEEDS_REVIEW	birth-year-match,country-context:kazakhstan	KAZAKHSTAN	Науры́з Сая́тович Сайлауба́й (каз. Наурыз Саятұлы Сайлаубай; род. 4 марта 1994, село Кокжайдак, Аксуский район, Алматинская область, Казахстан) — казахстанский общественный деятель. Депутат Мажилиса Парламента Казахстана с 2023 до упразднения Парламента в 2026 году.	2026-08-16T22:26:06Z
adilet	2	Абенов Мурат Абдуламитович	1965	ru	3894723	Абенов, Мурат Абдуламитович	https://ru.wikipedia.org/wiki/%D0%90%D0%B1%D0%B5%D0%BD%D0%BE%D0%B2,_%D0%9C%D1%83%D1%80%D0%B0%D1%82_%D0%90%D0%B1%D0%B4%D1%83%D0%BB%D0%B0%D0%BC%D0%B8%D1%82%D0%BE%D0%B2%D0%B8%D1%87	Q4054687	NEEDS_REVIEW	fetch-error:HTTPError	UNKNOWN		2026-08-16T22:26:07Z
adilet	2	Абенов Мурат Абдуламитович	1965	ru	3894794	Абенов	https://ru.wikipedia.org/wiki/%D0%90%D0%B1%D0%B5%D0%BD%D0%BE%D0%B2	Q18510535	NEEDS_REVIEW	fetch-error:HTTPError	UNKNOWN		2026-08-16T22:26:08Z
adilet	4	Авершин Константин Викторович	1976	ru	9270016	Авершин, Константин Викторович	https://ru.wikipedia.org/wiki/%D0%90%D0%B2%D0%B5%D1%80%D1%88%D0%B8%D0%BD,_%D0%9A%D0%BE%D0%BD%D1%81%D1%82%D0%B0%D0%BD%D1%82%D0%B8%D0%BD_%D0%92%D0%B8%D0%BA%D1%82%D0%BE%D1%80%D0%BE%D0%B2%D0%B8%D1%87	Q112991657	NEEDS_REVIEW	fetch-error:HTTPError	UNKNOWN		2026-08-16T22:26:08Z
adilet	4	Авершин Константин Викторович	1976	kk	709022	Константин Викторович Авершин	https://kk.wikipedia.org/wiki/%D0%9A%D0%BE%D0%BD%D1%81%D1%82%D0%B0%D0%BD%D1%82%D0%B8%D0%BD_%D0%92%D0%B8%D0%BA%D1%82%D0%BE%D1%80%D0%BE%D0%B2%D0%B8%D1%87_%D0%90%D0%B2%D0%B5%D1%80%D1%88%D0%B8%D0%BD	Q112991657	NEEDS_REVIEW	fetch-error:HTTPError	UNKNOWN		2026-08-16T22:26:09Z
adilet	8	Адамбеков Тилектес Серикбайулы	1989	ru	8679781	Адамбеков, Тилектес Серикбайулы	https://ru.wikipedia.org/wiki/%D0%90%D0%B4%D0%B0%D0%BC%D0%B1%D0%B5%D0%BA%D0%BE%D0%B2,_%D0%A2%D0%B8%D0%BB%D0%B5%D0%BA%D1%82%D0%B5%D1%81_%D0%A1%D0%B5%D1%80%D0%B8%D0%BA%D0%B1%D0%B0%D0%B9%D1%83%D0%BB%D1%8B	Q105692468	NEEDS_REVIEW	fetch-error:HTTPError	UNKNOWN		2026-08-16T22:26:10Z
adilet	9	Аймагамбетов Асхат Канатович	1982	ru	7923633	Аймагамбетов, Асхат Канатович	https://ru.wikipedia.org/wiki/%D0%90%D0%B9%D0%BC%D0%B0%D0%B3%D0%B0%D0%BC%D0%B1%D0%B5%D1%82%D0%BE%D0%B2,_%D0%90%D1%81%D1%85%D0%B0%D1%82_%D0%9A%D0%B0%D0%BD%D0%B0%D1%82%D0%BE%D0%B2%D0%B8%D1%87	Q65129668	NEEDS_REVIEW	fetch-error:HTTPError	UNKNOWN		2026-08-16T22:26:10Z
adilet	9	Аймагамбетов Асхат Канатович	1982	ru	7918762	Аймагамбетов	https://ru.wikipedia.org/wiki/%D0%90%D0%B9%D0%BC%D0%B0%D0%B3%D0%B0%D0%BC%D0%B1%D0%B5%D1%82%D0%BE%D0%B2	Q65130550	NEEDS_REVIEW	fetch-error:HTTPError	UNKNOWN		2026-08-16T22:26:11Z
adilet	12	Алтай Абай	1991	ru	7833458	Абай (Республика Алтай)	https://ru.wikipedia.org/wiki/%D0%90%D0%B1%D0%B0%D0%B9_(%D0%A0%D0%B5%D1%81%D0%BF%D1%83%D0%B1%D0%BB%D0%B8%D0%BA%D0%B0_%D0%90%D0%BB%D1%82%D0%B0%D0%B9)	Q18364314	NEEDS_REVIEW	fetch-error:HTTPError	UNKNOWN		2026-08-16T22:26:12Z
adilet	13	Амантай Жаркынбек	1988	ru	11313694	Амантай, Жаркынбек	https://ru.wikipedia.org/wiki/%D0%90%D0%BC%D0%B0%D0%BD%D1%82%D0%B0%D0%B9,_%D0%96%D0%B0%D1%80%D0%BA%D1%8B%D0%BD%D0%B1%D0%B5%D0%BA	Q136996072	NEEDS_REVIEW	fetch-error:HTTPError	UNKNOWN		2026-08-16T22:26:12Z
adilet	33	Басин Вадим Борисович	1962	ru	8616349	Басин, Вадим Борисович	https://ru.wikipedia.org/wiki/%D0%91%D0%B0%D1%81%D0%B8%D0%BD,_%D0%92%D0%B0%D0%B4%D0%B8%D0%BC_%D0%91%D0%BE%D1%80%D0%B8%D1%81%D0%BE%D0%B2%D0%B8%D1%87	Q105822118	NEEDS_REVIEW	fetch-error:HTTPError	UNKNOWN		2026-08-16T22:26:13Z
adilet	34	Батырбеков Эрлан Гадлетович	1961	ru	7741135	Батырбеков, Эрлан Гадлетович	https://ru.wikipedia.org/wiki/%D0%91%D0%B0%D1%82%D1%8B%D1%80%D0%B1%D0%B5%D0%BA%D0%BE%D0%B2,_%D0%AD%D1%80%D0%BB%D0%B0%D0%BD_%D0%93%D0%B0%D0%B4%D0%BB%D0%B5%D1%82%D0%BE%D0%B2%D0%B8%D1%87	Q60838161	NEEDS_REVIEW	fetch-error:HTTPError	UNKNOWN		2026-08-16T22:26:14Z
adilet	34	Батырбеков Эрлан Гадлетович	1961	ru	7840244	Батырбеков	https://ru.wikipedia.org/wiki/%D0%91%D0%B0%D1%82%D1%8B%D1%80%D0%B1%D0%B5%D0%BA%D0%BE%D0%B2	Q65156920	NEEDS_REVIEW	fetch-error:HTTPError	UNKNOWN		2026-08-16T22:26:14Z
adilet	36	Башимов Марат Советович	1966	ru	10981534	Башимов, Марат Советович	https://ru.wikipedia.org/wiki/%D0%91%D0%B0%D1%88%D0%B8%D0%BC%D0%BE%D0%B2,_%D0%9C%D0%B0%D1%80%D0%B0%D1%82_%D0%A1%D0%BE%D0%B2%D0%B5%D1%82%D0%BE%D0%B2%D0%B8%D1%87	Q133797759	NEEDS_REVIEW	fetch-error:HTTPError	UNKNOWN		2026-08-16T22:26:15Z
adilet	40	Бекназаров Нурлан Кудиярович	1964	ru	8009103	Бекназаров, Нурлан Кудиярович	https://ru.wikipedia.org/wiki/%D0%91%D0%B5%D0%BA%D0%BD%D0%B0%D0%B7%D0%B0%D1%80%D0%BE%D0%B2,_%D0%9D%D1%83%D1%80%D0%BB%D0%B0%D0%BD_%D0%9A%D1%83%D0%B4%D0%B8%D1%8F%D1%80%D0%BE%D0%B2%D0%B8%D1%87	Q70253224	NEEDS_REVIEW	fetch-error:HTTPError	UNKNOWN		2026-08-16T22:26:16Z
adilet	46	Больгерт Евгений Андреевич	1984	ru	11220048	Больгерт, Евгений Андреевич	https://ru.wikipedia.org/wiki/%D0%91%D0%BE%D0%BB%D1%8C%D0%B3%D0%B5%D1%80%D1%82,_%D0%95%D0%B2%D0%B3%D0%B5%D0%BD%D0%B8%D0%B9_%D0%90%D0%BD%D0%B4%D1%80%D0%B5%D0%B5%D0%B2%D0%B8%D1%87	Q136816523	NEEDS_REVIEW	fetch-error:HTTPError	UNKNOWN		2026-08-16T22:26:17Z
adilet	49	Годунова Наталья Николаевна	1972	kk	733197	Наталья Николаевна Годунова	https://kk.wikipedia.org/wiki/%D0%9D%D0%B0%D1%82%D0%B0%D0%BB%D1%8C%D1%8F_%D0%9D%D0%B8%D0%BA%D0%BE%D0%BB%D0%B0%D0%B5%D0%B2%D0%BD%D0%B0_%D0%93%D0%BE%D0%B4%D1%83%D0%BD%D0%BE%D0%B2%D0%B0		NEEDS_REVIEW	fetch-error:HTTPError	UNKNOWN		2026-08-16T22:26:17Z
adilet	54	Дәдебай Айбек Арқабайұлы	1980	kk	696570	Айбек Арқабайұлы Дәдебай	https://kk.wikipedia.org/wiki/%D0%90%D0%B9%D0%B1%D0%B5%D0%BA_%D0%90%D1%80%D2%9B%D0%B0%D0%B1%D0%B0%D0%B9%D2%B1%D0%BB%D1%8B_%D0%94%D3%99%D0%B4%D0%B5%D0%B1%D0%B0%D0%B9	Q116873624	NEEDS_REVIEW	fetch-error:HTTPError	UNKNOWN		2026-08-16T22:26:18Z
adilet	59	Дулатбеков Нурлан Орынбасарович	1962	ru	2399627	Дулатбеков, Нурлан Орынбасарович	https://ru.wikipedia.org/wiki/%D0%94%D1%83%D0%BB%D0%B0%D1%82%D0%B1%D0%B5%D0%BA%D0%BE%D0%B2,_%D0%9D%D1%83%D1%80%D0%BB%D0%B0%D0%BD_%D0%9E%D1%80%D1%8B%D0%BD%D0%B1%D0%B0%D1%81%D0%B0%D1%80%D0%BE%D0%B2%D0%B8%D1%87	Q4170429	NEEDS_REVIEW	fetch-error:HTTPError	UNKNOWN		2026-08-16T22:26:19Z
adilet	63	Ералиев Магжан Абзалович	1989	ru	5891329	Ералиев, Абзал Жумашович	https://ru.wikipedia.org/wiki/%D0%95%D1%80%D0%B0%D0%BB%D0%B8%D0%B5%D0%B2,_%D0%90%D0%B1%D0%B7%D0%B0%D0%BB_%D0%96%D1%83%D0%BC%D0%B0%D1%88%D0%BE%D0%B2%D0%B8%D1%87	Q20482521	NEEDS_REVIEW	fetch-error:HTTPError	UNKNOWN		2026-08-16T22:26:19Z
adilet	74	Закиева Динара Болатовна	1982	ru	9217160	Закиева, Динара Болатовна	https://ru.wikipedia.org/wiki/%D0%97%D0%B0%D0%BA%D0%B8%D0%B5%D0%B2%D0%B0,_%D0%94%D0%B8%D0%BD%D0%B0%D1%80%D0%B0_%D0%91%D0%BE%D0%BB%D0%B0%D1%82%D0%BE%D0%B2%D0%BD%D0%B0	Q112992906	NEEDS_REVIEW	fetch-error:HTTPError	UNKNOWN		2026-08-16T22:26:20Z
adilet	75	Зенченко Геннадий Геннадьевич	1964	ru	10959445	Зенченко, Геннадий Геннадьевич	https://ru.wikipedia.org/wiki/%D0%97%D0%B5%D0%BD%D1%87%D0%B5%D0%BD%D0%BA%D0%BE,_%D0%93%D0%B5%D0%BD%D0%BD%D0%B0%D0%B4%D0%B8%D0%B9_%D0%93%D0%B5%D0%BD%D0%BD%D0%B0%D0%B4%D1%8C%D0%B5%D0%B2%D0%B8%D1%87	Q133797589	NEEDS_REVIEW	fetch-error:HTTPError	UNKNOWN		2026-08-16T22:26:21Z
adilet	75	Зенченко Геннадий Геннадьевич	1964	ru	4791450	Зенченко, Геннадий	https://ru.wikipedia.org/wiki/%D0%97%D0%B5%D0%BD%D1%87%D0%B5%D0%BD%D0%BA%D0%BE,_%D0%93%D0%B5%D0%BD%D0%BD%D0%B0%D0%B4%D0%B8%D0%B9		NEEDS_REVIEW	fetch-error:HTTPError	UNKNOWN		2026-08-16T22:26:22Z
adilet	75	Зенченко Геннадий Геннадьевич	1964	ru	2510204	Зенченко, Геннадий Иванович	https://ru.wikipedia.org/wiki/%D0%97%D0%B5%D0%BD%D1%87%D0%B5%D0%BD%D0%BA%D0%BE,_%D0%93%D0%B5%D0%BD%D0%BD%D0%B0%D0%B4%D0%B8%D0%B9_%D0%98%D0%B2%D0%B0%D0%BD%D0%BE%D0%B2%D0%B8%D1%87	Q4191470	NEEDS_REVIEW	fetch-error:HTTPError	UNKNOWN		2026-08-16T22:26:22Z
adilet	77	Имашева Снежанна Валерьевна	1981	ru	11248067	Имашева, Снежанна Валерьевна	https://ru.wikipedia.org/wiki/%D0%98%D0%BC%D0%B0%D1%88%D0%B5%D0%B2%D0%B0,_%D0%A1%D0%BD%D0%B5%D0%B6%D0%B0%D0%BD%D0%BD%D0%B0_%D0%92%D0%B0%D0%BB%D0%B5%D1%80%D1%8C%D0%B5%D0%B2%D0%BD%D0%B0	Q136816781	NEEDS_REVIEW	fetch-error:HTTPError	UNKNOWN		2026-08-16T22:26:23Z
adilet	81	Кайдарова Диляра Радиковна	1967	ru	8873811	Кайдарова, Диляра Радиковна	https://ru.wikipedia.org/wiki/%D0%9A%D0%B0%D0%B9%D0%B4%D0%B0%D1%80%D0%BE%D0%B2%D0%B0,_%D0%94%D0%B8%D0%BB%D1%8F%D1%80%D0%B0_%D0%A0%D0%B0%D0%B4%D0%B8%D0%BA%D0%BE%D0%B2%D0%BD%D0%B0	Q109492781	NEEDS_REVIEW	fetch-error:HTTPError	UNKNOWN		2026-08-16T22:26:24Z
adilet	83	Калыков Арман Кобыландынович	1973	ru	10984491	Калыков, Арман Кобыландынович	https://ru.wikipedia.org/wiki/%D0%9A%D0%B0%D0%BB%D1%8B%D0%BA%D0%BE%D0%B2,_%D0%90%D1%80%D0%BC%D0%B0%D0%BD_%D0%9A%D0%BE%D0%B1%D1%8B%D0%BB%D0%B0%D0%BD%D0%B4%D1%8B%D0%BD%D0%BE%D0%B2%D0%B8%D1%87	Q133797819	NEEDS_REVIEW	fetch-error:HTTPError	UNKNOWN		2026-08-16T22:26:24Z
adilet	86	Карин Ерлан Тынымбайұлы	1976	ru	3544869	Карин, Ерлан Тынымбайулы	https://ru.wikipedia.org/wiki/%D0%9A%D0%B0%D1%80%D0%B8%D0%BD,_%D0%95%D1%80%D0%BB%D0%B0%D0%BD_%D0%A2%D1%8B%D0%BD%D1%8B%D0%BC%D0%B1%D0%B0%D0%B9%D1%83%D0%BB%D1%8B	Q4215062	NEEDS_REVIEW	fetch-error:HTTPError	UNKNOWN		2026-08-16T22:26:25Z
adilet	88	Кәрібек Дәулет Жамаубайұлы	1990	kk	760436	Дәулет Жамаубайұлы Кәрібек	https://kk.wikipedia.org/wiki/%D0%94%D3%99%D1%83%D0%BB%D0%B5%D1%82_%D0%96%D0%B0%D0%BC%D0%B0%D1%83%D0%B1%D0%B0%D0%B9%D2%B1%D0%BB%D1%8B_%D0%9A%D3%99%D1%80%D1%96%D0%B1%D0%B5%D0%BA		NEEDS_REVIEW	fetch-error:HTTPError	UNKNOWN		2026-08-16T22:26:26Z
adilet	90	Кенжеханұлы Рауан	1979	kk	666293	Рауан Кенжеханұлы	https://kk.wikipedia.org/wiki/%D0%A0%D0%B0%D1%83%D0%B0%D0%BD_%D0%9A%D0%B5%D0%BD%D0%B6%D0%B5%D1%85%D0%B0%D0%BD%D2%B1%D0%BB%D1%8B	Q17525059	NEEDS_REVIEW	fetch-error:HTTPError	UNKNOWN		2026-08-16T22:26:26Z
adilet	94	Кожаев Марат Шадетханович	1964	ru	11219211	Кожаев, Марат Шадетханович	https://ru.wikipedia.org/wiki/%D0%9A%D0%BE%D0%B6%D0%B0%D0%B5%D0%B2,_%D0%9C%D0%B0%D1%80%D0%B0%D1%82_%D0%A8%D0%B0%D0%B4%D0%B5%D1%82%D1%85%D0%B0%D0%BD%D0%BE%D0%B2%D0%B8%D1%87	Q136816517	NEEDS_REVIEW	fetch-error:HTTPError	UNKNOWN		2026-08-16T22:26:27Z
adilet	95	Кожаниязов Серик Салаватович	1965	ru	11014227	Кожаниязов, Серик Салаватович	https://ru.wikipedia.org/wiki/%D0%9A%D0%BE%D0%B6%D0%B0%D0%BD%D0%B8%D1%8F%D0%B7%D0%BE%D0%B2,_%D0%A1%D0%B5%D1%80%D0%B8%D0%BA_%D0%A1%D0%B0%D0%BB%D0%B0%D0%B2%D0%B0%D1%82%D0%BE%D0%B2%D0%B8%D1%87	Q133798104	NEEDS_REVIEW	fetch-error:HTTPError	UNKNOWN		2026-08-16T22:26:28Z
adilet	99	Кучинская Юлия Владимировна	1982	ru	10177220	Кучинская, Юлия Владимировна	https://ru.wikipedia.org/wiki/%D0%9A%D1%83%D1%87%D0%B8%D0%BD%D1%81%D0%BA%D0%B0%D1%8F,_%D0%AE%D0%BB%D0%B8%D1%8F_%D0%92%D0%BB%D0%B0%D0%B4%D0%B8%D0%BC%D0%B8%D1%80%D0%BE%D0%B2%D0%BD%D0%B0	Q120277711	NEEDS_REVIEW	fetch-error:HTTPError	UNKNOWN		2026-08-16T22:26:29Z
adilet	100	Қамзабекұлы Дихан	1966	kk	43187	Дихан Қамзабекұлы	https://kk.wikipedia.org/wiki/%D0%94%D0%B8%D1%85%D0%B0%D0%BD_%D2%9A%D0%B0%D0%BC%D0%B7%D0%B0%D0%B1%D0%B5%D0%BA%D2%B1%D0%BB%D1%8B	Q4211543	NEEDS_REVIEW	fetch-error:HTTPError	UNKNOWN		2026-08-16T22:26:29Z
adilet	103	Лаврентьев Андрей Сергеевич	1979	ru	4624377	Лаврентьев, Андрей Сергеевич	https://ru.wikipedia.org/wiki/%D0%9B%D0%B0%D0%B2%D1%80%D0%B5%D0%BD%D1%82%D1%8C%D0%B5%D0%B2,_%D0%90%D0%BD%D0%B4%D1%80%D0%B5%D0%B9_%D0%A1%D0%B5%D1%80%D0%B3%D0%B5%D0%B5%D0%B2%D0%B8%D1%87	Q15070876	NEEDS_REVIEW	fetch-error:HTTPError	UNKNOWN		2026-08-16T22:26:30Z
adilet	103	Лаврентьев Андрей Сергеевич	1979	ru	4748385	Лаврентьев, Андрей	https://ru.wikipedia.org/wiki/%D0%9B%D0%B0%D0%B2%D1%80%D0%B5%D0%BD%D1%82%D1%8C%D0%B5%D0%B2,_%D0%90%D0%BD%D0%B4%D1%80%D0%B5%D0%B9	Q16669722	NEEDS_REVIEW	fetch-error:HTTPError	UNKNOWN		2026-08-16T22:26:31Z
adilet	108	Мусин Багдат Батырбекович	1983	ru	8428665	Мусин, Багдат Батырбекович	https://ru.wikipedia.org/wiki/%D0%9C%D1%83%D1%81%D0%B8%D0%BD,_%D0%91%D0%B0%D0%B3%D0%B4%D0%B0%D1%82_%D0%91%D0%B0%D1%82%D1%8B%D1%80%D0%B1%D0%B5%D0%BA%D0%BE%D0%B2%D0%B8%D1%87	Q98103179	NEEDS_REVIEW	fetch-error:HTTPError	UNKNOWN		2026-08-16T22:26:31Z
adilet	109	Муталип Шахмурат	1990	ru	11263774	Муталип, Шахмурат	https://ru.wikipedia.org/wiki/%D0%9C%D1%83%D1%82%D0%B0%D0%BB%D0%B8%D0%BF,_%D0%A8%D0%B0%D1%85%D0%BC%D1%83%D1%80%D0%B0%D1%82	Q136445437	NEEDS_REVIEW	fetch-error:HTTPError	UNKNOWN		2026-08-16T22:26:32Z
adilet	117	Нахбаева Гүлісхан Сайфулинқызы	1991	ru	5660262	Нахбаева, Гулисхан Сайфуллиновна	https://ru.wikipedia.org/wiki/%D0%9D%D0%B0%D1%85%D0%B1%D0%B0%D0%B5%D0%B2%D0%B0,_%D0%93%D1%83%D0%BB%D0%B8%D1%81%D1%85%D0%B0%D0%BD_%D0%A1%D0%B0%D0%B9%D1%84%D1%83%D0%BB%D0%BB%D0%B8%D0%BD%D0%BE%D0%B2%D0%BD%D0%B0	Q16225599	NEEDS_REVIEW	fetch-error:HTTPError	UNKNOWN		2026-08-16T22:26:33Z
adilet	126	Перепечина Ольга Валентиновна	1967	ru	7867258	Перепечина, Ольга Валентиновна	https://ru.wikipedia.org/wiki/%D0%9F%D0%B5%D1%80%D0%B5%D0%BF%D0%B5%D1%87%D0%B8%D0%BD%D0%B0,_%D0%9E%D0%BB%D1%8C%D0%B3%D0%B0_%D0%92%D0%B0%D0%BB%D0%B5%D0%BD%D1%82%D0%B8%D0%BD%D0%BE%D0%B2%D0%BD%D0%B0	Q12557154	NEEDS_REVIEW	fetch-error:HTTPError	UNKNOWN		2026-08-16T22:26:33Z
adilet	126	Перепечина Ольга Валентиновна	1967	kk	103949	Ольга Валентиновна Перепечина	https://kk.wikipedia.org/wiki/%D0%9E%D0%BB%D1%8C%D0%B3%D0%B0_%D0%92%D0%B0%D0%BB%D0%B5%D0%BD%D1%82%D0%B8%D0%BD%D0%BE%D0%B2%D0%BD%D0%B0_%D0%9F%D0%B5%D1%80%D0%B5%D0%BF%D0%B5%D1%87%D0%B8%D0%BD%D0%B0	Q12557154	NEEDS_REVIEW	fetch-error:HTTPError	UNKNOWN		2026-08-16T22:26:34Z
adilet	128	Пономарёв Сергей Михайлович	1961	ru	10523376	Пономарёв, Сергей Михайлович	https://ru.wikipedia.org/wiki/%D0%9F%D0%BE%D0%BD%D0%BE%D0%BC%D0%B0%D1%80%D1%91%D0%B2,_%D0%A1%D0%B5%D1%80%D0%B3%D0%B5%D0%B9_%D0%9C%D0%B8%D1%85%D0%B0%D0%B9%D0%BB%D0%BE%D0%B2%D0%B8%D1%87	Q124771340	NEEDS_REVIEW	fetch-error:HTTPError	UNKNOWN		2026-08-16T22:26:35Z
adilet	133	Рожин Максим Николаевич	1983	ru	10173163	Рожин, Максим Николаевич	https://ru.wikipedia.org/wiki/%D0%A0%D0%BE%D0%B6%D0%B8%D0%BD,_%D0%9C%D0%B0%D0%BA%D1%81%D0%B8%D0%BC_%D0%9D%D0%B8%D0%BA%D0%BE%D0%BB%D0%B0%D0%B5%D0%B2%D0%B8%D1%87	Q120281214	NEEDS_REVIEW	fetch-error:HTTPError	UNKNOWN		2026-08-16T22:26:35Z
adilet	136	Савельева Татьяна Михайловна	1976	ru	11249409	Савельева, Татьяна Михайловна	https://ru.wikipedia.org/wiki/%D0%A1%D0%B0%D0%B2%D0%B5%D0%BB%D1%8C%D0%B5%D0%B2%D0%B0,_%D0%A2%D0%B0%D1%82%D1%8C%D1%8F%D0%BD%D0%B0_%D0%9C%D0%B8%D1%85%D0%B0%D0%B9%D0%BB%D0%BE%D0%B2%D0%BD%D0%B0	Q136816795	NEEDS_REVIEW	fetch-error:HTTPError	UNKNOWN		2026-08-16T22:26:36Z
adilet	144	Сарым Айдос Әміроллаұлы	1975	ru	8974045	Сарым, Айдос Амироллаулы	https://ru.wikipedia.org/wiki/%D0%A1%D0%B0%D1%80%D1%8B%D0%BC,_%D0%90%D0%B9%D0%B4%D0%BE%D1%81_%D0%90%D0%BC%D0%B8%D1%80%D0%BE%D0%BB%D0%BB%D0%B0%D1%83%D0%BB%D1%8B	Q12527422	NEEDS_REVIEW	fetch-error:HTTPError	UNKNOWN		2026-08-16T22:26:37Z
adilet	144	Сарым Айдос Әміроллаұлы	1975	kk	483609	Айдос Әміроллаұлы Сарым	https://kk.wikipedia.org/wiki/%D0%90%D0%B9%D0%B4%D0%BE%D1%81_%D3%98%D0%BC%D1%96%D1%80%D0%BE%D0%BB%D0%BB%D0%B0%D2%B1%D0%BB%D1%8B_%D0%A1%D0%B0%D1%80%D1%8B%D0%BC	Q12527422	NEEDS_REVIEW	fetch-error:HTTPError	UNKNOWN		2026-08-16T22:26:38Z
adilet	147	Скакова Айжан Амангельдиевна	1977	ru	9184014	Скакова, Айжан Амангельдиевна	https://ru.wikipedia.org/wiki/%D0%A1%D0%BA%D0%B0%D0%BA%D0%BE%D0%B2%D0%B0,_%D0%90%D0%B9%D0%B6%D0%B0%D0%BD_%D0%90%D0%BC%D0%B0%D0%BD%D0%B3%D0%B5%D0%BB%D1%8C%D0%B4%D0%B8%D0%B5%D0%B2%D0%BD%D0%B0	Q112992801	NEEDS_REVIEW	fetch-error:HTTPError	UNKNOWN		2026-08-16T22:26:38Z
adilet	148	Смышляева Екатерина Васильевна	1982	ru	9229240	Смышляева, Екатерина Васильевна	https://ru.wikipedia.org/wiki/%D0%A1%D0%BC%D1%8B%D1%88%D0%BB%D1%8F%D0%B5%D0%B2%D0%B0,_%D0%95%D0%BA%D0%B0%D1%82%D0%B5%D1%80%D0%B8%D0%BD%D0%B0_%D0%92%D0%B0%D1%81%D0%B8%D0%BB%D1%8C%D0%B5%D0%B2%D0%BD%D0%B0	Q112991646	NEEDS_REVIEW	fetch-error:HTTPError	UNKNOWN		2026-08-16T22:26:39Z
adilet	153	Сулейменова Жулдыз Досбергеновна	1983	ru	8973988	Сулейменова, Жулдыз Досбергеновна	https://ru.wikipedia.org/wiki/%D0%A1%D1%83%D0%BB%D0%B5%D0%B9%D0%BC%D0%B5%D0%BD%D0%BE%D0%B2%D0%B0,_%D0%96%D1%83%D0%BB%D0%B4%D1%8B%D0%B7_%D0%94%D0%BE%D1%81%D0%B1%D0%B5%D1%80%D0%B3%D0%B5%D0%BD%D0%BE%D0%B2%D0%BD%D0%B0	Q109493950	NEEDS_REVIEW	fetch-error:HTTPError	UNKNOWN		2026-08-16T22:26:40Z
adilet	153	Сулейменова Жулдыз Досбергеновна	1983	ru	6661758	Сулейменова	https://ru.wikipedia.org/wiki/%D0%A1%D1%83%D0%BB%D0%B5%D0%B9%D0%BC%D0%B5%D0%BD%D0%BE%D0%B2%D0%B0	Q109072927	NEEDS_REVIEW	fetch-error:HTTPError	UNKNOWN		2026-08-16T22:26:40Z
adilet	161	Теңізбаев Нұрбақыт Молдахметұлы	1983	kk	104220	Нұрбақыт Молдахметұлы Теңізбаев	https://kk.wikipedia.org/wiki/%D0%9D%D2%B1%D1%80%D0%B1%D0%B0%D2%9B%D1%8B%D1%82_%D0%9C%D0%BE%D0%BB%D0%B4%D0%B0%D1%85%D0%BC%D0%B5%D1%82%D2%B1%D0%BB%D1%8B_%D0%A2%D0%B5%D2%A3%D1%96%D0%B7%D0%B1%D0%B0%D0%B5%D0%B2	Q2502828	NEEDS_REVIEW	fetch-error:HTTPError	UNKNOWN		2026-08-16T22:26:41Z
adilet	179	Шагиртаев Имамзада Куанышбаевич	1969	ru	10959392	Шагиртаев, Имамзада Куанышбаевич	https://ru.wikipedia.org/wiki/%D0%A8%D0%B0%D0%B3%D0%B8%D1%80%D1%82%D0%B0%D0%B5%D0%B2,_%D0%98%D0%BC%D0%B0%D0%BC%D0%B7%D0%B0%D0%B4%D0%B0_%D0%9A%D1%83%D0%B0%D0%BD%D1%8B%D1%88%D0%B1%D0%B0%D0%B5%D0%B2%D0%B8%D1%87	Q133797586	NEEDS_REVIEW	fetch-error:HTTPError	UNKNOWN		2026-08-16T22:26:42Z
adilet	181	Шапак Унзила	1973	ru	11272484	Шапак, Унзила	https://ru.wikipedia.org/wiki/%D0%A8%D0%B0%D0%BF%D0%B0%D0%BA,_%D0%A3%D0%BD%D0%B7%D0%B8%D0%BB%D0%B0	Q136817049	NEEDS_REVIEW	fetch-error:HTTPError	UNKNOWN		2026-08-16T22:26:42Z
adilet	182	Шаталов Никита Сергеевич	1992	ru	10988763	Шаталов, Никита Сергеевич	https://ru.wikipedia.org/wiki/%D0%A8%D0%B0%D1%82%D0%B0%D0%BB%D0%BE%D0%B2,_%D0%9D%D0%B8%D0%BA%D0%B8%D1%82%D0%B0_%D0%A1%D0%B5%D1%80%D0%B3%D0%B5%D0%B5%D0%B2%D0%B8%D1%87	Q133797851	NEEDS_REVIEW	fetch-error:HTTPError	UNKNOWN		2026-08-16T22:26:43Z
adilet	183	Шермағанбет Мейрамбек Зинабдинұлы	1972	kk	103676	Мейрамбек Зинабдинұлы Шермағанбет	https://kk.wikipedia.org/wiki/%D0%9C%D0%B5%D0%B9%D1%80%D0%B0%D0%BC%D0%B1%D0%B5%D0%BA_%D0%97%D0%B8%D0%BD%D0%B0%D0%B1%D0%B4%D0%B8%D0%BD%D2%B1%D0%BB%D1%8B_%D0%A8%D0%B5%D1%80%D0%BC%D0%B0%D2%93%D0%B0%D0%BD%D0%B1%D0%B5%D1%82	Q12553504	NEEDS_REVIEW	fetch-error:HTTPError	UNKNOWN		2026-08-16T22:26:44Z
