party,order,surname,given_names,birth_year,age_2026,gender_guess,position_raw,residence_raw,place_type,place
Respublica,1,Алибеков,Бейбит Бахытович,1984,42,м,управляющий партнер медиахолдинга First Media Group,городе Алматы,город,Алматы
Respublica,2,Абдихаликова,Шолпан Аскаровна,1987,39,ж,председатель Алматинского городского филиала партии «Respublica»,городе Алматы,город,Алматы
Respublica,3,Абдугалиева,Асель Жоломановна,1981,45,ж,руководитель отдела РГУ «Департамент комитета государственной инспекции труда Северо-Казахстанской области»,городе Петропавловск,город,Петропавловск
Respublica,4,Абдушарипова,Карагоз Аллаяровна,1986,40,ж,директор КГКП «Филармония им.Тайжана Калмагамбетова области Ұлытау»,городе Жезказгане,город,Жезказган
Respublica,5,Айткулов,Бекжан Бахтыбекович,1991,35,м,председатель Туркестанского областного филиала партии «Respublica»,Туркестанской области,область,Туркестанская область
Respublica,6,Алимбаева,Адия Базиловна,1978,48,ж,директор департамента по взаимодействию с государственными органами «Центра развития цифровой экономики» АО «Казахтелеком»,городе Караганде,город,Караганда
Respublica,7,Алпысов,Мейир Серикович,1988,38,м,заместитель директора ТОО «Akmola Industry»,городе Астане,город,Астана
Respublica,8,Амангелді,Маханбет,1988,38,м,председатель Павлодарского областного филиала партии «Respublica»,Павлодарской области,область,Павлодарская область
Respublica,9,Аубакиров,Нурлан Ерикбаевич,1975,51,м,председатель Карагандинского областного филиала партии «Respublica»,городе Караганде,город,Караганда
Respublica,10,Ахметканов,Арман Шамаевич,1981,45,м,учредитель ТОО «Семей Көркем»,городе Семей,город,Семей
Respublica,11,Ахметов,Еркебулан Картаевич,1987,39,м,вице-президент Федерации Кокпара РК,городе Астане,город,Астана
Respublica,12,Ахметов,Сеилжан Адилханович,1980,46,м,заместитель председателя Комитета государственных доходов Министерства финансов РК,городе Астане,город,Астана
Respublica,13,Байконова,Даурия Бейбитовна,1988,38,ж,"ИП «Байконова», руководитель",городе Караганде,город,Караганда
Respublica,14,Балғожа,Айнаш Қабибуллақызы,1980,46,ж,заведующий сектором государственно-правового отдела Администрации Президента Республики Казахстан,городе Астане,город,Астана
Respublica,15,Бейсембаева,Сабина Сакеновна,1986,40,ж,специалист Мангистауского областного филиала партии «Respublica»,городе Актау,город,Актау
Respublica,16,Бергенев,Чингиз Адылгазыевич,1988,38,м,советник Руководителя Центрального аппарата партии «Respublica»,городе Астане,город,Астана
Respublica,17,Болысов,Тохтар Коммунарович,1994,32,м,советник Руководителя Центрального аппарата партии «Respublica»,городе Астане,город,Астана
Respublica,18,Ботабекова,Баян Жайдархановна,1977,49,ж,"аким сельского округа имени Магжан Жумабаева, Северо-Казахстанской области",Северо-Казахстанской области,область,Северо-Казахстанская область
Respublica,19,Боярова,Маргарита Владимировна,1990,36,ж,"ИП «Royal Event», директор ТОО «Shanyraq Partners»",городе Алматы,город,Алматы
Respublica,20,Вайгорова,Лаура Ринатовна,1995,31,ж,генеральный директор «Smartest Prep LTD»,городе Астане,город,Астана
Respublica,21,Габбасов,Еркин Тлеугабылович,1983,43,м,"Центр спортивной подготовки для лиц с ограниченными физическими возможностями, параспортсмен",городе Кокшетау,город,Кокшетау
Respublica,22,Дәулетбаева,Венера Нартайқызы,1983,43,ж,директор ТОО «Venera Print»,городе Кызылорда,город,Кызылорда
Respublica,23,Домаев,Сергей Александрович,1988,38,м,генеральный директор ТОО «Б-Агро-Север»,городе Петропавловск,город,Петропавловск
Respublica,24,Доскалиев,Айдос Жаксылыкович,1982,44,м,директор по стратегии и науке АО «Национальный центр нейрохирургии»,городе Астане,город,Астана
Respublica,25,Дуйсекенов,Ержан Нусипбекович,1970,56,м,председатель Алматинского областного филиала партии «Respublica»,городе Алматы,город,Алматы
Respublica,26,Дуйсенбаева,Малика Муратжановна,1978,48,ж,ИП «Malika Duisenbayeva»,городе Актобе,город,Актобе
Respublica,27,Жабасов,Даурен Еркинович,1986,40,м,вице-президент Федерации борьбы РК,городе Астане,город,Астана
Respublica,28,Жайнарбай,Жалынбек,1983,43,м,учредитель и директор группы компаний «Sign Tech»,городе Алматы,город,Алматы
Respublica,29,Жампеисов,Думан Абильтаевич,1982,44,м,главный менеджер-аналитик Фракции партии «Respublica»,городе Астане,город,Астана
Respublica,30,Жунусов,Олжас Файзуллаевич,1982,44,м,директор колледжа «Отырар»,городе Шымкент,город,Шымкент
Respublica,31,Идрисов,Руслан Рашитович,1984,42,м,заместитель директора ТОО «Global Foods»,городе Алматы,город,Алматы
Respublica,32,Иманов,Нуржан Ибрагимович,1980,46,м,председатель правления АО «УлыТау Холдинг»,городе Астане,город,Астана
Respublica,33,Искаков,Жанат Маратович,1977,49,м,руководитель Центрального аппарата партии «Respublica»,городе Астане,город,Астана
Respublica,34,Қази,Асылжан Ешжанұлы,1989,37,м,директор ТОО «Espresso Day»,городе Астане,город,Астана
Respublica,35,Карин,Сакен Абуханович,1978,48,м,управляющий партнер ТОО «Finex-Audit»,городе Астане,город,Астана
Respublica,36,Карпикова,Назым Ермековна,1987,39,ж,"генеральный директор ТОО «Atelier Arunaz», ИП «Ателье Аруназ Дизайн»",городе Алматы,город,Алматы
Respublica,37,Касымбаев,Мейрхат Мейрамханович,1980,46,м,председатель наблюдательного совета ТОО «Capital Road Construction»,городе Астане,город,Астана
Respublica,38,Келимбетова,Айнур Шайзханкызы,1990,36,ж,председатель Жамбылского областного филиала партии «Respublica»,городе Тараз,город,Тараз
Respublica,39,Кәрімжан,Гүлназ Кәрімжанқызы,1985,41,ж,директор центра кино и искусства «BN Prodaction»,городе Атырау,город,Атырау
Respublica,40,Кикимов,Максат Сакенович,1986,40,м,генеральный директор - член наблюдательного совета «Dala Edge Creative Park»,городе Алматы,город,Алматы
Respublica,41,Конилхан,Алия,1988,38,ж,"ИП «Алия Конилхан», руоводитель",городе Усть-Каменогорск,город,Усть-Каменогорск
Respublica,42,Кумысбеков,Айбек Кумысбекович,1985,41,м,"ТОО «B2C», директор",городе Астане,город,Астана
Respublica,43,Куспеков,Олжас Хайроллаевич,1986,40,м,депутат Мажилиса Парламента VIII созыва,городе Астане,город,Астана
Respublica,44,Мадиева,Дилафруз Давлятбековна,1980,46,ж,президент ТОО «Балмуздак»,городе Шымкент,город,Шымкент
Respublica,45,Мақатов,Дулат Нұрланұлы,1992,34,м,председатель Западно-Казахстанского областного филиала партии «Respublica»,городе Уральск,город,Уральск
Respublica,46,Марклен,Азамат Ержанулы,1995,31,м,"ИП «Марклен», руководитель",городе Алматы,город,Алматы
Respublica,47,Мәдәлі,Мейрамгүл Ералықызы,1988,38,ж,"ТОО «Телевидение Астана», продюсер",городе Астане,город,Астана
Respublica,48,Мункебаев,Даурен Биркутович,1984,42,м,"GR директор, АО «Костанайские минералы»",городе Астане,город,Астана
Respublica,49,Муратбеков,Даурен Булатович,1984,42,м,секретарь Высшего Судебного Совета РК - руководитель аппарата,городе Астане,город,Астана
Respublica,50,Мұхамеджан,Ерболат Амангелдіұлы,1988,38,м,советник директора Телерадиокомплекса Президента РК,городе Астане,город,Астана
Respublica,51,Мухамедрахимова,Анаргуль Хаиржановна,1978,48,ж,Индивидуальный предприниматель,городе Кокшетау,город,Кокшетау
Respublica,52,Нагуманова,Тахмина Утагалиевна,1974,52,ж,заместитель Генерального директора АО «КазАзот» по корпоративному и устойчивому развитию,городе Астане,город,Астана
Respublica,53,Наскенов,Жабай Алемгерович,1987,39,м,генеральный директор группы компаний ТОО «NQDC GROUP»,городе Астане,город,Астана
Respublica,54,Науатбек,Ақмарал Маратқызы,1999,27,ж,"Центр спортивной подготовки для лиц с ограниченными физическими возможностями, инструктор-спортсмен",городе Астане,город,Астана
Respublica,55,Наумова,Динара Рустамовна,1997,29,ж,депутат Мажилиса Парламента РК VIII созыва,городе Астане,город,Астана
Respublica,56,Нұғман,Ақмоншақ Нұртазақызы,1991,35,ж,директор школы-гимназии № 58,городе Астане,город,Астана
Respublica,57,Сагади,Сауле,1972,54,ж,Индивидуальный предприниматель,городе Астане,город,Астана
Respublica,58,Сайдуллаева,Нилуфар Пахритдиновна,1988,38,ж,директор ТОО «Art school 2020»,городе Шымкент,город,Шымкент
Respublica,59,Смаилов,Нурсултан Сагындыкович,1991,35,м,директор департамента экономики и планирования АО «НК «Казахстан инжиниринг»,городе Астане,город,Астана
Respublica,60,Смолякова,Екатерина Сергеевна,1987,39,ж,депутат Мажилиса Парламента РК VIII созыва,городе Талдыкорган,город,Талдыкорган
Respublica,61,Солтиев,Ернат Бакытжанович,1989,37,м,руководитель ТОО «Алматы Лакшери Трэвел»,городе Алматы,город,Алматы
Respublica,62,Суентаев,Дамир Серкбаевич,1984,42,м,"независимый директор АО «KEGOC», генеральный директор АО «НацЭКС»",городе Алматы,город,Алматы
Respublica,63,Сулейменов,Ерлан Мельсович,1974,52,м,генеральный директор ТОО «КДЛ «Олимп»,городе Астане,город,Астана
Respublica,64,Сулименко,Ирина Юрьевна,1979,47,ж,"учредительный директор ТОО «КАС Консалтинг софт», Президент Казахстанской ассоциации информационных технологий и инноваций»",городе Костанай,город,Костанай
Respublica,65,Сураган,Дурвудхан,1988,38,м,"профессор Nazarbayev University, академик НАН",городе Астане,город,Астана
Respublica,66,Тау,Нургул,1973,53,ж,депутат Мажилиса Парламента РК VIII созыва,городе Алматы,город,Алматы
Respublica,67,Темірхан,Нұрсұлтан Талғатұлы,1993,33,м,учредитель ТОО «Энерджи Тараз»,городе Тараз,город,Тараз
Respublica,68,Тогизбаева,Айдана Кенбаевна,1990,36,ж,советник Руководителя Центрального аппарата партии «Respublica»,городе Астане,город,Астана
Respublica,69,Тулеубаева,Анар Абетаевна,1986,40,ж,заместитель председателя Ассоциации по развитию искусственного интеллекта в Казахстане,городе Астане,город,Астана
Respublica,70,Уразгалиева,Зульфия Мергеновна,1982,44,ж,руководитель ИП «Евротекстиль»,городе Уральск,город,Уральск
Respublica,71,Утебаев,Галымжан Саламатович,1989,37,м,председатель Атырауского областного филиала партии «Respublica»,городе Атырау,город,Атырау
Respublica,72,Хайруллаев,Нуржигит Нурболатович,1980,46,м,председатель Мангистауского областного филиала партии «Respublica»,городе Актау,город,Актау
Respublica,73,Хасенов,Махамбет Кабдулкаироич,1975,51,м,генеральный директор ТОО «Special oil Projets»,городе Алматы,город,Алматы
Respublica,74,Хорошаш,Аскар Насибуллович,1974,52,м,председатель правления НАО «Turar Healthcare»,городе Астане,город,Астана
Respublica,75,Ходжаназаров,Айдарбек Асанович,1983,43,м,депутат Мажилиса Парламента РК VIII созыва,городе Астане,город,Астана
Ақ жол,1,Абильдин,Ермек Толеуулы,1980,46,м,председатель Карагандинского областного филиала ДПК «Ак жол»,городе Караганда,город,Караганда
Ақ жол,2,Арыстанова,Айгерим Атыгаевна,1996,30,ж,Руководитель службы поддержки молодежного предпринимательства ДПК «Ак жол»,городе Астана,город,Астана
Ақ жол,3,Ахметжаев,Даурен Хайруллаевич,1982,44,м,директор ТОО «Даниял құрылыс дизайн»,городе Тараз,город,Тараз
Ақ жол,4,Әуес,Жоламан Бейсеханұлы,1997,29,м,Индивидуальный предприниматель,городе Шу,город,Шу
Ақ жол,5,Барлыбаев,Ерлан Хайланович,1967,59,м,"заместитель Председателя ДПК «Ак жол», депутат Мажилиса Парламента РК VII, VIII созыва",городе Алматы,город,Алматы
Ақ жол,6,Бейсенбаев,Ержан Алмабекович,1990,36,м,заместитель председателя Алматинского городского филиала ДПК «Ак жол»,селе Абай Карасайского района Алматинской области,село,Абай
Ақ жол,7,Белшер,Нұрлан Тукмағанбетұлы,1973,53,м,президент АО «KazPetroDrilling»,городе Актау,город,Актау
Ақ жол,8,Бибаев,Бактыбек Сальбекович,1995,31,м,директор филиала ТОО «Texol Транс»,городе Астана,город,Астана
Ақ жол,9,Бисенов,Бекнур Амантаевич,1992,34,м,директор Атырауского филиала ТОО «КМG EP-Catering»,городе Актау,город,Актау
Ақ жол,10,Джумагалиев,Рустам Айсултанович,1981,45,м,секретарь Политического совета ДПК «Ак жол»,городе Астана,город,Астана
Ақ жол,11,Дюсембинов,Берик Салимжанович,1971,55,м,"депутат Мажилиса Парламента РК VII созыва, секретарь Политического совета ДПК «Ақ жол»",городе Астана,город,Астана
Ақ жол,12,Егинбаев,Ермек Молдакулович,1965,61,м,"председатель филиала ДПК «Ак жол» области Жетісу, председатель постоянной комиссии областного маслихата области Жетісу, область Жетісу",городе Талдыкорган,город,Талдыкорган
Ақ жол,13,Елубаева,Марал Куандыковна,1965,61,ж,декан школы педиатрии НАО «Карагандинский Медицинский университет»,городе Караганда,город,Караганда
Ақ жол,14,Ерубаев,Серик Сарсенович,1968,58,м,"заместитель председателя ДПК «Ак жол», депутат Мажилиса Парламента РК VII, VIII созыва",городе Атырау,город,Атырау
Ақ жол,15,Еспаева,Дания Мадиевна,1961,65,ж,"председатель ДПК «Ақ жол», депутат Мажилиса Парламента РК VII, VIII созыва",городе Астана,город,Астана
Ақ жол,16,Жалмуканова,Лаззат Жумагуловна,1962,64,ж,директор КГУ «Средняя школа комплекс национального возрождения № 17» города Петропавловска,городе Петропавловск,город,Петропавловск
Ақ жол,17,Жампиисов,Рамазан Купесбаевич,1982,44,м,исполнительный директор «Ассоциации ECOJER»,городе Астана,город,Астана
Ақ жол,18,Жаукебаев,Бек-Мүхаммед Мейірбекұлы,1999,27,м,инженер ТОО «Connectivity Solutions»,городе Алматы,город,Алматы
Ақ жол,19,Жутаев,Махаббат Сагынбаевич,1968,58,м,"председатель Костанайского областного филиала ДПК «Ак жол», председатель постоянной комиссии по вопросам социальной сферы Костанайского областного маслихата",городе Костанай,город,Костанай
Ақ жол,20,Ибатуллина,Эльмира Павловна,1974,52,ж,управляющий партнер ТОО «First Legal Consulting group»,городе Алматы,город,Алматы
Ақ жол,21,Иса,Қазыбек Жарылқасынұлы,1962,64,м,"заместитель Председателя ДПК «Ак жол», депутат Мажилиса Парламента РК VII, VIII созыва",городе Алматы,город,Алматы
Ақ жол,22,Исин,Алибек Ерликович,1989,37,м,Генеральный директор ТОО «Samadi A Group»,городе Жезказган,город,Жезказган
Ақ жол,23,Кабдыгалиева,Мейрамгуль Кенжелагиевна,1977,49,ж,управляющий директор ТОО «Казахстанский завод магнезитовых изделий»,городе. Астана,город,Астана
Ақ жол,24,Кайркан,Азат Серикжанулы,1992,34,м,председатель наблюдательного Совета ТОО «Best Product Pavlodar»,городе Павлодар,город,Павлодар
Ақ жол,25,Калинкин,Анатолий Дмитриевич,1997,29,м,"директор ТОО «Discovery Coffee Semey», депутат городского маслихата г. Семей",городе Семей,город,Семей
Ақ жол,26,Кинсфатер,Артур Сергеевич,1995,31,м,директор ОЮЛ «ИП «КАПиСУ»; заместитель председателя по правовым вопросам Карагандинского областного филиала ДПК «Ак жол»,городе Караганда,город,Караганда
Ақ жол,27,Кинцель,Евгений Юрьевич,1977,49,м,председатель партийной комиссии ДПК «Ак жол»,городе Петропавловск,город,Петропавловск
Ақ жол,28,Кожахметов,Асылхан Тулеббергенович,1984,42,м,"секретарь Полититического совета, руководитель аппарата ДПК «Ак жол»",городе Астана,город,Астана
Ақ жол,29,Козыбаков,Улан Ермекович,1988,38,м,заместитель директора ТОО «Astana Energo Hub»,городе Актобе,город,Актобе
Ақ жол,30,Корганбаев,Батыржан,1979,47,м,директор филиала ТОО «KMG Security» в городе Жанаозен,городе Актау,город,Актау
Ақ жол,31,Ли,Юрий Виссарионович,1977,49,м,Генеральный директор ОФ «Финансовая культура Казахстана»,городе Астана,город,Астана
Ақ жол,32,Линник,Андрей Григорьевич,1974,52,м,советник ТОО «Aspara Munay»,городе Алматы,город,Алматы
Ақ жол,33,Логутов,Константин Николаевич,1981,45,м,"Генеральный директор ТОО «Billboards Empire», директор ТОО «Terra Invest Group», директор ТОО «Энерго Трэйдинг Групп»",городе Алматы,город,Алматы
Ақ жол,34,Малимов,Бакдаулет Алиакбарович,1985,41,м,Генеральный директор ТОО «Смарт-энергетика»,городе Шымкент,город,Шымкент
Ақ жол,35,Мендыханов,Алим Болатулы,1994,32,м,Генеральный директор ТОО «ENCOS Group»,городе Астана,город,Астана
Ақ жол,36,Мергалиев,Аскар Серикович,1981,45,м,директор ТОО «Урал Пром Энерго»,городе. Уральск,город,Уральск
Ақ жол,37,Микрюков,Виктор Николаевич,1981,45,м,президент ОЮЛ «Ассоциация Застройщиков Казахстана»,городе Астана,город,Астана
Ақ жол,38,Мусапарбеков,Канат Жантуякович,1963,63,м,руководитель департамента экологии по Павлодарской области,городе Павлодар,город,Павлодар
Ақ жол,39,Найзакулов,Бауыржан Онланбекулы,1980,46,м,Генеральный директор ТОО «Таразкий кожевенный завод»,городе Тараз,город,Тараз
Ақ жол,40,Нуралдинов,Олжас Ельтайулы,1989,37,м,депутат Мажилиса Парламента РК VІІІ созыва,городе Астана,город,Астана
Ақ жол,41,Өмірғали,Ерлік Қайдарұлы,1979,47,м,предприниматель,городе Астана,город,Астана
Ақ жол,42,Перуашев,Азат Турлыбекулы,1967,59,м,"депутат Мажилиса Парламента РК V, VI, VII, VIII созыва",городе Астана,город,Астана
Ақ жол,43,Ракишева,Алия Булатовна,1987,39,ж,директор департамента ПХВ «Информационно-вычислительный центр»,городе Алматы,город,Алматы
Ақ жол,44,Раманкулов,Максат Базаралыевич,1974,52,м,"директор СКФ «Туркестан», директор ТОО «DG-art», советник Генерального директора ТОО «Mabex Trade LTD»",городе Астана,город,Астана
Ақ жол,45,Сағымбекұлы,Абзалбек,1972,54,м,заместитель председателя Алматинского областного филиала ДПК «Ак жол»,городе Талгар,город,Талгар
Ақ жол,46,Салыкбаев,Абзал Мырзаханович,1990,36,м,"председатель Туркестанского областного филилала ДПК «Ак жол», предприниматель",городе Арыс,город,Арыс
Ақ жол,47,Сартбаев,Сакен Сатвалдиевич,1971,55,м,первый заместитель Генерального директора ТОО «Dostyk Gaz Terminal»,городе Алматы,город,Алматы
Ақ жол,48,Сергазинова,Александра Кабдуллаевна,1969,57,ж,"заместитель директора ТОО «Газета «Наш Костанай», редактор ИА «Тобол Инфо»",городе Костанай,город,Костанай
Ақ жол,49,Смагулов,Аскар Сайлаубекович,1970,56,м,"председатель Астанинского филиала ДПК «Ак жол», председатель постоянной комиссии маслихата города Астана по вопросам социально-культурного развития",городе Астана,город,Астана
Ақ жол,50,Смагулов,Рустем Сагадатович,1991,35,м,директор ТОО «Стройгрупп PVL»,селе Чернорецк Павлодарского района Павлодарской области,село,Чернорецк
Ақ жол,51,Сыздыков,Саят Толегенулы,1977,49,м,председатель постоянной комиссии по социальным вопросам Акмолинского областного маслихата,городе Кокшетау,город,Кокшетау
Ақ жол,52,Тастекей,Дулат Тұрсынұлы,1982,44,м,"основатель и управляющий группы компаний «TASGROUP», Генеральный директор ТОО «МФО «TAS FINANSCE GROUP»",городе Алматы,город,Алматы
Ақ жол,53,Тлеужанов,Ержан Хамитович,1989,37,м,директор ресторана «Жібек жолы»,городе Семей,город,Семей
Ақ жол,54,Тулебаев,Исламбек Насруллаевич,1980,46,м,председатель постоянной комиссии по инвестициям и развитию городской комфортной среды маслихата города Шымкент,городе Шымкент,город,Шымкент
Ақ жол,55,Тулегенова,Акманат Муратовна,1979,47,ж,заместитель директора ТОО «Арал газ»,поселке Тасбогет города Кызылорда,поселок,Тасбогет
Ақ жол,56,Уткин,Сергей Геннадьевич,1965,61,м,"индивидуальный предприниматель, юрист международного фонда защиты свободы слова «Адил сөз»",городе Алматы,город,Алматы
Ақ жол,57,Хамзин,Ғани Булатұлы,1994,32,м,заместитель директора департамента стратегии ТОО «Корпорация «Казахмыс»,городе Астана,город,Астана
Ақ жол,58,Хасанов,Ержан Кайржанович,1975,51,м,"директор ИП «Мағжан», депутат областного маслихата по Западно-Казахстанской области",городе Уральск,город,Уральск
Ақ жол,59,Шагимолдин,Ержан Омирканович,1985,41,м,учитель истории Назарбаев интеллектуальная школа в городе Астана,городе Астана,город,Астана
Ақ жол,60,Шардинов,Бахтияр Ахметжанович,1972,54,м,Генеральный директор ТОО ДП «Жаркент»,городе Алматы,город,Алматы
Ақ жол,61,Шимиров,Мухтар Аскарович,1982,44,м,"депутат городского маслихата города Шымкент, директор кооператива «BIOMAK»",городе. Шымкент,город,Шымкент
Ақ жол,62,Шынасилова,Мейраш,1971,55,ж,"председатель Алматинского областного филиала ДПК «Ак жол», заместитель директора ТОО «Специализированное предприятие по обработке камня»",городе Каскелен Карасайского района Алматинской области,город,Каскелен
Ақ жол,63,Юсупов,Ермеккалий Тулепкалиевич,1965,61,м,"председатель Атырауского областного филиала ДПК «Ак жол», директор ТОО «Атырау көлік құрылыс»",городе Атырау,город,Атырау
Ауыл,1,Абден,Қарақат Жақсылыққызы,1974,52,ж,член Политсовета «Партии «Ауыл»,городе Астане,город,Астана
Ауыл,2,Абдижаппаров,Жандос,1991,35,м,руководитель ТОО «Бірлік АЖА»,Алматинской области,область,Алматинская область
Ауыл,3,Абдуразакова,София Ринатовна,1979,47,ж,советник председателя «Партии «Ауыл»,городе Астане,город,Астана
Ауыл,4,Абдыханов,Улан Аманбекович,1974,52,м,"председатель регионального филиала «Партии «Ауыл» по городу Астана, генеральный директор горнодобывающего ТОО «Aksenger mining»",городе Астане,город,Астана
Ауыл,5,Абитаев,Фарид Кумашевич,1966,60,м,"председатель регионального филиала «Партии «Ауыл» по Восточно-Казахстанской области , директор ТОО «Опытное хозяйство масличных культур», депутат маслихата Восточно-Казахстанской области",городе Усть-Каменогорске,город,Усть-Каменогорск
Ауыл,6,Айтбаев,Талгат Ергенович,1966,60,м,директор ТОО «АвтоНурМах»,городе Шымкенте,город,Шымкент
Ауыл,7,Айтуганов,Кайрат Капарович,1962,64,м,председатель «Партии «Ауыл»,городе Астане,город,Астана
Ауыл,8,Алдашбаев,Сәкен Мінуарұлы,1980,46,м,редактор газеты «Сыр Дидары»,городе Кызылорде,город,Кызылорда
Ауыл,9,Алтангадас,Жанат,1983,43,м,руководитель ТОО «Алтын Жулдыз»,городе Алматы,город,Алматы
Ауыл,10,Ануарбеков,Жакыпбек Жылкыбаевич,1983,43,м,"директор ТОО «Ремспецстрой», директор ТОО «Улдана»",городе Караганде,город,Караганда
Ауыл,11,Арсютин,Николай Геннадьевич,1970,56,м,член Политсовета «Партии «Ауыл»,городе Экибастузе,город,Экибастуз
Ауыл,12,Аскаров,Канат Каирлыевич,1961,65,м,директор филиала «Есиль су» РГП на ПХВ» Казводхоз» МВРИ РК,городе Петропавловске,город,Петропавловск
Ауыл,13,Ахметова,Балнур Сериковна,1984,42,ж,заведующая кафедрой Шәкәрім университета,городе Семей,город,Семей
Ауыл,14,Бабамуратов,Даурен Абуталипович,1984,42,м,советник председателя «Партии «Ауыл»,городе Астане,город,Астана
Ауыл,15,Базилов,Асхат Мауленович,1989,37,м,"председатель Жетысуского регионального филиала «Партии «Ауыл», руководитель Жетысуского филиала РГП «Республиканский противоэпизоотический отряд»",городе Талдыкорган,город,Талдыкорган
Ауыл,16,Байжанов,Нуртас Жарылгасинович,1988,38,м,председатель регионального филиала «Партии «Ауыл» по Атырауской области,городе Атырау,город,Атырау
Ауыл,17,Байкин,Айдар Косымович,1986,40,м,декан факультета экономики и права Костанайского университета им. А. Байтұрсынұлы,городе Костанай,город,Костанай
Ауыл,18,Байманов,Шахмардан Аскарович,1984,42,м,заместитель председателя «Партии «Ауыл»-руководитель Центрального аппарата,городе Астане,город,Астана
Ауыл,19,Бегалиева,Захира Онгарбаевна,1971,55,ж,"директор Общественного фонда «ITeachMe» центр развития компетенций», внештатный советник министра труда и социальной защиты населения Республики Казахстан",городе Алматы,город,Алматы
Ауыл,20,Бекиев,Канат Ботаевич,1959,67,м,председатель регионального филиала «Партии «Ауыл» по Алматинской области,Алматинской области,область,Алматинская область
Ауыл,21,Берікқожа,Серікбол Қайратұлы,1991,35,м,исполнительный директор общественного фонда «Саналы Қоғам»,городе Астане,город,Астана
Ауыл,22,Білеш,Ерали Нұржанұлы,1999,27,м,руководитель ТОО «Металл-инжениринг»,городе Астане,город,Астана
Ауыл,23,Дайрабаев,Жигули Молдакалыкович,1954,72,м,"член Политсовета «Партии «Ауыл», председатель правления «Ассоциация фермеров Казахстана»",городе Астане,город,Астана
Ауыл,24,Двуреченский,Андрей Валентинович,1976,50,м,директор ТОО «Александровское»,городе Костанай,город,Костанай
Ауыл,25,Джакашев,Ернар Камидинович,1990,36,м,учредитель ТОО «Basic Agro»,городе Астане,город,Астана
Ауыл,26,Джакупов,Жаслан Кабибуллинович,1974,52,м,член совета директоров ТОО «Батыс Пауэр»,городе Уральске,город,Уральск
Ауыл,27,Досхожаев,Ильяс Алмасханович,1989,37,м,"частное учреждение «Samruk Business Academy», заместитель генерального директора",городе Астане,город,Астана
Ауыл,28,Егізбаев,Серік Рахметоллаұлы,1963,63,м,первый заместитель председателя «Партии «Ауыл»,городе Астане,город,Астана
Ауыл,29,Жиенбаев,Абзал Бахитович,1985,41,м,"председатель регионального филиала «Партии «Ауыл» по области Ұлытау, ТОО «Корпорация Казахмыс», главный специалист",городе Сатпаеве,город,Сатпаев
Ауыл,30,Жолдығали,Алшын Әділханұлы,1994,32,м,директор ТОО «Батыс Өнім»,городе Уральске,город,Уральск
Ауыл,31,Жумагулова,Диляра Темиргалиевна,1978,48,ж,"индивидуальный предприниматель, ИП «Жумагулова»",городе Петропавловске,город,Петропавловск
Ауыл,32,Идрисова,Айнур Маратовна,1984,42,ж,заместитель директора филиала Академии государственного управления при Президенте Республики Казахстан по городу Алматы,городе Алматы,город,Алматы
Ауыл,33,Иргибаев,Мурат Саматович,1991,35,м,заместитель председателя Комитета государственной инспекции в агропромышленном комплексе Министерства сельского хозяйства Республики Казахстан,городе Астане,город,Астана
Ауыл,34,Исмаилов,Арман Оразалиевич,1974,52,м,ректор Костанайского инженерно-экономического университета им. М. Дулатова,городе Костанай,город,Костанай
Ауыл,35,Каджибекова,Ажар Елемесовна,1978,48,ж,руководитель Управления сельского хозяйства Восточно-Казахстанской области,городе Астане,город,Астана
Ауыл,36,Калмуратов,Торегельды Оразалиевич,1971,55,м,председатель Туркестанского областного филиала «Партии «Ауыл»,городе Шымкенте,город,Шымкент
Ауыл,37,Карабеков,Гани Ажединович,1968,58,м,председатель Шымкентского городского регионального филиала «Партии «Ауыл»,городе Шымкенте,город,Шымкент
Ауыл,38,Каримбаев,Сейтжапар Ноянович,1972,54,м,директор ТОО «BS Aqro продукт»,городе Шымкенте,город,Шымкент
Ауыл,39,Киян,Владимир Сергеевич,1985,41,м,"ТОО «Национальный центр биотехнологии», заведующий лабораторией биоразнообразия и генетических ресурсов",городе Астане,город,Астана
Ауыл,40,Клишина,Ольга Геннадьевна,1961,65,ж,"Северо-Казахстанский областной маслихат, председатель постоянной комиссии Северо-Казахстанского областного маслихата по вопросам охраны здоровья населения, его социальной защиты, образования, культуры и делам молодежи",Северо-Казахстанской области,область,Северо-Казахстанская область
Ауыл,41,Конырбаев,Ахметбек Байрозович,1962,64,м,председатель Алматинского городского филиала «Партии «Ауыл»,городе Алматы,город,Алматы
Ауыл,42,Курманбекова,Слушаш Сатбековна,1963,63,ж,председатель регионального филиала «Партии «Ауыл» по Жамбылской области,городе Тараз,город,Тараз
Ауыл,43,Қуатбаев,Айбек Нурланұлы,1992,34,м,генеральный директор ТОО «Bugin Holding Corp»,городе Алматы,город,Алматы
Ауыл,44,Мухаметжанов,Арнур Сагиндыкович,1986,40,м,директор департамента стратегического планирования и анализа Министерства экологии и природных ресурсов Республики Казахстан,городе Астане,город,Астана
Ауыл,45,Мухаметов,Алмас Ерекұлы,1992,34,м,ведущий научный сотрудник РГП на ПХВ «Институт биологии и биотехнологии растений» КН МНВО РК,городе Алматы,город,Алматы
Ауыл,46,Мұқатов,Қажғалей Сипуллаұлы,1962,64,м,советник генерального директора ТОО «Гранит Талес-Электроникс»,городе Астане,город,Астана
Ауыл,47,Мұстафа,Садық Шоңмұрынұлы,1966,60,м,"председатель регионального филиала «Партии «Ауыл» по Кызылординской области, депутат областного маслихата",городе Кызылорда,город,Кызылорда
Ауыл,48,Нугманова,Самал Болатовна,1973,53,ж,заместитель директора филиала НАО «Государственная корпорация «Правительство для граждан»,городе Актобе,город,Актобе
Ауыл,49,Нурбеков,Болатжан Саймасаевич,1972,54,м,"председатель постоянной комиссии Алматинского областного маслихата по вопросам здравоохранения, образования, социальной защиты населения, развития культуры и спорта»",городе Алматы,город,Алматы
Ауыл,50,Озгамбаев,Куанышбай Омирзакович,1968,58,м,председатель регионального филиала «Партии «Ауыл» по Мангистауской области,Мангистауской области,область,Мангистауская область
Ауыл,51,Омарова,Гульназ Шинтуриновна,1973,53,ж,"депутат маслихата области Ұлытау, председатель сельскохозяйственного производственного кооператива «Жетіконыр»",городе Жезказган,город,Жезказган
Ауыл,52,Ораш,Нұрхат Серікқалиұлы,1994,32,м,заместитель руководителя аппарата «Партии «Ауыл»,городе Астане,город,Астана
Ауыл,53,Разинков,Александр Александрович,1982,44,м,директор ТОО «Vista Company 2010»,городе Астане,город,Астана
Ауыл,54,Райханова,Динара Куанышевна,1979,47,ж,генеральный директор ТОО «ЮДИ принт»,городе Косшы,город,Косшы
Ауыл,55,Рахымбек,Дәурен Берікбайұлы,1998,28,м,председатель молодежного крыла «Аuyl jastary» при «Партии «Ауыл»,городе Астане,город,Астана
Ауыл,56,Рзаханов,Максат Кикбаевич,1966,60,м,председатель постоянной комиссии Мангистауского областного маслихата,городе Актау,город,Актау
Ауыл,57,Савин,Тимур Владимирович,1983,43,м,руководитель научно-производственного центра зернового хозяйства им. А.И. Бараева,городе Астане,город,Астана
Ауыл,58,Сағындықұлы,Бекен,1965,61,м,профессор Павлодарского педагогического университета им. А. Маргулана,городе Павлодаре,город,Павлодар
Ауыл,59,Саурыков,Ерболат Байузакович,1971,55,м,учредитель учреждения «Международный Таразский университет им. Шерхана Муртазы»,городе Тараз,город,Тараз
Ауыл,60,Сәрсенбаев,Марлен Ибрагимұлы,1989,37,м,директор Актюбинского филиала «Национального центра экспертизы и сертификации»,городе Актобе,город,Актобе
Ауыл,61,Султанкулова,Жазира Кайратовна,1980,46,ж,руководитель аппарата фракции «Партии «Ауыл» в Мажилисе Парламента Республики Казахстан,городе Астане,город,Астана
Ауыл,62,Сүйін,Бейімбет Жұмабекұлы,1993,33,м,"председатель Общественного объединения «Общество инвалидов» Capable Group», директор ТОО «Төрт Таға»",городе Шымкенте,город,Шымкент
Ауыл,63,Тастанбекова,Гульнара Рахимбердыевна,1973,53,ж,декан аграрного факультета ЮКЗУ им. М. Ауэзова,городе Шымкенте,город,Шымкент
Ауыл,64,Токсеитова,Рабига Альбековна,1962,64,ж,вице-президент холдинговой компании АО «Aitas-KZ»,городе Косшы,город,Косшы
Ауыл,65,Траисова,Эльмара Аскаровна,1967,59,ж,учитель Школа-гимназия №34 им. Асана Тайманова города Уральска,городе Уральске,город,Уральск
Ауыл,66,Тулеуова,Камшат Шакирбековна,1985,41,ж,менеджер проекта в КХ «Нуралы»,городе Актобе,город,Актобе
Ауыл,67,Турмухамбетова,Анар Акылбековна,1969,57,ж,"НАО «Медицинский университет Астана», председатель правления - ректор",городе Астане,город,Астана
Ауыл,68,Турумбаева,Жанна Куатовна,1981,45,ж,заведующая отделом аппарата Мажилиса Парламента Республики Казахстан,городе Астане,город,Астана
Ауыл,69,Устемирова,Айнагуль Амантаевна,1982,44,ж,индивидуальный предприниматель «Bilgir Studio»,городе Кокшетау,город,Кокшетау
Байтақ,1,Абдуалиева,Айгуль Кадесовна,1974,52,ж,"президент учреждения «Международная академия экологии», председатель ОЮЛ «Международная ассоциация производителей экологической чистой продукции»",городе Астане,город,Астана
Байтақ,2,Айбеков,Елдос Айбекұлы,1990,36,м,директор НИИ «Центр исследования цифрового права и глобальных технологий»,городе Алматы,город,Алматы
Байтақ,3,Амиртаев,Азаматхан Сайлауович,1978,48,м,председатель Казахстанской партии зеленых «Байтақ»,городе Астане,город,Астана
Байтақ,4,Амиртаев,Сапар Абдраманович,1962,64,м,адвокат Туркестанской областной коллегии адвокатов,городе Шымкенте,город,Шымкент
Байтақ,5,Аскаров,Бекзат Ерикович,1988,38,м,юрист Казахстанской партии зеленых «Байтақ»,городе Астане,город,Астана
Байтақ,6,Әмірова,Шолпан Кеңесқызы,1983,43,ж,директор ТОО «Tau Ken Geology»,городе Атырау,город,Атырау
Байтақ,7,Байзаханов,Аслан Адильханович,1988,38,м,главный врач ТОО «Медицинский центр клеточных технологий»,городе Астане,город,Астана
Байтақ,8,Байтемиров,Турсынбек Шерниязович,1967,59,м,генеральный директор ТОО «БатысСуШар»,городе Уральске,город,Уральск
Байтақ,9,Баубек,Нариман Асқарұлы,1982,44,м,директор ТОО «Baiterek Engineering»,городе Астане,город,Астана
Байтақ,10,Баяжума,Асылбек,1978,48,м,председатель Акмолинского областного филиала Казахстанской партии зеленых «Байтақ»,городе Кокшетау,город,Кокшетау
Байтақ,11,Бекахметов,Габит Кайратович,1984,42,м,заместитель директора ТОО «Paradigm Shift»,городе Астане,город,Астана
Байтақ,12,Деркач,Марина Владимировна,1979,47,ж,ИП «ArtLab»,городе Актобе,город,Актобе
Байтақ,13,Джакишев,Алмаз Ажибекович,1997,29,м,исполнительный секретарь Восточно- Казахстанского областного филиала Казахстанской партии зеленых «Байтақ»,городе Усть-Каменагорске,город,Усть-Каменогорск
Байтақ,14,Джаппарова,Ардак Сарсенбековна,1981,45,ж,директор ТОО «СПМК-5»,городе Астане,город,Астана
Байтақ,15,Досанов,Абай Сабитович,1970,56,м,заместитель директора АО «НК «ҚТЖ» - дирекция магистральной сети,городе Астане,город,Астана
Байтақ,16,Иманалиев,Аскар Муратович,1978,48,м,общественный деятель,городе Алматы,город,Алматы
Байтақ,17,Иманбаев,Айдос Бейбитович,1981,45,м,председатель Президиума Республиканской палаты частных судебных исполнителей,городе Астане,город,Астана
Байтақ,18,Кажиев,Сериккан Ергалиевич,1967,59,м,директор ТОО «Семстройлидер»,Астане,город,Астана
Байтақ,19,Каметов,Бакыт Хабидуллаевич,1967,59,м,председатель постоянной комиссии по социальному и культурному развитию Атырауского областного маслихата,городе Атырау,город,Атырау
Байтақ,20,Камытбекова,Сауле Жайлауовна,1969,57,ж,заместитель заведующего отделом аппарата Мажилиса Парламента РК,городе Астане,город,Астана
Байтақ,21,Кенжалиев,Эльнар Багдаулетович,1978,48,м,менеджер проекта ТОО «Salplanet»,городе Экибастуз,город,Экибастуз
Байтақ,22,Кенжебекова,Роза Темуркуловна,1971,55,ж,исполнительный директор KTZ Express,городе Астане,город,Астана
Байтақ,23,Керей,Бекберген Дүйсенбайұлы,1971,55,м,секретарь по вопросам зеленой экономики Казахстанской партии зелёных «Байтақ»,городе Астане,город,Астана
Байтақ,24,Краснокуцкий,Андрей Анатольевич,1986,40,м,заместитель директора ТОО «ATON+»,городе Алматы,город,Алматы
Байтақ,25,Кудеринов,Мурат Тасбулатович,1977,49,м,директор ТОО «Наше право»,городе Караганде,город,Караганда
Байтақ,26,Кунгожин,Алмаз Мухамбетович,1978,48,м,первый заместитель председателя правления НАО «Республиканская физико- математическая школа»,городе Астане,город,Астана
Байтақ,27,Кыдырбаев,Ерлан Жайлаубаевич,1976,50,м,специалист по коммерциализацииТОО «Азия-Auto Казахстан»,городе Астане,город,Астана
Байтақ,28,Қадырбаева,Нұргүл Жұмахметқызы,1979,47,ж,самозанятая,городе Астане,город,Астана
Байтақ,29,Қараш,Алма,1977,49,ж,ИП «Alma»,городе Алматы,город,Алматы
Байтақ,30,Мамытов,Нургалый Киябаевич,1958,68,м,руководитель Центрального аппарата Казахстанской партии зеленых «Байтақ»,городе Астане,город,Астана
Байтақ,31,Мартель,Владимир Александрович,1969,57,м,самозанятый,городе Алматы,город,Алматы
Байтақ,32,Махамбетова,Назген Мансұрханқызы,1994,32,ж,начальник отдела охраны окружающей среды ТОО «ПетроКазахстан Ойл Продактс»,городе Шымкенте,город,Шымкент
Байтақ,33,Мусаев,Улан Жолдошбекович,1979,47,м,учитель школы-гимназии № 131,Карасайском районе Алматинской области,район,Карасайский район
Байтақ,34,Мұратұлы,Руслан,1989,37,м,директор ТОО «КазОйлЭнерджи»,Сайрамском районе Туркестанской области,район,Сайрамский район
Байтақ,35,Ордабеков,Айдос Бахытжанулы,1988,38,м,ИП «Томирис»,городе Шымкенте,город,Шымкент
Байтақ,36,Ордабеков,Алтай Еркебекович,1980,46,м,директор ТОО «Bbi Project»,городе Шымкенте,город,Шымкент
Байтақ,37,Өміртай,Амалбек Даркенұлы,1994,32,м,руководитель аппарата ГУ «Аппарат акима Толебийского района Туркестанской области»,городе Шымкенте,город,Шымкент
Байтақ,38,Сабурова,Нургул Едигеевна,1982,44,ж,генеральный директор ТОО «Атыраугидрогеология»,городе Атырау,город,Атырау
Байтақ,39,Сагимбаев,Таир Амантаевич,1983,43,м,врач стамотолог стоматологии ALFA-DENT»,городе Астане,город,Астана
Байтақ,40,Садинов,Самат Камысбаевич,1990,36,м,заместитель директора ГККП «Колледж № 7» управления образования Туркестанской области,городе Кентау Туркестанской области,город,Кентау
Байтақ,41,Сексенова,Айман Казиевна,1980,46,ж,директор ТОО «Eco Madeniet»,городе Актобе,город,Актобе
Байтақ,42,Серикбаев,Айбол Усенович,1990,36,м,управляющий директор по безопасности ТОО «RS-ЖОЛ СЕРВИС»,городе Кызылорде,город,Кызылорда
Байтақ,43,Скаков,Ануарбек Адылбекович,1980,46,м,директор ТОО «Астанинская Энергосбытовая компания»,городе Астане,город,Астана
Байтақ,44,Туртаев,Алмат Керимбаевич,1969,57,м,исполнительный секретарь Казахстанской партии зеленых «Байтақ»,городе Алматы,город,Алматы
Байтақ,45,Туртаев,Болат Талгасулы,1992,34,м,начальник отдела бурения и КПРС ТОО «KazPetrol Group»,городе Алматы,город,Алматы
Байтақ,46,Файзулин,Тамирлан Банияминович,1990,36,м,самозанятый,городе Талдыкоргане,город,Талдыкорган
Байтақ,47,Ысматуллаев,Руслан Серікұлы,1990,36,м,директор ТОО «АS-ЖОЛ СЕРВИС»,городе Кызылорде,город,Кызылорда
НПК,1,Абдраймов,Галимжан Райлович,1965,61,м,советник директора ТОО «Inter Group Story Invest»,селе Кыргаулды Карасайского района Алматинской области,село,Кыргаулды
НПК,2,Абдрахманов,Темиржан Кайратович,1987,39,м,член правления Союза машиностроителей Казахстана,городе Астане,город,Астана
НПК,3,Агибаев,Алимбек Тулегенович,1981,45,м,председатель Павлодарского областного филиала ОО «Народная партия Казахстана»,городе Павлодаре,город,Павлодар
НПК,4,Аккозиев,Рахман Сейлханович,1963,63,м,председатель Жамбылского областного филиала ОО «Народная партия Казахстана»,городе Тараз,город,Тараз
НПК,5,Актаева,Лязат Мейрашевна,1965,61,ж,генеральный директор РГП на ПХВ «Республиканский научно-исследовательский институт по охране труда»,городе Астане,город,Астана
НПК,6,Альмадиев,Алибек Бекболатович,1994,32,м,артист-солист эстрадного отдела РГКП Государственная академическая концертная организация «Қазақконцерт имени Розы Баглановой» Комитета культуры Министерства культуры и информации Республики Казахстан. председатель Комиссии по культуре Общественного совета Министерства культуры и информации Республики Казахстан,городе Астане,город,Астана
НПК,7,Амантаев,Кайыркен Калкенович,1975,51,м,председатель совета директоров ТОО «Астана Авто Снаб Сервис-НС»,городе Астане,город,Астана
НПК,8,Аппасова,Найля Темиргалиевна,1980,46,ж,директор Союза проектных компаний Казахстана,городе Астане,город,Астана
НПК,9,Аргумбаев,Данияр Даулеткелдиевич,1983,43,м,советник председателя ОО «Народная партия Казахстана»,городе Алматы,город,Алматы
НПК,10,Аскарбекова,Акбота Маратовна,1988,38,ж,руководитель индивидуального предприятия «Аскарбекова»,городе Алматы,город,Алматы
НПК,11,Ауезова,Эльмира Тугелбаевна,1970,56,ж,старший преподаватель КазНУ имени Аль-Фараби,городе Алматы,город,Алматы
НПК,12,Аукенов,Мирас Серикбекович,1985,41,м,заместитель председателя ОО «Народная партия Казахстана»,городе Астане,город,Астана
НПК,13,Ахметов,Алмат Сагындыкұлы,1975,51,м,генеральный директор ТОО «Жигалма»,городе Алматы,город,Алматы
НПК,14,Балажанова,Ардак Байдилхановна,1977,49,ж,главный хормейстер Туркестанского музыкального драматического театра,городе Астаны,город,Астана
НПК,15,Балыкбаева,Асемгуль Асылбековна,1987,39,ж,руководитель отдела финансов РГУ «Департамента юстиции города Астаны Министерства юстиции РК»,городе Астане,город,Астана
НПК,16,Бегалинов,Алибек Серикбекович,1987,39,м,исполняющий обязанности ассоциированного профессора в Международном университете информационных технологий,городе Алматы,город,Алматы
НПК,17,Беглова,Александра Леонидовна,1995,31,ж,ведущая Youtube-канала ОО «Народная партия Казахстана»,городе Астане,город,Астана
НПК,18,Беркамалов,Серик Нуртазаевич,1977,49,м,директор департамента юридической службы Министерства труда и социальной защиты населения Республики Казахстан,городе Астане,город,Астана
НПК,19,Бидайбеков,Жандос Зарипович,1979,47,м,заместитель директора департамента законодательства НПП РК «Атамекен»,городе Астане,город,Астана
НПК,20,Биякаев,Нуржан Темиргалиевич,1976,50,м,независимый эксперт по банковским вопросам,городе Астане,город,Астана
НПК,21,Біләл,Уатхан Қабылтайұлы,1995,31,м,журналист-редактор ОО «Народная партия Казахстана»,городе Астане,город,Астана
НПК,22,Газиз,Джанибек Газизұлы,1997,29,м,генеральный директор частной компании «Omir Group»,городе Алматы,город,Алматы
НПК,23,Гноевой,Игорь Андреевич,1996,30,м,учитель начальных классов КГУ «Средняя школа №40»,селе Павлодарское Павлодарской области,село,Павлодарское
НПК,24,Дигай,Дамир Анатольевич,1990,36,м,вице-президент группы компаний «Шин-Лайн»,городе Алматы,город,Алматы
НПК,25,Досмухамбетова,Балжан Ибатовна,1964,62,ж,председатель Атырауского областного филиала ОО «Народная партия Казахстана»,городе Атырау,город,Атырау
НПК,26,Дудабаев,Еркебулан Бакытович,1983,43,м,исполняющий обязанности председателя Алматинского областного филиала ОО «Народная партия Казахстана»,городе Конаеве,город,Конаев
НПК,27,Едильбаева,Лаура Ибрагимовна,1965,61,ж,руководитель центра научных исследований Министерства труда и социальной защиты населения Республики Казахстан,городе Алматы,город,Алматы
НПК,28,Ерназаров,Кайрат Шаршыбекович,1965,61,м,председатель Кызылординского областного филиала ОО «Народная партия Казахстана»,городе Кызылорде,город,Кызылорда
НПК,29,Жанқұл,Тамараасар Қалниязқызы,1976,50,ж,солист Мангистауской областной филармонии им. М. Өскінбаева,городе Астане,город,Астана
НПК,30,Жапарова,Асель Абилхановна,1986,40,ж,"учредитель ТОО «Ясли Сад Айшатай», директор и редактор ТОО «Информационное агентство «SERT-inform.kz»",городе Тараз,город,Тараз
НПК,31,Ибраимов,Олжас Бекдаулетович,1986,40,м,председатель филиала ОО «Народная партия Казахстана» в области Жетісу,городе Талдыкорган,город,Талдыкорган
НПК,32,Илиев,Фарух Абдувалиевич,1984,42,м,самозанятый,городе Алматы,город,Алматы
НПК,33,Инкарбеков,Улан Аскербекович,1970,56,м,председатель правления Алматинского городского Общества инвалидов,городе Алматы,город,Алматы
НПК,34,Исабаев,Орынбасар Душанович,1955,71,м,председатель филиала ОО «Народная партия Казахстана» в области Абай,городе Семей,город,Семей
НПК,35,Исмаилов,Жумагали Казыбаевич,1972,54,м,ректор АО «Казахский медицинский университет непрерывного образования»,городе Алматы,город,Алматы
НПК,36,Кабаков,Тениз Сайлауович,1991,35,м,директор ТОО «Sadu»,городе Астане,город,Астана
НПК,37,Кабдешев,Дамир Каирович,1999,27,м,руководитель Центрального аппарата ОО «Народная партия Казахстана»,городе Астане,город,Астана
НПК,38,Кайдаров,Айдын Серикказыевич,1973,53,м,руководитель филиала Республиканской палаты частных судебных исполнителей,городе Алматы,город,Алматы
НПК,39,Каймаков,Аскар Абаевич,1984,42,м,управляющий партнер адвокатской конторы «QALQAN ADVISORS»,городе Алматы,город,Алматы
НПК,40,Камбарова,Зухра Медеуовна,1967,59,ж,председатель Туркестанского областного филиала ОО «Народная партия Казахстана»,городе Сарыагаше,город,Сарыагаш
НПК,41,Каюмов,Дамир Ирекович,1984,42,м,генеральный директор ТОО «Light Engineering»,городе Караганде,город,Караганда
НПК,42,Куленова,Лейла Искандеровна,1980,46,ж,заместитель председателя ОО «Народная партия Казахстана»,городе Астане,город,Астана
НПК,43,Курмангазин,Бауржан Олжашевич,1986,40,м,председатель Актюбинского областного филиала ОО «Народная партия Казахстана»,городе Актобе,город,Актобе
НПК,44,Курумбаев,Надир Шамуратович,1984,42,м,заместитель председателя Комитета государственных услуг Министерства искусственного интеллекта и цифрового развития Республики Казахстан,городе Астане,город,Астана
НПК,45,Кусаинов,Бейбут Булатович,1985,41,м,заместитель председателя ОО «Народная партия Казахстана»,городе Алматы,город,Алматы
НПК,46,Қанатұлы,Аман,1997,29,м,тренер по правам лиц с инвалидностью в ОФ «Асыл Дария»,городе Алматы,город,Алматы
НПК,47,Лаврентьев,Борис Георгиевич,1984,42,м,председатель Западно-Казахстанского областного филиала ОО «Народная партия Казахстана»,городе Уральске,город,Уральск
НПК,48,Максутов,Калел Мухатаевич,1964,62,м,"заместитель председателя ОО «Народная партия Казахстана», председатель Карагандинского областного филиала ОО «Народная партия Казахстана» и филиала ОО «Народная партия Казахстана» в области Ұлытау",городе Караганде,город,Караганда
НПК,49,Маргулан,Едиге Саулебекович,1988,38,м,генеральный директор ТОО «Nigin Industry»,городе Алматы,город,Алматы
НПК,50,Маханов,Муратбек Мамытханович,1982,44,м,заместитель председателя правления НПП РК «Атамекен»,городе Астане.,город,Астана
НПК,51,Миронов,Евгений Николаевич,1986,40,м,коммерческий директор ТОО «Объединенная сырьевая компания»,городе Павлодаре,город,Павлодар
НПК,52,Нигматулина,Венера Махаметовна,1962,64,ж,"актриса, продюсер",городе Алматы,город,Алматы
НПК,53,Нұралин,Асылбек Жамашұлы,1959,67,м,"депутат VIII созыва Мажилиса Парламента Республики Казахстан, председатель ОО «Казахстанский отраслевой горно-металлургический профсоюз»",городе Астане,город,Астана
НПК,54,Нурсейтов,Илияс Болатович,1984,42,м,управляющий директор частной школы International Future School,городе Астане,город,Астана
НПК,55,Оразханов,Нурдаулет Амантаевич,1983,43,м,руководитель организационного отдела Центрального аппарата ОО «Народная партия Казахстана»,городе Астане,город,Астана
НПК,56,Пан,Владислав Виссарионович,1987,39,м,директор ТОО «Camrades Group»,городе Алматы,город,Алматы
НПК,57,Поднебесный,Виктор Викторович,1976,50,м,вице-президент по БИОТ ТОО «Холдинговая компания Базис»,городе Алматы,город,Алматы
НПК,58,Рамазанов,Дархан Булатович,1987,39,м,генеральный директор ТОО «Kap Logistics»,городе Астане,город,Астана
НПК,59,Рысбеков,Марлен Жаксыбекович,1986,40,м,нотариус города Алматы,городе Алматы,город,Алматы
НПК,60,Сеитов,Совет Саутович,1965,61,м,советник директора «Государственный фонд развития молодежной политики города Алматы»,городе Алматы,город,Алматы
НПК,61,Сейтжан,Кенжеғұл Социалұлы,1982,44,м,"депутат VIII созыва Мажилиса Парламента Республики Казахстан, уполномоченный по правам социально уязвимых слоев населения при Президенте Республики Казахстан",городе Алматы,город,Алматы
НПК,62,Смагулов,Болат Советович,1964,62,м,генеральный директор Международной ассоциации «Глобальный шёлковый путь»,городе Астане,город,Астана
НПК,63,Смирнова,Ирина Владимировна,1960,66,ж,"депутат VIII созыва Мажилиса Парламента Республики Казахстан, государственный и общественный деятель",городе Алматы,город,Алматы
НПК,64,Сүлеймен,Ләззат Жаңылысқызы,1961,65,ж,"государственный и общественный деятель, заместитель председателя Национальной комиссии по делам женщин и семейно-демографической политике при Президенте Республики Казахстан",городе Астане,город,Астана
НПК,65,Сұңқар,Ислам Еркінұлы,1995,31,м,"депутат VIII созыва Мажилиса Парламента Республики Казахстан, руководитель молодежного крыла ОО «Народная партия Казахстана»",городе Астане,город,Астана
НПК,66,Сыдыкова,Карлыгаш Нурдаулетовна,1977,49,ж,менеджер Центрального аппарата ОО «Народная партия Казахстана»,городе Астане,город,Астана
НПК,67,Тулеугалиев,Рашид Бектурович,1973,53,м,председатель Мангистауского областного филиала ОО «Народная партия Казахстана»,городе Актау,город,Актау
НПК,68,Уалихан,Жандос Шоханұлы,1999,27,м,преподаватель в КазНПУ имени Абая,городе Алматы,город,Алматы
НПК,69,Умаров,Баймырза Абденбаевич,1965,61,м,председатель Шымкентского городского филиала ОО «Народная партия Казахстана»,городе Шымкенте,город,Шымкент
НПК,70,Харбедия,Омари Омианович,1967,59,м,директор ТОО «NK-CARGO»,городе Петропавловске,город,Петропавловск
НПК,71,Шоканов,Нурсултан Нурланович,1986,40,м,председатель ОО «Народная партия Казахстана»,городе Алматы,город,Алматы
НПК,72,Шонаева,Елена Геннадьевна,1983,43,ж,руководитель управления тарифообразования и методологии оплаты медицинских услуг Министерства здравоохранения Республики Казахстан,городе Астане,город,Астана
ОСДП,1,Абенова,Анаргул Жаксагалиевна,1973,53,ж,председатель Западно-Казахстанского областного филиала «ОСДП»,городе Уральск,город,Уральск
ОСДП,2,Ақылбай,Арман Серікұлы,1983,43,м,"Министерство юстиции Республики Казахстан, директор департамента по работе с персоналом",городе Астане,город,Астана
ОСДП,3,Аленова,Аружан Дарменовна,2000,26,ж,исполняющий обязанности председателя Актюбинского областного филиала «ОСДП»,городе Актобе,город,Актобе
ОСДП,4,Алшынбай,Ару Мұратқызы,2000,26,ж,руководитель женского крыла Акмолинского областного филиала «ОСДП»,городе Кокшетау,город,Кокшетау
ОСДП,5,Андрюшин,Максим Валерьевич,1968,58,м,журналист центрального аппарата «ОСДП»,городе Астане,город,Астана
ОСДП,6,Аубакиров,Нурлан Какимович,1970,56,м,председатель Карагандинского областного филиала «ОСДП»,городе Караганде,город,Караганда
ОСДП,7,Аубакирова,Раушан Абдрахманқызы,1987,39,ж,руководитель женского крыла Столичного филиала «ОСДП»,городе Астане,город,Астана
ОСДП,8,Ауесбаев,Нурлан Сатыбалдиевич,1957,69,м,депутат Мажилиса Парламента VIII созыва,городе Астане,город,Астана
ОСДП,9,Әбдиев,Еркін Қайырбекұлы,1998,28,м,руководитель молодежного крыла Жамбылского областного филиала «ОСДП»,городе Тараз,город,Тараз
ОСДП,10,Баекенов,Камбар Абдысатарович,1979,47,м,специалист «ОСДП» по Алматинской области,городе Конаев,город,Конаев
ОСДП,11,Балтабайқызы,Нурия,1975,51,ж,председатель национальной ассоциации «AUTISM KAZAKHSTAN»,городе Астане,город,Астана
ОСДП,12,Бугабаев,Сапарбай Дуйсенович,1959,67,м,председатель Туркестанского областного филиала «ОСДП»,городе Туркестан,город,Туркестан
ОСДП,13,Дауренбеков,Ержан Каханович,1982,44,м,председатель Жамбылского областного филиала «ОСДП»,городе Тараз,город,Тараз
ОСДП,14,Джаканов,Дамир Сатпаевич,1990,36,м,председатель Костанайского областного филиала «ОСДП»,городе Костанай,город,Костанай
ОСДП,15,Джусупова,Роза Кенженовна,1967,59,ж,председатель Павлодарского областного филиала «ОСДП»,городе Павлодар,город,Павлодар
ОСДП,16,Жабаев,Нурлан Койшыбаевич,1979,47,м,исполнительный секретарь центрального аппарата «ОСДП»,городе Астане,город,Астана
ОСДП,17,Жанғали,Ілияс Әбілқазыұлы,1993,33,м,председатель Акмолинского областного филиала «ОСДП»,городе Кокшетау,город,Кокшетау
ОСДП,18,Калгин,Виктор Евгеньевич,1981,45,м,председатель Восточно-Казахстанского областного филиала «ОСДП»,городе Усть-Каменогорск,город,Усть-Каменогорск
ОСДП,19,Камалова,Нурайнаш Балтабаевна,1977,49,ж,председатель Атырауского областного филиала «ОСДП»,городе Атырау,город,Атырау
ОСДП,20,Кульмагамбетов,Аслан Мухтарович,1978,48,м,аналитик Столичного филиала «ОСДП»,городе Астане,город,Астана
ОСДП,21,Кусаинова,Анара Бахытовна,1974,52,ж,"адвокат коллегии адвокатов Восточно-Казахстанской области, член президиума Республиканской коллегии адвокатов",городе Астане,город,Астана
ОСДП,22,Ли,Лариса Юрьевна,1978,48,ж,руководитель партийного проекта PANA,городе Конаев,город,Конаев
ОСДП,23,Мукаманов,Жасулан Мирзахметович,1978,48,м,председатель филиала области Жетысу «ОСДП»,городе Текели,город,Текели
ОСДП,24,Мынбаев,Сакен Саламатович,1988,38,м,исполняющий обязанности председателя Мангистауского областного филиала «ОСДП»,городе Актау,город,Актау
ОСДП,25,Насибулов,Мақсұт Бейбитұлы,1992,34,м,"руководитель центрального аппарата «ОСДП», председатель молодежного крыла",городе Астане,город,Астана
ОСДП,26,Нурлыбеков,Нурым Комекович,1980,46,м,председатель Алматинского областного филиала «ОСДП»,городе Конаев,город,Конаев
ОСДП,27,Нұржау,Қуандық Оңдасынұлы,1979,47,м,исполняющий обязанности председателя Шымкентского городского филиала «ОСДП»,городе Шымкент,город,Шымкент
ОСДП,28,Рахимжанов,Асхат Нурмагамбетович,1983,43,м,"председатель партии «ОСДП», Депутат Мажилиса Парламента VIII созыва",городе Астане,город,Астана
ОСДП,29,Сагандыкова,Ажар Бахитовна,1971,55,ж,"руководитель Женского крыла «ОСДП», Депутат Мажилиса Парламента VIII созыва",городе Астане,город,Астана
ОСДП,30,Сайлаубай,Наурыз Саятұлы,1994,32,м,"руководитель молодежного крыла «ОСДП», Депутат Мажилиса Парламента VIII созыва",городе Астане,город,Астана
ОСДП,31,Самбетбай,Тазабек Дакенайұлы,1980,46,м,заместитель председателя партии «ОСДП»,городе Астане,город,Астана
ОСДП,32,Сарманов,Рустем Сабитович,1989,37,м,председатель филиала «ОСДП» области Абай,городе Семей,город,Семей
ОСДП,33,Татиков,Талгат Кайруллович,1961,65,м,эксперт Столичного филиала «ОСДП» по жилищно-коммунальному хозяйству и объединению собственников имущества,городе Астане,город,Астана
Әділет,1,Абдикешов,Алмат Жанболатович,1984,42,м,исполнительный директор ТОО «Казахмыс Барлау»,городе Косшы,город,Косшы
Әділет,2,Абенов,Мурат Абдуламитович,1965,61,м,депутат Мажилиса Парламента РК VIII созыва,городе Астане,город,Астана
Әділет,3,Абилева,Айымгул Акылбаевна,1990,36,ж,президент Казахстанской ассоциации IT-компаний,городе Астане,город,Астана
Әділет,4,Авершин,Константин Викторович,1976,50,м,депутат Мажилиса Парламента РК VIII созыва,городе Астане,город,Астана
Әділет,5,Адаев,Ербол Даненович,1978,48,м,заведующий Общим отделом Администрации Президента Республики Казахстан,городе Астане,город,Астана
Әділет,6,Адамбаева,Алия Раймкуловна,1984,42,ж,президент Фонда Президентских инициатив «Dara»,городе Астане,город,Астана
Әділет,7,Адамбек,Кендебай Сарыбайұлы,1965,61,м,депутат маслихата города Астаны,городе Астане,город,Астана
Әділет,8,Адамбеков,Тилектес Серикбайулы,1989,37,м,депутат Мажилиса Парламента РК VIII созыва,городе Астане,город,Астана
Әділет,9,Аймагамбетов,Асхат Канатович,1982,44,м,"депутат Мажилиса Парламента РК VIII созыва, преподаватель МNU",городе Астане,город,Астана
Әділет,10,Аймаганова,Айжан Талгатовна,1987,39,ж,экс-начальник управления прокуратуры по городу Астана,городе Астане,город,Астана
Әділет,11,Алимкулов,Бекжан Мухидинұлы,1989,37,м,заместитель исполнительного директора Некоммерческая организация «Atomic Industry Development Association Non-profit Organisation»,городе Астане,город,Астана
Әділет,12,Алтай,Абай,1991,35,м,заместитель управляющего Управления делами Президента Республики Казахстан,городе Астане,город,Астана
Әділет,13,Амантай,Жаркынбек,1988,38,м,депутат Мажилиса Парламента РК VIII созыва,городе Астане,город,Астана
Әділет,14,Амиргалиев,Мадияр Орынтаевич,1986,40,м,председатель маслихата Жамбылского района Алматинской области,Алматинской области,область,Алматинская область
Әділет,15,Аскеров,Эмин Халилович,1983,43,м,председатель «Social Innovation Hub»,городе Астане,город,Астана
Әділет,16,Атабаева,Гульзира Нуржановна,1994,32,ж,председатель РОО ПОФ «Казахстанский отраслевой профессиональный союз малого и среднего бизнеса»,городе Астане,город,Астана
Әділет,17,Атамкулова,Гульназ Турехановна,1968,58,ж,"независимый директор, член комитета АО «Самрук-Казына»",городе Астане,город,Астана
Әділет,18,Ахмедиев,Дархан Мейрамулы,1990,36,м,заместитель министра обороны Республики Казахстан,городе Астане,город,Астана
Әділет,19,Ахметов,Сабит Мейрамович,1979,47,м,директор РГП «Национальный институт интеллектуальной собственности» Министерства юстиции Республики Казахстан,городе Астане,город,Астана
Әділет,20,Ахметов,Съезбек Рахышевич,1971,55,м,"учредитель медицинского центра «Жан-Ер», доцент НАО «Медицинский университет Семей»",городе Семее,город,Семей
Әділет,21,Ашимжанов,Жанарбек Садыканович,1976,50,м,депутат Мажилиса Парламента Республики Казахстан VIII созыва,городе Астане,город,Астана
Әділет,22,Ашимова,Аяужан Турсынбековна,1982,44,ж,директор Института анализа и прогнозирования,городе Усть-Каменогорске,город,Усть-Каменогорск
Әділет,23,Ашимова,Ульяна Жумагалиевна,1984,42,ж,журналист телеканала «Jibek Joly/Silk Way» РГП «Телерадиокомплекс Президента Республики Казахстан»,городе Петропавловске,город,Петропавловск
Әділет,24,Әбілов,Алпамыс Сұнгатұлы,1999,27,м,пресс-секретарь МОО «Жаңа адамдар»,городе Астане,город,Астана
Әділет,25,Баденова,Асель Жанбулатовна,1989,37,ж,директор МОО «Жаңа адамдар»,городе Астане,город,Астана
Әділет,26,Базенов,Айрат Базенович,1976,50,м,проректор института Алихана Бокейхана,городе Семее,город,Семей
Әділет,27,Байбеков,Шалкар Заманбекович,1967,59,м,председатель маслихата области Абай,городе Семее,город,Семей
Әділет,28,Байсакова,Зульфия Мухамедбековна,1966,60,ж,директор ОЮЛ «Союз кризисных центров»,городе Алматы,город,Алматы
Әділет,29,Байтурсынов,Ғиззат Сейдахметұлы,1994,32,м,вице-министр искусственного интеллекта и цифрового развития Республики Казахстан,городе Астане,город,Астана
Әділет,30,Бақытбекұлы,Нұркен,1978,48,м,директор ТОО «Ер-Ару»,городе Кызылорде,город,Кызылорда
Әділет,31,Балтабаев,Адиль Серикулы,1997,29,м,"шеф-редактор Агентства «Хабар», телеканала «24KZ»",городе Астане,город,Астана
Әділет,32,Балташева,Айнагуль Кыдырбаевна,1972,54,ж,руководитель Управления образования Акмолинской области,городе Кокшетау,город,Кокшетау
Әділет,33,Басин,Вадим Борисович,1962,64,м,генеральный директор АО «QARMET»,городе Темиртау,город,Темиртау
Әділет,34,Батырбеков,Эрлан Гадлетович,1961,65,м,генеральный директор РГП «Национальный ядерный центр Республики Казахстан»,городе Курчатове,город,Курчатов
Әділет,35,Батырхан,Жолдас Нұрланұлы,1978,48,м,заместитель акима Актюбинской области,городе Актобе,город,Актобе
Әділет,36,Башимов,Марат Советович,1966,60,м,депутат Мажилиса Парламента Республики Казахстан VIII созыва,городе Астане,город,Астана
Әділет,37,Баялиев,Рустам Ахатханович,1975,51,м,посол по особым поручениям Министерства иностранных дел Республики Казахстан,городе Астане,город,Астана
Әділет,38,Баялышбаев,Елдос Кайыркенұлы,1992,34,м,директор реабилитационного центра,городе Талдыкоргане,город,Талдыкорган
Әділет,39,Бежецкий,Сергей Владимирович,1969,57,м,председатель правления АО «Ульбинский металлургический завод»,городе Усть-Каменогорске,город,Усть-Каменогорск
Әділет,40,Бекназаров,Нурлан Кудиярович,1964,62,м,депутат Сената Парламента Республики Казахстан,городе Астане,город,Астана
Әділет,41,Бектуров,Ренат Нурмолдаевич,1984,42,м,управляющий Международным финансовым центром «Астана»,городе Астане,город,Астана
Әділет,42,Беркимбаев,Берик Серикович,1980,46,м,заместитель акима города Шымкент,городе Шымкенте,город,Шымкент
Әділет,43,Беспалинов,Берген Маратович,1975,51,м,председатель филиала «Партия «Әділет» Акмолинской области,городе Кокшетау,город,Кокшетау
Әділет,44,Бирмагамбетов,Наурызбек Мерекешевич,1992,34,м,председатель ОФ «Экологический клуб «NECO»,городе Костанае,город,Костанай
Әділет,45,Битемиров,Даурен Мухтарович,1984,42,м,директор ТОО «Зерде-Фарм»,Туркестанской области,область,Туркестанская область
Әділет,46,Больгерт,Евгений Андреевич,1984,42,м,депутат Сената Парламента Республики Казахстан,городе Астане,город,Астана
Әділет,47,Буршаков,Сатыбалды Ересович,1968,58,м,чрезвычайный и полномочный посол Казахстана в Республике Северная Македония,городе Астане,город,Астана
Әділет,48,Газдиева,Белла Асланбековна,1982,44,ж,"ассоциированный профессор кафедры общего языкознания и литературы Кокшетауского университета им. Ш. Уалиханова, разработка курсов по лингвистике, билингвизму, мультилингвизму и языковой политике; руководство студенческими и магистерскими исследованиями",городе Кокшетау,город,Кокшетау
Әділет,49,Годунова,Наталья Николаевна,1972,54,ж,независимый директор совета директоров АО НК «КТЖ»,городе Астане,город,Астана
Әділет,50,Данағұлов,Ербол Жеткергенұлы,1981,45,м,секретарь Актюбинского областного филиала «Партия «Әділет»,городе Актобе,город,Актобе
Әділет,51,Данбаева,Жулдыз Сейткамзиновна,1965,61,ж,директор ГКП на ПХВ «Многопрофильная городская больница №3»,городе Астане,город,Астана
Әділет,52,Данилов,Александр Сергеевич,1991,35,м,сооснователь аналитической платформы «Astana open dialogue»,городе Астане,город,Астана
Әділет,53,Дауталиев,Казыбек Нурсеитович,1983,43,м,директор филиала Академии государственного управления при Президенте Республики Казахстан по Алматинской области,Алматинской области,область,Алматинская область
Әділет,54,Дәдебай,Айбек Арқабайұлы,1980,46,м,председатель «Партии «Әділет»,городе Астане,город,Астана
Әділет,55,Джамалов,Бауыржан Салдарович,1971,55,м,председатель Совета директоров ТОО «AZALA Group» и АО «Жалтырбулак»,Туркестанской области,область,Туркестанская область
Әділет,56,Джаманкулова,Карлыгаш Калибековна,1982,44,ж,президент Международного фонда защиты свободы слова «Әділ сөз»,городе Астане,город,Астана
Әділет,57,Джансенгиров,Арман Серикович,1985,41,м,директор Талдыкорганской городской многопрофильной больницы,городе Талдыкоргане,город,Талдыкорган
Әділет,58,Ділдәбек,Дидарбек Жұмағалиұлы,1997,29,м,председатель Алматинского городского филиала Жастар Рухы,городе Алматы,город,Алматы
Әділет,59,Дулатбеков,Нурлан Орынбасарович,1962,64,м,ректор Карагандинского национального исследовательского университета им. Е.А. Букетова,городе Караганде,город,Караганда
Әділет,60,Егамбердиева,Динара Асиловна,1988,38,ж,директор «Асыл – LTD»,Туркестанской области,область,Туркестанская область
Әділет,61,Елеусизова,Бота Сериковна,1975,51,ж,аким Уйгурского района Алматинской области,Алматинской области,область,Алматинская область
Әділет,62,Ералиев,Бегалы Ералиевич,1970,56,м,директор ТОО «Азия Газкубыры»,городе Тараз,город,Тараз
Әділет,63,Ералиев,Магжан Абзалович,1989,37,м,директор полного товарищества «Абзал и К»,городе Кызылорде,город,Кызылорда
Әділет,64,Ергарин,Даурен Тлекович,1982,44,м,заведующий отделом правоохранительной системы Администрации Президента Республики Казахстан,городе Астане,город,Астана
Әділет,65,Ергешбек,Нұрсадық,1972,54,м,советник акима Туркестанской области,городе Туркестане,город,Туркестан
Әділет,66,Ерназар,Шынасыл Жеңісұлы,1992,34,м,"заместитель председателя правления, член правления АО «Жасыл даму»",городе Астане,город,Астана
Әділет,67,Ерниязова,Айсулу Алимжановна,1994,32,ж,руководитель Управления по вопросам молодежной политики Карагандинской области,городе Караганде,город,Караганда
Әділет,68,Есимханов,Сунгат Куатович,1973,53,м,вице-министр энергетики Республики Казахстан,городе Астане,город,Астана
Әділет,69,Есматов,Серик Аманжолулы,1998,28,м,паралимпиец,городе Алматы,город,Алматы
Әділет,70,Жакселекова,Ботагоз Шаймардановна,1980,46,ж,вице-министр юстиции Республики Казахстан,городе Астане,город,Астана
Әділет,71,Жукебаев,Алмат Отаубаевич,1983,43,м,директор ТОО «GR Kenes»,городе Жезказгане,город,Жезказган
Әділет,72,Жумагазиев,Эльдар Тынышбаевич,1973,53,м,внештатный советник Председателя «Партии «Әділет» по предпринимательскому крылу,городе Астане,город,Астана
Әділет,73,Жылкыбаева,Ляззат Ауесхановна,1975,51,ж,аким района Жетысу города Алматы,городе Алматы,город,Алматы
Әділет,74,Закиева,Динара Болатовна,1982,44,ж,соучредитель Благотворительного фонда «Қасиетті жол»,городе Астане,город,Астана
Әділет,75,Зенченко,Геннадий Геннадьевич,1964,62,м,директор КТ «Зенченко и компания»,Северо-Казахстанской области,область,Северо-Казахстанская область
Әділет,76,Ильясов,Еркебулан Сайдуллаевич,1985,41,м,генеральный директор ТОО «Alageum Electric»,городе Астане,город,Астана
Әділет,77,Имашева,Снежанна Валерьевна,1981,45,ж,депутат Мажилиса Парламента Республики Казахстан VIII созыва,городе Астане,город,Астана
Әділет,78,Искандерова,Ақерке Нұрғалиқызы,1997,29,ж,председатель Молодежного крыла «Жастар Рухы»,городе Астане,город,Астана
Әділет,79,Кажибаева,Раушан Жанабергеновна,1978,48,ж,директор РГП на ПХВ «Телерадиокомплекс Президента РК» Управления делами Президента Республики Казахстан,городе Астане,город,Астана
Әділет,80,Каипов,Даурен Айтасович,1985,41,м,секретарь Жамбылского областного филиала «Партии «Әділет»,городе Астане,город,Астана
Әділет,81,Кайдарова,Диляра Радиковна,1967,59,ж,первый проректор Казахского Национального медицинского университета имени С.Д.Асфендиярова,городе Алматы,город,Алматы
Әділет,82,Калижанова,Сандугаш Каиргельдиновна,1973,53,ж,председатель комиссии экономики и бюджета маслихата Павлодарской области,городе Павлодаре,город,Павлодар
Әділет,83,Калыков,Арман Кобыландынович,1973,53,м,депутат Мажилиса Парламента Республики Казахстан VIII созыва,городе Караганде,город,Караганда
Әділет,84,Карабасова,Лаура Чапаевна,1987,39,ж,председатель правления-ректор НАО «Актюбинский региональный университет имени К.Жубанова»,городе Астане,город,Астана
Әділет,85,Кариева,Шолпан Кайратовна,1991,35,ж,председатель межотраслевого совета женского предпринимательства,городе Таразе,город,Тараз
Әділет,86,Карин,Ерлан Тынымбайұлы,1976,50,м,первый заместитель руководителя Администрации Президента Республики Казахстан,городе Астане,город,Астана
Әділет,87,Каринова,Шолпан Танаткызы,1972,54,ж,внештатный советник Председателя «Партии «Әділет» по вопросам образования,городе Астане,город,Астана
Әділет,88,Кәрібек,Дәулет Жамаубайұлы,1990,36,м,внештатный советник Председателя «Партии «Әділет» по проектам,городе Астане,город,Астана
Әділет,89,Кемалов,Мейрамбай Тамабаевич,1969,57,м,пенсионер,городе Астане,город,Астана
Әділет,90,Кенжеханұлы,Рауан,1979,47,м,президент ОО «Международный фонд казахского языка»,городе Астане,город,Астана
Әділет,91,Керимбаева,Наргиза Абайдуллаевна,1981,45,ж,"генеральный директор ТОО «Retail Stores Kazakhstan», президент БОФ «Mobil Plus Komek»",городе Шымкенте,город,Шымкент
Әділет,92,Кисикова,Актоты Жанараловна,1975,51,ж,директор средней школы № 7 города Аркалык,городе Аркалыке,город,Аркалык
Әділет,93,Кобеева,Алтынай Орманкалиевна,1972,54,ж,директор ОФ «Информационно-ресурсный центр»,городе Алматы,город,Алматы
Әділет,94,Кожаев,Марат Шадетханович,1964,62,м,депутат Сената Парламента Республики Казахстан,городе Астане,город,Астана
Әділет,95,Кожаниязов,Серик Салаватович,1965,61,м,вице-президент АО «Петро Казахстан Құмкөл»,Кызылординской области,область,Кызылординская область
Әділет,96,Кожахметова,Лаззат Таймыровна,1976,50,ж,заместитель директора «Қоғамдық келісім»,городе Астане,город,Астана
Әділет,97,Кузиева,Замира Закиржановна,1996,30,ж,председатель правления группы компаний «Универсал»,городе Астане,город,Астана
Әділет,98,Куйкабаев,Аскар Нуртуганович,1987,39,м,"директор «КБТО», руководитель филиала ТОО «Корпорация Казахмыс»",городе Караганде,город,Караганда
Әділет,99,Кучинская,Юлия Владимировна,1982,44,ж,депутат Мажилиса Парламента Республики Казахстан VIII созыва,городе Астане,город,Астана
Әділет,100,Қамзабекұлы,Дихан,1966,60,м,генеральный директор ТОО «Қазақ газеттері»,городе Астане,город,Астана
Әділет,101,Құрмансейіт,Ақжол Ахатұлы,1990,36,м,секретарь областного филиала «Партия «Әділет» области Ұлытау,городе Жезказган,город,Жезказган
Әділет,102,Құрметұлы,Абылай,1994,32,м,руководитель Атырауского областного филиала МК «Жастар Рухы»,городе Атырау,город,Атырау
Әділет,103,Лаврентьев,Андрей Сергеевич,1979,47,м,председатель Совета директоров АО «Группа компаний «Аллюр»,городе Астане,город,Астана
Әділет,104,Маралов,Даурен Адилмырзаевич,1980,46,м,председатель Совета директоров АО «Алтын»,городе Алматы,город,Алматы
Әділет,105,Матжани,Нурбек Сеилханулы,1989,37,м,ведущий РГП на ПХВ «Телерадиокомплекс Президента Республики Казахстан Управления делами Президента Республики Казахстан»,городе Астане,город,Астана
Әділет,106,Медеуова,Дана Теміртайқызы,1978,48,ж,менеджер ТОО «ДЦР Funny School»,городе Астане,город,Астана
Әділет,107,Мекеева,Жанат Жумагазиновна,1979,47,ж,секретарь Восточно-Казахстанского областного филиала партии «Әділет»,городе Усть-Каменогорске,город,Усть-Каменогорск
Әділет,108,Мусин,Багдат Батырбекович,1983,43,м,председатель правления АО «Казахтелеком»,городе Астане,город,Астана
Әділет,109,Муталип,Шахмурат,1990,36,м,"председатель наблюдательного совета ТОО «Интегра Констракшн КЗ», президент Федерации бокса Казахстана, член Совета менеджеров ERG",городе Астане,город,Астана
Әділет,110,Мухамбедиев,Муратбек Кайрсапиевич,1987,39,м,учредитель ТОО «КазКонстракшн Групп»,городе Уральске,город,Уральск
Әділет,111,Муханбетжанова,Алия Бигазиевна,1978,48,ж,аким Теректинского района Западно-Казахстанской области,Западно-Казахстанской области,область,Западно-Казахстанская область
Әділет,112,Мухтарова,Назгуль Батыржановна,1990,36,ж,заведующий сектором Канцелярии Президента Республики Казахстан,городе Астане,город,Астана
Әділет,113,Мұсылманбек,Ерқанат Серікұлы,1992,34,м,директор Палаты предпринимателей Акмолинской области,городе Кокшетау,город,Кокшетау
Әділет,114,Мырзағараев,Мади Жомартұлы,1975,51,м,председатель республиканской палаты адвокатов,городе Уральске,город,Уральск
Әділет,115,Наимбекова,Айжан Избасхановна,1972,54,ж,директор ТОО «Барыс 2007»,городе Шымкенте,город,Шымкент
Әділет,116,Нарымбетов,Бахадыр Мадалиевич,1972,54,м,председатель маслихата города Шымкент,городе Шымкенте,город,Шымкент
Әділет,117,Нахбаева,Гүлісхан Сайфулинқызы,1991,35,ж,директор научно-исследовательского центра «Молодежь»,городе Астане,город,Астана
Әділет,118,Ниязалиев,Нуржан Ауезович,1989,37,м,председатель наблюдательного совета ТОО «РСИТА АЗИЯ»,городе Алматы,город,Алматы
Әділет,119,Нургалиев,Ербол Жолдаспекович,1975,51,м,заместитель акима Восточно-Казахстанской области,городе Усть-Каменогорске,город,Усть-Каменогорск
Әділет,120,Нурмухамедов,Бурихан Жолбарисович,1963,63,м,директор ТОО «Salem Turkestan»,городе Алматы,город,Алматы
Әділет,121,Осин,Кирилл Владимирович,1986,40,м,директор «ЭкоМангистау»,городе Актау,город,Актау
Әділет,122,Оспанбеков,Амирбек Канатбекович,1982,44,м,экс-руководитель Представительства Президента Республики Казахстан в Парламенте,городе Астане,город,Астана
Әділет,123,Оспанов,Шота Сабитбекович,1968,58,м,советник акима Костанайской области,городе Костанай,город,Костанай
Әділет,124,Павленко,Дмитрий Иванович,1971,55,м,директор КГКП «Костанайский высший колледж автомобильного транспорта»,городе Костанае,город,Костанай
Әділет,125,Парсегова,Анжелика Борисовна,1987,39,ж,индивидуальный предприниматель «Парсегова А.Б.»,городе Астане,город,Астана
Әділет,126,Перепечина,Ольга Валентиновна,1967,59,ж,депутат Сената Парламента Республики Казахстан,городе Петропавловске,город,Петропавловск
Әділет,127,Петров,Константин Викторович,1969,57,м,заместитель руководителя службы правового обеспечения «Партии «Әділет»,городе Астане,город,Астана
Әділет,128,Пономарёв,Сергей Михайлович,1961,65,м,депутат Мажилиса Парламента Республики Казахстан VIII созыва,городе Астане,город,Астана
Әділет,129,Пулатов,Шерзод Аббозович,1978,48,м,председатель ОО «Узбекский этнокультурный центр города Астаны»,городе Астане,город,Астана
Әділет,130,Разбекова,Ляззат Муратовна,1974,52,ж,директор колледжа Технологий,городе Астане,город,Астана
Әділет,131,Рамазанова,Наталья Сергеевна,1991,35,ж,руководитель КГУ «Қоғамдық келісім» Управления общественного развития акимата Костанайской области,городе Костанае,город,Костанай
Әділет,132,Рахметова,Айзада Нурлановна,1991,35,ж,председатель маслихата района Магжана Жумабаева Северо-Казахстанской области,Северо-Казахстанской области,область,Северо-Казахстанская область
Әділет,133,Рожин,Максим Николаевич,1983,43,м,депутат Мажилиса Парламента Республики Казахстан VIII созыва,городе Астане,город,Астана
Әділет,134,Рымжанов,Мади Рысбекович,1978,48,м,директор Общественного Фонда «Национальный фонд поддержки спорта «Дала Қырандары»,городе Астане,город,Астана
Әділет,135,Сабитова,Айнур Алимхановна,1975,51,ж,директор Института Сорбонна-Казахстан,городе Алматы,город,Алматы
Әділет,136,Савельева,Татьяна Михайловна,1976,50,ж,депутат Мажилиса Парламента Республики Казахстан VIII созыва,городе Астане,город,Астана
Әділет,137,Сагимбаева,Жулдуз Абдипулатовна,1992,34,ж,заместитель секретаря Карагандинского областного филиала «Партия «Әділет»,городе Караганде,город,Караганда
Әділет,138,Сагинов,Замир Садыкович,1966,60,м,председатель правления АО «Автобусный парк 1»,городе Астане,город,Астана
Әділет,139,Садвакасова,Динара Тайбасаровна,1988,38,ж,главный консультант Қазақстан Халық Кеңесі,городе Астане,город,Астана
Әділет,140,Сайланбаев,Алибек Айдосулы,1995,31,м,управляющий директор АО «Национальные информационные технологии»,городе Астане,город,Астана
Әділет,141,Сайыр,Ерлан Биахметұлы,1970,56,м,депутат Мажилиса Парламента Республики Казахстан VIII созыва,городе Астане,город,Астана
Әділет,142,Сапарова,Эльмира Карифуллаевна,1978,48,ж,директор КГП на ПХВ «Атырауский областной онкологический диспансер»,городе Атырау,город,Атырау
Әділет,143,Сартбаева,Әсем Бахытқызы,1995,31,ж,директор PR департамента «Қазатомпром өнеркәсіп»,городе Астане,город,Астана
Әділет,144,Сарым,Айдос Әміроллаұлы,1975,51,м,депутат Мажилиса Парламента Республики Казахстан VIII созыва,городе Астане,город,Астана
Әділет,145,Себасов,Марат Бакбергенович,1981,45,м,заместитель директора департамента «Қаражанбасмұнай»,городе Актау,город,Актау
Әділет,146,Семидоцких,Елена Александровна,1984,42,ж,индивидуальный предприниматель «Семидоцкая»,городе Петропавловске,город,Петропавловск
Әділет,147,Скакова,Айжан Амангельдиевна,1977,49,ж,председатель ОО «Қазақ табиғат қорғау»,городе Алматы,город,Алматы
Әділет,148,Смышляева,Екатерина Васильевна,1982,44,ж,депутат Мажилиса Парламента Республики Казахстан VIII созыва,городе Костанае,город,Костанай
Әділет,149,Соловьёва,Ирина Анатольевна,1970,56,ж,директор Литературно-мемориального музея им. Ф.М. Достоевского,городе Семее,город,Семей
Әділет,150,Солтабаева,Эльзира Ауесхановна,1982,44,ж,"региональный уполномоченный по правам ребенка в области Абай, руководитель ОЮЛ «Гражданский Альянс» области Абай",городе Семее,город,Семей
Әділет,151,Сулаймонова,Русана Руслановна,1999,27,ж,директор Общественного Фонда «Павлодарский штаб студенческих строительных и молодежных отрядов «Жасыл Ел»,городе Павлодаре,город,Павлодар
Әділет,152,Сулейменова,Айсулу Канатовна,1991,35,ж,ведущий инженер ТОО «Корпорация Казахмыс»,городе Астане,город,Астана
Әділет,153,Сулейменова,Жулдыз Досбергеновна,1983,43,ж,Министр образования и просвещения,городе Астане,город,Астана
Әділет,154,Сүгірбай,Аят Исатайұлы,1982,44,м,председатель Общественного объединения «Ұлттық рух»,городе Актау,город,Актау
Әділет,155,Талаева,Таттыгуль Жаксыбаевна,1967,59,ж,генеральный директор «ТОО ТРК «Тандым»,городе Актобе,город,Актобе
Әділет,156,Талғатбекова,Нұргүл Ахатқызы,2000,26,ж,председатель Улытауского областного филиала МОО «Жастар Рухы»,городе Жезказгане,город,Жезказган
Әділет,157,Тамабек,Әбілхайыр Ғалымұлы,1994,32,м,заместитель акима Жамбылской области,городе Таразе,город,Тараз
Әділет,158,Тауан,Мухамедкали Эдуардович,1987,39,м,генеральный директор Медиахолдинга Uni-Q Group,городе Астане,город,Астана
Әділет,159,Темербаева,Айжан Маратовна,1990,36,ж,ректор META University,городе Алматы,город,Алматы
Әділет,160,Тен,Ирина Сергеевна,1992,34,ж,телеведущая РТРК «Qazaqstan»,городе Астане,город,Астана
Әділет,161,Теңізбаев,Нұрбақыт Молдахметұлы,1983,43,м,аким Кегенского района области Жетісу,области Жетісу,область,область Жетісу
Әділет,162,Теренченко,Илья Сергеевич,1983,43,м,председатель маслихата Павлодарской области,городе Павлодаре,город,Павлодар
Әділет,163,Тлемисов,Турарбек Тлемисович,1972,54,м,учредитель ТОО «Жайык-Таза қала»,городе Уральске,город,Уральск
Әділет,164,Тойлыбаева,Гулнар Кожагуловна,1967,59,ж,председатель маслихата области Жетісу,городе Талдыкоргане,город,Талдыкорган
Әділет,165,Тоқтамұрат,Армангүл,1985,41,ж,"ведущий и продюсер интерактивного проекта АО РТРК «Qazaqstan», «Жедел желі»",городе Астане,город,Астана
Әділет,166,Тоқшалық,Ерлан Бейсенұлы,1977,49,м,директор ТОО «Муниципальное телевидение»,городе Петропавловске,город,Петропавловск
Әділет,167,Толыбаев,Нурлан Алишерович,1986,40,м,председатель Туркестанского областного филиала «Партия «Әділет»,городе Шымкенте,город,Шымкент
Әділет,168,Төлегенов,Асылжан Қанатұлы,1994,32,м,главный специалист по внутреннему контролю Департамента риск-менеджмента ТОО «Корпорация Казахмыс»,городе Караганде,город,Караганда
Әділет,169,Тулеушин,Каныш Аманбаевич,1983,43,м,заместитель председателя «Партия «Әділет»,городе Астане,город,Астана
Әділет,170,Туренова,Калия Батталовна,1966,60,ж,секретарь Северо-Казахстанского областного филиала «Партия «Әділет»,городе Петропавловске,город,Петропавловск
Әділет,171,Урисбаев,Аббат Жангирханович,1981,45,м,заместитель акима Мангистауской области,городе Актау,город,Актау
Әділет,172,Усанова,Руфина Касымовна,1984,42,ж,"заместитель директора РГП «Қоғамдык келісім», КМО МКИ РК",городе Талдыкоргане,город,Талдыкорган
Әділет,173,Фазылжан,Анар Мұратқызы,1974,52,ж,директор Института языкознания имени А.Байтурсынулы,городе Алматы,город,Алматы
Әділет,174,Хаирова,Асель Ануаровна,1972,54,ж,генеральный директор ТОО «Сенчури Интегрейшн»,городе Алматы,город,Алматы
Әділет,175,Хайруллиев,Мұса Қарашаұлы,1984,42,м,председатель маслихата Атырауский области,городе Атырау,город,Атырау
Әділет,176,Хайруллин,Арман Габидуллаевич,1984,42,м,председатель постоянной комиссии Атырауского областного маслихата по вопросам экологии и природопользования,городе Атырау,город,Атырау
Әділет,177,Хамза,Еділ Талғатұлы,1996,30,м,региональный руководитель по городу Кокшетау МОО «Дала Қырандары»,городе Астане,город,Астана
Әділет,178,Чинкисбаева,Лаззат Алтынбековна,1977,49,ж,председатель правления Общественного фонда «Қазақстан халқына»,городе Талдыкоргане,город,Талдыкорган
Әділет,179,Шагиртаев,Имамзада Куанышбаевич,1969,57,м,директор «ТАН ЛТД»,Кызылординской области,область,Кызылординская область
Әділет,180,Шалбаева,Айгуль Дуйсеновна,1973,53,ж,"председатель постоянной комиссии по здравоохранению, образованию и занятости маслихата города Алматы",городе Алматы,город,Алматы
Әділет,181,Шапак,Унзила,1973,53,ж,депутат Мажилиса Парламента Республики Казахстан VIII созыва,городе Астане,город,Астана
Әділет,182,Шаталов,Никита Сергеевич,1992,34,м,депутат Мажилиса Парламента Республики Казахстан VIII созыва,городе Астане,город,Астана
Әділет,183,Шермағанбет,Мейрамбек Зинабдинұлы,1972,54,м,заместитель акима Кызылординской области,городе Кызыорде,город,Кызылорда
Әділет,184,Шибутов,Марат Максумович,1977,49,м,заместитель директора ОФ «Международный институт»,городе Алматы,город,Алматы
Әділет,185,Щербаков,Станислав Александрович,1987,39,м,заместитель Генерального директора ТОО «АЛАСЕМ»,области Жетісу,область,область Жетісу
Әділет,186,Юлдашев,Мамирхан Муталибович,1979,47,м,директор «Туркестан ет өнімдері»,Туркестанской области,область,Туркестанская область
